
=== [full_regression] START ===

================================================================
       CUSTOM GPU - FULL TEST SUITE                             
       Designed for GPT-2 Inference on FPGA                     
================================================================

--- Phase 1: Core Compute Primitives ---
  [P1] zero_detect_mult ... 7/7 PASS
  [P1] variable_precision_alu ... 9/9 PASS
  [P1] sparse_memory_ctrl ... 6/6 PASS
  [P1] fused_dequantizer ... 8/8 PASS
  [P1] gpu_top ... 5/5 PASS

--- Phase 2: Extended Compute Modules ---
  [P2] mac_unit ... 8/8 PASS
  [P2] systolic_array ... 3/3 PASS
  [P2] gelu_activation ... 9/9 PASS
  [P2] softmax_unit ... 5/5 PASS

--- Phase 3: Transformer Building Blocks ---
  [P3] layer_norm ... 3/3 PASS
  [P3] linear_layer ... 2/2 PASS
  [P3] attention_unit ... 2/2 PASS
  [P3] ffn_block ... 1/1 PASS

--- Phase 4: GPT-2 Full Pipeline ---
  [P4] embedding_lookup ... 2/2 PASS
  [P4] gpt2_engine_FULL ... 1/1 PASS
  [P4] accel_gpt2_engine ... 3/3 PASS

--- Phase 5: Memory Interface ---
  [P5] axi_weight_memory ... 8/8 PASS
  [P5] dma_engine ... 9/9 PASS
  [P5] scratchpad ... 6/6 PASS

--- Phase 6: Top-Level Control ---
  [P6] command_processor ... 7/7 PASS
  [P6] perf_counters ... 11/11 PASS
  [P6] gpu_config_regs ... 9/9 PASS
  [P6] reset_synchronizer ... 5/5 PASS

--- Phase 7: System Integration ---
  [P7] gpu_system_top ... 8/8 PASS

--- Phase 8: Architecture Improvements ---
  [P8] online_softmax ... 6/6 PASS
  [P8] sparsity_decoder_2_4 ... 6/6 PASS
  [P8] activation_compressor ... 5/5 PASS
  [P8] weight_double_buffer ... 5/5 PASS
  [P8] parallel_attention ... 5/5 PASS
  [P8] token_scheduler ... 4/4 PASS
  [P8] power_management_unit ... 6/6 PASS

--- Phase 9: Advanced SOTA Integrations ---
  [P9] w4a8_decompressor ... 4/4 PASS
  [P9] moe_router ... 4/4 PASS

--- Phase 10: New Features ---
  [P10] speculative_decode_engine ... 5/5 PASS
  [P10] paged_attention_mmu ... 10/10 PASS

--- Phase 11: Closing SOTA Gaps ---
  [P11] flash_attention_unit ... 5/5 PASS
  [P11] mixed_precision_decompressor ... 5/5 PASS
  [P11] q4_weight_pipeline ... 5/5 PASS

--- Phase 13: Novel Breakthrough Features ---
  [P13] ternary_mac_engine ... 5/5 PASS
  [P13] rope_encoder ... 4/4 PASS
  [P13] grouped_query_attention ... 5/5 PASS
  [P13] kv_cache_quantizer ... 6/6 PASS
  [P13] medusa_head_predictor ... 4/4 PASS
  [P13] prefetch_engine ... 6/6 PASS

--- Phase 14: Memory Bandwidth Solutions ---
  [P14] multibank_sram_controller ... 5/5 PASS
  [P14] compute_in_sram ... 5/5 PASS
  [P14] hbm_controller ... 5/5 PASS

--- Phase 15: Speed Optimizations ---
  [P15] simd_ternary_engine ... 5/5 PASS
  [P15] parallel_softmax ... 4/4 PASS
  [P15] layer_pipeline_controller ... 5/5 PASS

--- Phase 16: End-to-End Pipeline Integration ---
  [P16] optimized_transformer_layer ... 12/12 PASS

--- Phase 17: Continuation Integrations ---
  [P17] block_dequantizer ... 16/16 PASS
  [P17] systolic_array_q4 ... 4/4 PASS
  [P17] nanogpt_q4_e2e ... 4/4 PASS
  [P17] gpu_system_top_v2 ... 16/16 PASS

================================================================
                    TEST RESULTS SUMMARY                        
================================================================

  Modules tested : 55
  Total PASS     : 323
  Total FAIL     : 0


Phase Module                       Status Tests
----- ------                       ------ -----
P1    zero_detect_mult             PASS   7/7  
P1    variable_precision_alu       PASS   9/9  
P1    sparse_memory_ctrl           PASS   6/6  
P1    fused_dequantizer            PASS   8/8  
P1    gpu_top                      PASS   5/5  
P2    mac_unit                     PASS   8/8  
P2    systolic_array               PASS   3/3  
P2    gelu_activation              PASS   9/9  
P2    softmax_unit                 PASS   5/5  
P3    layer_norm                   PASS   3/3  
P3    linear_layer                 PASS   2/2  
P3    attention_unit               PASS   2/2  
P3    ffn_block                    PASS   1/1  
P4    embedding_lookup             PASS   2/2  
P4    gpt2_engine_FULL             PASS   1/1  
P4    accel_gpt2_engine            PASS   3/3  
P5    axi_weight_memory            PASS   8/8  
P5    dma_engine                   PASS   9/9  
P5    scratchpad                   PASS   6/6  
P6    command_processor            PASS   7/7  
P6    perf_counters                PASS   11/11
P6    gpu_config_regs              PASS   9/9  
P6    reset_synchronizer           PASS   5/5  
P7    gpu_system_top               PASS   8/8  
P8    online_softmax               PASS   6/6  
P8    sparsity_decoder_2_4         PASS   6/6  
P8    activation_compressor        PASS   5/5  
P8    weight_double_buffer         PASS   5/5  
P8    parallel_attention           PASS   5/5  
P8    token_scheduler              PASS   4/4  
P8    power_management_unit        PASS   6/6  
P9    w4a8_decompressor            PASS   4/4  
P9    moe_router                   PASS   4/4  
P10   speculative_decode_engine    PASS   5/5  
P10   paged_attention_mmu          PASS   10/10
P11   flash_attention_unit         PASS   5/5  
P11   mixed_precision_decompressor PASS   5/5  
P11   q4_weight_pipeline           PASS   5/5  
P13   ternary_mac_engine           PASS   5/5  
P13   rope_encoder                 PASS   4/4  
P13   grouped_query_attention      PASS   5/5  
P13   kv_cache_quantizer           PASS   6/6  
P13   medusa_head_predictor        PASS   4/4  
P13   prefetch_engine              PASS   6/6  
P14   multibank_sram_controller    PASS   5/5  
P14   compute_in_sram              PASS   5/5  
P14   hbm_controller               PASS   5/5  
P15   simd_ternary_engine          PASS   5/5  
P15   parallel_softmax             PASS   4/4  
P15   layer_pipeline_controller    PASS   5/5  
P16   optimized_transformer_layer  PASS   12/12
P17   block_dequantizer            PASS   16/16
P17   systolic_array_q4            PASS   4/4  
P17   nanogpt_q4_e2e               PASS   4/4  
P17   gpu_system_top_v2            PASS   16/16


  >>> ALL TESTS PASSED - GPU READY FOR DEPLOYMENT <<<

=== [full_regression] PASS (13.97s) ===

=== [production_benchmark] START ===
=== BitbyBit Production Demo Flow ===
Running benchmark demo: mode=all workload=matrix warmup=5 measured=20 workloadCount=20 seed=20260331
run_demo.ps1 -> demo_day.ps1 (Mode=all, TokenId=5, Position=2, Workload=matrix, Warmup=5, Measured=20, TokenSpace=16, PositionSpace=8, WorkloadCount=20, Seed=20260331)
================================================================
  BitbyBit GPU Demo Launcher (Simulation)
  Mode: all | Workload: matrix | TokenId: 5 | Position: 2 | Warmup: 5 | Measured: 20 | WorkloadCount: 20 | Seed: 20260331
================================================================

Compiling demo_gpu_system_top_v2 ...
Running demo_gpu_system_top_v2 ...
============================================
  GPU System Top V2 Integration Testbench
============================================
[1] Testing reset...
[PASS] System ready after reset
[2] Reading GPU_ID via AXI...
[PASS] GPU_ID = 0xb17b0001
[3] Config register write/read...
[PASS] EMBED_DIM = 768
[4] Dispatching NOP command...
[PASS] NOP completed, GPU idle
[5] Dispatching MATMUL command via optimized pipeline...
[PASS] MATMUL completed via optimized path in 35 cycles
[6] Dispatching FENCE command...
[PASS] FENCE generated interrupt
[7] Checking performance counters...
[PASS] Cycle counter running: 104
[8] Multiple commands in sequence...
[PASS] Multiple commands completed successfully
[9] Verifying odd-byte DMA length is rejected...
[PASS] Odd-byte DMA length rejected with status_error and no DMA side-effects
[10] Dispatching MATMUL with MINI imprint profile...
[PASS] MINI imprint profile engaged in 20 cycles (emb0=540 emb1=580)
[11] Dispatching MATMUL with GEMMA exported imprint profile...
[PASS] GEMMA exported profile engaged in 35 cycles (emb0=0 emb1=9)
[12] Verifying unsupported imprint profile is rejected...
[PASS] Unsupported imprint profile rejected with status_error and no writeback
[13] Comparing baseline vs MINI imprint speed (interleaved 5-run average)...
    run1 baseline=35 mini=20
    run2 baseline=35 mini=20
    run3 baseline=35 mini=20
    run4 baseline=35 mini=20
    run5 baseline=35 mini=20
[PASS] MINI imprint faster/stable: baseline=35 cycles (spread=0), mini=20 cycles (spread=0), speedup=1.75x
[14] Verifying odd-byte compute size is rejected...
[PASS] Odd-byte compute size rejected with status_error and no writeback side-effects
[15] Verifying recovery after odd-size rejection...
[PASS] Recovery compute succeeded and status_error cleared
[16] Verifying prefetch request retention under DMA backpressure...
[PASS] Prefetch DMA request retained and issued after DMA backpressure release
============================================
  Results: 16 PASSED, 0 FAILED
============================================
TB_RESULT pass=16 fail=0
D:\Projects\BitbyBit\custom_gpu_project\tb\top\gpu_system_top_v2_tb.v:688: $finish called at 11275000 (1ps)
Matrix workload set: 20 unique points (coverage=15.625% seed=20260331)
Running paired compare workload 1/20, pass 1/25 (warmup) [token=5, pos=2]...

Compiling demo_full_model_base_w1_r1 ...
Running demo_full_model_base_w1_r1 ...

================================================================
  GPT-2 12-LAYER INFERENCE EMULATION
  Architecture: 12 transformer layers, 8-dim, 4Q/2KV heads
  Pipeline: Embedding ΓåÆ 12├ù reused [RoPEΓåÆGQAΓåÆSMΓåÆGELUΓåÆKVQΓåÆComp] ΓåÆ MEDUSA
  Clock: 100 MHz | ALL numbers from simulation
================================================================

--- Loading Model Weights ---
  Loaded: 16 token embeddings x 8 dims
  Loaded: 8 position embeddings x 8 dims
  Loaded: 3 MEDUSA head weights x 8 dims

================================================================
  INFERENCE: Token ID = 5, Position = 2
================================================================

  [Embedding]  Token 5 ΓåÆ embedding vector (2 cycle)
    emb_out[0:3] = [300, 340, 380, 420]
    emb_out[4:7] = [460, 500, 540, 580]

  Layer  RoPE     GQA    SM     GELU   KVQ    Comp   Total   
  -----  ------   ----   ----   ----   ----   ----   ------  
  L1        8cy     3cy    9cy    3cy    3cy    3cy    23cy
  L2        8cy     3cy    9cy    3cy    3cy    3cy    23cy
  L3        8cy     3cy    9cy    3cy    3cy    3cy    23cy
  L4        8cy     3cy    9cy    3cy    3cy    3cy    23cy
  L5        8cy     3cy    9cy    3cy    3cy    3cy    23cy
  L6        8cy     3cy    9cy    3cy    3cy    3cy    23cy
  L7        8cy     3cy    9cy    3cy    3cy    3cy    23cy
  L8        8cy     3cy    9cy    3cy    3cy    3cy    23cy
  L9        8cy     3cy    9cy    3cy    3cy    3cy    23cy
  L10       8cy     3cy    9cy    3cy    3cy    3cy    23cy
  L11       8cy     3cy    9cy    3cy    3cy    3cy    23cy
  L12       8cy     3cy    9cy    3cy    3cy    3cy    23cy

  Total layer processing: 276 cycles across 12 sequential layer passes

  [MEDUSA]     3 draft token predictions (3 cycles)
    Predicted tokens: [115, 231, 91]

================================================================
  12-LAYER INFERENCE EMULATION RESULTS (ALL measured)
================================================================

  STAGE                    CYCLES    TIME @100MHz
  -----                    ------    ------------
  Embedding Lookup            2 cy      20 ns
  12x Transformer Layers    276 cy    2760 ns
    Per-layer average        23 cy     230 ns
  MEDUSA Prediction           3 cy      30 ns
  -----------------------------------------
  TOTAL INFERENCE           358 cy    3580 ns

  Throughput:
    Single token:    358 cycles = 3580 ns = 3.580 us
    Tokens/second:   ~279329 (100 MHz FPGA)
    MEDUSA draft:    3 tokens predicted ΓåÆ effective 837988 tok/s

  DATA TRANSFORMATION PROOF:
    Input:  Token ID 5 ΓåÆ emb = [300, 340, 380, 420, ...]
    After L1:  [227, 391, 189, 1891, ...]
    After L6:  [-201, 402, -2868, 0, ...]
    After L12: [-448, -37, -5275, 0, ...]
    Output:    Token predictions = [115, 231, 91]

  HARDWARE USED:
    Multipliers:     0 (BitNet ternary)
    KV heads:        2 shared (vs 4 in standard)
    KV precision:    4-bit (INT4 quantized)
    Activations:     8-bit compressed
    Position enc:    Hardware RoPE
    Draft decoding:  MEDUSA 3-head

[PASS] Test 1: Embedding produced non-zero vector
[PASS] Test 2: All 12 layers completed (276 total cycles)
[PASS] Test 3: Data transforms across layers (L0 != L1 != L12)
[PASS] Test 4: MEDUSA produced 3 draft token predictions
[PASS] Test 5: Total inference = 358 cycles (reasonable for 12-layer model)

================================================================
  12-Layer Inference Emulation Tests: 5 / 5 PASSED
================================================================
TB_RESULT pass=5 fail=0
D:\Projects\BitbyBit\custom_gpu_project\tb\integration\full_model_inference_tb.v:445: $finish called at 5860000 (1ps)

Compiling demo_full_model_imprint_w1_r1 ...
Running demo_full_model_imprint_w1_r1 ...

================================================================
  MINI IMPRINT 12-LAYER INFERENCE EMULATION
  Architecture: hardwired embedding + 12x fixed-latency mini core
  Pipeline: Imprint Embedding -> 12x Mini Core -> MEDUSA
  Clock: 100 MHz | ALL numbers from simulation
================================================================

  [Embedding]  Token 5 -> imprint vector (1 cycle)
    emb_out[0:3] = [300, 340, 380, 420]

  Layer  Total   
  -----  ------  
  L1        8cy
  L2        8cy
  L3        8cy
  L4        8cy
  L5        8cy
  L6        8cy
  L7        8cy
  L8        8cy
  L9        8cy
  L10       8cy
  L11       8cy
  L12       8cy

  [MEDUSA]     3 draft token predictions (3 cycles)
    Predicted tokens: [217, 179, 141]

================================================================
  MINI IMPRINT INFERENCE RESULTS (ALL measured)
================================================================

  STAGE                    CYCLES    TIME @100MHz
  -----                    ------    ------------
  Imprint Embedding           1 cy      10 ns
  12x Mini Core Layers       96 cy     960 ns
    Per-layer average         8 cy      80 ns
  MEDUSA Prediction           3 cy      30 ns
  -----------------------------------------
  TOTAL INFERENCE           112 cy    1120 ns

  Throughput:
    Single token:    112 cycles = 1120 ns = 1.120 us
    Tokens/second:   ~892857 (100 MHz FPGA)
    MEDUSA draft:    3 tokens predicted -> effective 2678571 tok/s

[PASS] Test 1: MINI imprint embedding active and non-zero
[PASS] Test 2: 12 layers completed at fixed 8-cycle latency
[PASS] Test 3: Data transformed across layers
[PASS] Test 4: MEDUSA produced predictions
[PASS] Test 5: Total inference cycles in expected range

================================================================
  MINI Imprint Inference Tests: 5 / 5 PASSED
================================================================
D:\Projects\BitbyBit\custom_gpu_project\tb\integration\full_model_inference_imprint_tb.v:349: $finish called at 1460000 (1ps)
Running paired compare workload 1/20, pass 2/25 (warmup) [token=5, pos=2]...

Compiling demo_full_model_base_w1_r2 ...
Running demo_full_model_base_w1_r2 ...

================================================================
  GPT-2 12-LAYER INFERENCE EMULATION
  Architecture: 12 transformer layers, 8-dim, 4Q/2KV heads
  Pipeline: Embedding ΓåÆ 12├ù reused [RoPEΓåÆGQAΓåÆSMΓåÆGELUΓåÆKVQΓåÆComp] ΓåÆ MEDUSA
  Clock: 100 MHz | ALL numbers from simulation
================================================================

--- Loading Model Weights ---
  Loaded: 16 token embeddings x 8 dims
  Loaded: 8 position embeddings x 8 dims
  Loaded: 3 MEDUSA head weights x 8 dims

================================================================
  INFERENCE: Token ID = 5, Position = 2
================================================================

  [Embedding]  Token 5 ΓåÆ embedding vector (2 cycle)
    emb_out[0:3] = [300, 340, 380, 420]
    emb_out[4:7] = [460, 500, 540, 580]

  Layer  RoPE     GQA    SM     GELU   KVQ    Comp   Total   
  -----  ------   ----   ----   ----   ----   ----   ------  
  L1        8cy     3cy    9cy    3cy    3cy    3cy    23cy
  L2        8cy     3cy    9cy    3cy    3cy    3cy    23cy
  L3        8cy     3cy    9cy    3cy    3cy    3cy    23cy
  L4        8cy     3cy    9cy    3cy    3cy    3cy    23cy
  L5        8cy     3cy    9cy    3cy    3cy    3cy    23cy
  L6        8cy     3cy    9cy    3cy    3cy    3cy    23cy
  L7        8cy     3cy    9cy    3cy    3cy    3cy    23cy
  L8        8cy     3cy    9cy    3cy    3cy    3cy    23cy
  L9        8cy     3cy    9cy    3cy    3cy    3cy    23cy
  L10       8cy     3cy    9cy    3cy    3cy    3cy    23cy
  L11       8cy     3cy    9cy    3cy    3cy    3cy    23cy
  L12       8cy     3cy    9cy    3cy    3cy    3cy    23cy

  Total layer processing: 276 cycles across 12 sequential layer passes

  [MEDUSA]     3 draft token predictions (3 cycles)
    Predicted tokens: [115, 231, 91]

================================================================
  12-LAYER INFERENCE EMULATION RESULTS (ALL measured)
================================================================

  STAGE                    CYCLES    TIME @100MHz
  -----                    ------    ------------
  Embedding Lookup            2 cy      20 ns
  12x Transformer Layers    276 cy    2760 ns
    Per-layer average        23 cy     230 ns
  MEDUSA Prediction           3 cy      30 ns
  -----------------------------------------
  TOTAL INFERENCE           358 cy    3580 ns

  Throughput:
    Single token:    358 cycles = 3580 ns = 3.580 us
    Tokens/second:   ~279329 (100 MHz FPGA)
    MEDUSA draft:    3 tokens predicted ΓåÆ effective 837988 tok/s

  DATA TRANSFORMATION PROOF:
    Input:  Token ID 5 ΓåÆ emb = [300, 340, 380, 420, ...]
    After L1:  [227, 391, 189, 1891, ...]
    After L6:  [-201, 402, -2868, 0, ...]
    After L12: [-448, -37, -5275, 0, ...]
    Output:    Token predictions = [115, 231, 91]

  HARDWARE USED:
    Multipliers:     0 (BitNet ternary)
    KV heads:        2 shared (vs 4 in standard)
    KV precision:    4-bit (INT4 quantized)
    Activations:     8-bit compressed
    Position enc:    Hardware RoPE
    Draft decoding:  MEDUSA 3-head

[PASS] Test 1: Embedding produced non-zero vector
[PASS] Test 2: All 12 layers completed (276 total cycles)
[PASS] Test 3: Data transforms across layers (L0 != L1 != L12)
[PASS] Test 4: MEDUSA produced 3 draft token predictions
[PASS] Test 5: Total inference = 358 cycles (reasonable for 12-layer model)

================================================================
  12-Layer Inference Emulation Tests: 5 / 5 PASSED
================================================================
TB_RESULT pass=5 fail=0
D:\Projects\BitbyBit\custom_gpu_project\tb\integration\full_model_inference_tb.v:445: $finish called at 5860000 (1ps)

Compiling demo_full_model_imprint_w1_r2 ...
Running demo_full_model_imprint_w1_r2 ...

================================================================
  MINI IMPRINT 12-LAYER INFERENCE EMULATION
  Architecture: hardwired embedding + 12x fixed-latency mini core
  Pipeline: Imprint Embedding -> 12x Mini Core -> MEDUSA
  Clock: 100 MHz | ALL numbers from simulation
================================================================

  [Embedding]  Token 5 -> imprint vector (1 cycle)
    emb_out[0:3] = [300, 340, 380, 420]

  Layer  Total   
  -----  ------  
  L1        8cy
  L2        8cy
  L3        8cy
  L4        8cy
  L5        8cy
  L6        8cy
  L7        8cy
  L8        8cy
  L9        8cy
  L10       8cy
  L11       8cy
  L12       8cy

  [MEDUSA]     3 draft token predictions (3 cycles)
    Predicted tokens: [217, 179, 141]

================================================================
  MINI IMPRINT INFERENCE RESULTS (ALL measured)
================================================================

  STAGE                    CYCLES    TIME @100MHz
  -----                    ------    ------------
  Imprint Embedding           1 cy      10 ns
  12x Mini Core Layers       96 cy     960 ns
    Per-layer average         8 cy      80 ns
  MEDUSA Prediction           3 cy      30 ns
  -----------------------------------------
  TOTAL INFERENCE           112 cy    1120 ns

  Throughput:
    Single token:    112 cycles = 1120 ns = 1.120 us
    Tokens/second:   ~892857 (100 MHz FPGA)
    MEDUSA draft:    3 tokens predicted -> effective 2678571 tok/s

[PASS] Test 1: MINI imprint embedding active and non-zero
[PASS] Test 2: 12 layers completed at fixed 8-cycle latency
[PASS] Test 3: Data transformed across layers
[PASS] Test 4: MEDUSA produced predictions
[PASS] Test 5: Total inference cycles in expected range

================================================================
  MINI Imprint Inference Tests: 5 / 5 PASSED
================================================================
D:\Projects\BitbyBit\custom_gpu_project\tb\integration\full_model_inference_imprint_tb.v:349: $finish called at 1460000 (1ps)
Running paired compare workload 1/20, pass 3/25 (warmup) [token=5, pos=2]...

Compiling demo_full_model_base_w1_r3 ...
Running demo_full_model_base_w1_r3 ...

================================================================
  GPT-2 12-LAYER INFERENCE EMULATION
  Architecture: 12 transformer layers, 8-dim, 4Q/2KV heads
  Pipeline: Embedding ΓåÆ 12├ù reused [RoPEΓåÆGQAΓåÆSMΓåÆGELUΓåÆKVQΓåÆComp] ΓåÆ MEDUSA
  Clock: 100 MHz | ALL numbers from simulation
================================================================

--- Loading Model Weights ---
  Loaded: 16 token embeddings x 8 dims
  Loaded: 8 position embeddings x 8 dims
  Loaded: 3 MEDUSA head weights x 8 dims

================================================================
  INFERENCE: Token ID = 5, Position = 2
================================================================

  [Embedding]  Token 5 ΓåÆ embedding vector (2 cycle)
    emb_out[0:3] = [300, 340, 380, 420]
    emb_out[4:7] = [460, 500, 540, 580]

  Layer  RoPE     GQA    SM     GELU   KVQ    Comp   Total   
  -----  ------   ----   ----   ----   ----   ----   ------  
  L1        8cy     3cy    9cy    3cy    3cy    3cy    23cy
  L2        8cy     3cy    9cy    3cy    3cy    3cy    23cy
  L3        8cy     3cy    9cy    3cy    3cy    3cy    23cy
  L4        8cy     3cy    9cy    3cy    3cy    3cy    23cy
  L5        8cy     3cy    9cy    3cy    3cy    3cy    23cy
  L6        8cy     3cy    9cy    3cy    3cy    3cy    23cy
  L7        8cy     3cy    9cy    3cy    3cy    3cy    23cy
  L8        8cy     3cy    9cy    3cy    3cy    3cy    23cy
  L9        8cy     3cy    9cy    3cy    3cy    3cy    23cy
  L10       8cy     3cy    9cy    3cy    3cy    3cy    23cy
  L11       8cy     3cy    9cy    3cy    3cy    3cy    23cy
  L12       8cy     3cy    9cy    3cy    3cy    3cy    23cy

  Total layer processing: 276 cycles across 12 sequential layer passes

  [MEDUSA]     3 draft token predictions (3 cycles)
    Predicted tokens: [115, 231, 91]

================================================================
  12-LAYER INFERENCE EMULATION RESULTS (ALL measured)
================================================================

  STAGE                    CYCLES    TIME @100MHz
  -----                    ------    ------------
  Embedding Lookup            2 cy      20 ns
  12x Transformer Layers    276 cy    2760 ns
    Per-layer average        23 cy     230 ns
  MEDUSA Prediction           3 cy      30 ns
  -----------------------------------------
  TOTAL INFERENCE           358 cy    3580 ns

  Throughput:
    Single token:    358 cycles = 3580 ns = 3.580 us
    Tokens/second:   ~279329 (100 MHz FPGA)
    MEDUSA draft:    3 tokens predicted ΓåÆ effective 837988 tok/s

  DATA TRANSFORMATION PROOF:
    Input:  Token ID 5 ΓåÆ emb = [300, 340, 380, 420, ...]
    After L1:  [227, 391, 189, 1891, ...]
    After L6:  [-201, 402, -2868, 0, ...]
    After L12: [-448, -37, -5275, 0, ...]
    Output:    Token predictions = [115, 231, 91]

  HARDWARE USED:
    Multipliers:     0 (BitNet ternary)
    KV heads:        2 shared (vs 4 in standard)
    KV precision:    4-bit (INT4 quantized)
    Activations:     8-bit compressed
    Position enc:    Hardware RoPE
    Draft decoding:  MEDUSA 3-head

[PASS] Test 1: Embedding produced non-zero vector
[PASS] Test 2: All 12 layers completed (276 total cycles)
[PASS] Test 3: Data transforms across layers (L0 != L1 != L12)
[PASS] Test 4: MEDUSA produced 3 draft token predictions
[PASS] Test 5: Total inference = 358 cycles (reasonable for 12-layer model)

================================================================
  12-Layer Inference Emulation Tests: 5 / 5 PASSED
================================================================
TB_RESULT pass=5 fail=0
D:\Projects\BitbyBit\custom_gpu_project\tb\integration\full_model_inference_tb.v:445: $finish called at 5860000 (1ps)

Compiling demo_full_model_imprint_w1_r3 ...
Running demo_full_model_imprint_w1_r3 ...

================================================================
  MINI IMPRINT 12-LAYER INFERENCE EMULATION
  Architecture: hardwired embedding + 12x fixed-latency mini core
  Pipeline: Imprint Embedding -> 12x Mini Core -> MEDUSA
  Clock: 100 MHz | ALL numbers from simulation
================================================================

  [Embedding]  Token 5 -> imprint vector (1 cycle)
    emb_out[0:3] = [300, 340, 380, 420]

  Layer  Total   
  -----  ------  
  L1        8cy
  L2        8cy
  L3        8cy
  L4        8cy
  L5        8cy
  L6        8cy
  L7        8cy
  L8        8cy
  L9        8cy
  L10       8cy
  L11       8cy
  L12       8cy

  [MEDUSA]     3 draft token predictions (3 cycles)
    Predicted tokens: [217, 179, 141]

================================================================
  MINI IMPRINT INFERENCE RESULTS (ALL measured)
================================================================

  STAGE                    CYCLES    TIME @100MHz
  -----                    ------    ------------
  Imprint Embedding           1 cy      10 ns
  12x Mini Core Layers       96 cy     960 ns
    Per-layer average         8 cy      80 ns
  MEDUSA Prediction           3 cy      30 ns
  -----------------------------------------
  TOTAL INFERENCE           112 cy    1120 ns

  Throughput:
    Single token:    112 cycles = 1120 ns = 1.120 us
    Tokens/second:   ~892857 (100 MHz FPGA)
    MEDUSA draft:    3 tokens predicted -> effective 2678571 tok/s

[PASS] Test 1: MINI imprint embedding active and non-zero
[PASS] Test 2: 12 layers completed at fixed 8-cycle latency
[PASS] Test 3: Data transformed across layers
[PASS] Test 4: MEDUSA produced predictions
[PASS] Test 5: Total inference cycles in expected range

================================================================
  MINI Imprint Inference Tests: 5 / 5 PASSED
================================================================
D:\Projects\BitbyBit\custom_gpu_project\tb\integration\full_model_inference_imprint_tb.v:349: $finish called at 1460000 (1ps)
Running paired compare workload 1/20, pass 4/25 (warmup) [token=5, pos=2]...

Compiling demo_full_model_base_w1_r4 ...
Running demo_full_model_base_w1_r4 ...

================================================================
  GPT-2 12-LAYER INFERENCE EMULATION
  Architecture: 12 transformer layers, 8-dim, 4Q/2KV heads
  Pipeline: Embedding ΓåÆ 12├ù reused [RoPEΓåÆGQAΓåÆSMΓåÆGELUΓåÆKVQΓåÆComp] ΓåÆ MEDUSA
  Clock: 100 MHz | ALL numbers from simulation
================================================================

--- Loading Model Weights ---
  Loaded: 16 token embeddings x 8 dims
  Loaded: 8 position embeddings x 8 dims
  Loaded: 3 MEDUSA head weights x 8 dims

================================================================
  INFERENCE: Token ID = 5, Position = 2
================================================================

  [Embedding]  Token 5 ΓåÆ embedding vector (2 cycle)
    emb_out[0:3] = [300, 340, 380, 420]
    emb_out[4:7] = [460, 500, 540, 580]

  Layer  RoPE     GQA    SM     GELU   KVQ    Comp   Total   
  -----  ------   ----   ----   ----   ----   ----   ------  
  L1        8cy     3cy    9cy    3cy    3cy    3cy    23cy
  L2        8cy     3cy    9cy    3cy    3cy    3cy    23cy
  L3        8cy     3cy    9cy    3cy    3cy    3cy    23cy
  L4        8cy     3cy    9cy    3cy    3cy    3cy    23cy
  L5        8cy     3cy    9cy    3cy    3cy    3cy    23cy
  L6        8cy     3cy    9cy    3cy    3cy    3cy    23cy
  L7        8cy     3cy    9cy    3cy    3cy    3cy    23cy
  L8        8cy     3cy    9cy    3cy    3cy    3cy    23cy
  L9        8cy     3cy    9cy    3cy    3cy    3cy    23cy
  L10       8cy     3cy    9cy    3cy    3cy    3cy    23cy
  L11       8cy     3cy    9cy    3cy    3cy    3cy    23cy
  L12       8cy     3cy    9cy    3cy    3cy    3cy    23cy

  Total layer processing: 276 cycles across 12 sequential layer passes

  [MEDUSA]     3 draft token predictions (3 cycles)
    Predicted tokens: [115, 231, 91]

================================================================
  12-LAYER INFERENCE EMULATION RESULTS (ALL measured)
================================================================

  STAGE                    CYCLES    TIME @100MHz
  -----                    ------    ------------
  Embedding Lookup            2 cy      20 ns
  12x Transformer Layers    276 cy    2760 ns
    Per-layer average        23 cy     230 ns
  MEDUSA Prediction           3 cy      30 ns
  -----------------------------------------
  TOTAL INFERENCE           358 cy    3580 ns

  Throughput:
    Single token:    358 cycles = 3580 ns = 3.580 us
    Tokens/second:   ~279329 (100 MHz FPGA)
    MEDUSA draft:    3 tokens predicted ΓåÆ effective 837988 tok/s

  DATA TRANSFORMATION PROOF:
    Input:  Token ID 5 ΓåÆ emb = [300, 340, 380, 420, ...]
    After L1:  [227, 391, 189, 1891, ...]
    After L6:  [-201, 402, -2868, 0, ...]
    After L12: [-448, -37, -5275, 0, ...]
    Output:    Token predictions = [115, 231, 91]

  HARDWARE USED:
    Multipliers:     0 (BitNet ternary)
    KV heads:        2 shared (vs 4 in standard)
    KV precision:    4-bit (INT4 quantized)
    Activations:     8-bit compressed
    Position enc:    Hardware RoPE
    Draft decoding:  MEDUSA 3-head

[PASS] Test 1: Embedding produced non-zero vector
[PASS] Test 2: All 12 layers completed (276 total cycles)
[PASS] Test 3: Data transforms across layers (L0 != L1 != L12)
[PASS] Test 4: MEDUSA produced 3 draft token predictions
[PASS] Test 5: Total inference = 358 cycles (reasonable for 12-layer model)

================================================================
  12-Layer Inference Emulation Tests: 5 / 5 PASSED
================================================================
TB_RESULT pass=5 fail=0
D:\Projects\BitbyBit\custom_gpu_project\tb\integration\full_model_inference_tb.v:445: $finish called at 5860000 (1ps)

Compiling demo_full_model_imprint_w1_r4 ...
Running demo_full_model_imprint_w1_r4 ...

================================================================
  MINI IMPRINT 12-LAYER INFERENCE EMULATION
  Architecture: hardwired embedding + 12x fixed-latency mini core
  Pipeline: Imprint Embedding -> 12x Mini Core -> MEDUSA
  Clock: 100 MHz | ALL numbers from simulation
================================================================

  [Embedding]  Token 5 -> imprint vector (1 cycle)
    emb_out[0:3] = [300, 340, 380, 420]

  Layer  Total   
  -----  ------  
  L1        8cy
  L2        8cy
  L3        8cy
  L4        8cy
  L5        8cy
  L6        8cy
  L7        8cy
  L8        8cy
  L9        8cy
  L10       8cy
  L11       8cy
  L12       8cy

  [MEDUSA]     3 draft token predictions (3 cycles)
    Predicted tokens: [217, 179, 141]

================================================================
  MINI IMPRINT INFERENCE RESULTS (ALL measured)
================================================================

  STAGE                    CYCLES    TIME @100MHz
  -----                    ------    ------------
  Imprint Embedding           1 cy      10 ns
  12x Mini Core Layers       96 cy     960 ns
    Per-layer average         8 cy      80 ns
  MEDUSA Prediction           3 cy      30 ns
  -----------------------------------------
  TOTAL INFERENCE           112 cy    1120 ns

  Throughput:
    Single token:    112 cycles = 1120 ns = 1.120 us
    Tokens/second:   ~892857 (100 MHz FPGA)
    MEDUSA draft:    3 tokens predicted -> effective 2678571 tok/s

[PASS] Test 1: MINI imprint embedding active and non-zero
[PASS] Test 2: 12 layers completed at fixed 8-cycle latency
[PASS] Test 3: Data transformed across layers
[PASS] Test 4: MEDUSA produced predictions
[PASS] Test 5: Total inference cycles in expected range

================================================================
  MINI Imprint Inference Tests: 5 / 5 PASSED
================================================================
D:\Projects\BitbyBit\custom_gpu_project\tb\integration\full_model_inference_imprint_tb.v:349: $finish called at 1460000 (1ps)
Running paired compare workload 1/20, pass 5/25 (warmup) [token=5, pos=2]...

Compiling demo_full_model_base_w1_r5 ...
Running demo_full_model_base_w1_r5 ...

================================================================
  GPT-2 12-LAYER INFERENCE EMULATION
  Architecture: 12 transformer layers, 8-dim, 4Q/2KV heads
  Pipeline: Embedding ΓåÆ 12├ù reused [RoPEΓåÆGQAΓåÆSMΓåÆGELUΓåÆKVQΓåÆComp] ΓåÆ MEDUSA
  Clock: 100 MHz | ALL numbers from simulation
================================================================

--- Loading Model Weights ---
  Loaded: 16 token embeddings x 8 dims
  Loaded: 8 position embeddings x 8 dims
  Loaded: 3 MEDUSA head weights x 8 dims

================================================================
  INFERENCE: Token ID = 5, Position = 2
================================================================

  [Embedding]  Token 5 ΓåÆ embedding vector (2 cycle)
    emb_out[0:3] = [300, 340, 380, 420]
    emb_out[4:7] = [460, 500, 540, 580]

  Layer  RoPE     GQA    SM     GELU   KVQ    Comp   Total   
  -----  ------   ----   ----   ----   ----   ----   ------  
  L1        8cy     3cy    9cy    3cy    3cy    3cy    23cy
  L2        8cy     3cy    9cy    3cy    3cy    3cy    23cy
  L3        8cy     3cy    9cy    3cy    3cy    3cy    23cy
  L4        8cy     3cy    9cy    3cy    3cy    3cy    23cy
  L5        8cy     3cy    9cy    3cy    3cy    3cy    23cy
  L6        8cy     3cy    9cy    3cy    3cy    3cy    23cy
  L7        8cy     3cy    9cy    3cy    3cy    3cy    23cy
  L8        8cy     3cy    9cy    3cy    3cy    3cy    23cy
  L9        8cy     3cy    9cy    3cy    3cy    3cy    23cy
  L10       8cy     3cy    9cy    3cy    3cy    3cy    23cy
  L11       8cy     3cy    9cy    3cy    3cy    3cy    23cy
  L12       8cy     3cy    9cy    3cy    3cy    3cy    23cy

  Total layer processing: 276 cycles across 12 sequential layer passes

  [MEDUSA]     3 draft token predictions (3 cycles)
    Predicted tokens: [115, 231, 91]

================================================================
  12-LAYER INFERENCE EMULATION RESULTS (ALL measured)
================================================================

  STAGE                    CYCLES    TIME @100MHz
  -----                    ------    ------------
  Embedding Lookup            2 cy      20 ns
  12x Transformer Layers    276 cy    2760 ns
    Per-layer average        23 cy     230 ns
  MEDUSA Prediction           3 cy      30 ns
  -----------------------------------------
  TOTAL INFERENCE           358 cy    3580 ns

  Throughput:
    Single token:    358 cycles = 3580 ns = 3.580 us
    Tokens/second:   ~279329 (100 MHz FPGA)
    MEDUSA draft:    3 tokens predicted ΓåÆ effective 837988 tok/s

  DATA TRANSFORMATION PROOF:
    Input:  Token ID 5 ΓåÆ emb = [300, 340, 380, 420, ...]
    After L1:  [227, 391, 189, 1891, ...]
    After L6:  [-201, 402, -2868, 0, ...]
    After L12: [-448, -37, -5275, 0, ...]
    Output:    Token predictions = [115, 231, 91]

  HARDWARE USED:
    Multipliers:     0 (BitNet ternary)
    KV heads:        2 shared (vs 4 in standard)
    KV precision:    4-bit (INT4 quantized)
    Activations:     8-bit compressed
    Position enc:    Hardware RoPE
    Draft decoding:  MEDUSA 3-head

[PASS] Test 1: Embedding produced non-zero vector
[PASS] Test 2: All 12 layers completed (276 total cycles)
[PASS] Test 3: Data transforms across layers (L0 != L1 != L12)
[PASS] Test 4: MEDUSA produced 3 draft token predictions
[PASS] Test 5: Total inference = 358 cycles (reasonable for 12-layer model)

================================================================
  12-Layer Inference Emulation Tests: 5 / 5 PASSED
================================================================
TB_RESULT pass=5 fail=0
D:\Projects\BitbyBit\custom_gpu_project\tb\integration\full_model_inference_tb.v:445: $finish called at 5860000 (1ps)

Compiling demo_full_model_imprint_w1_r5 ...
Running demo_full_model_imprint_w1_r5 ...

================================================================
  MINI IMPRINT 12-LAYER INFERENCE EMULATION
  Architecture: hardwired embedding + 12x fixed-latency mini core
  Pipeline: Imprint Embedding -> 12x Mini Core -> MEDUSA
  Clock: 100 MHz | ALL numbers from simulation
================================================================

  [Embedding]  Token 5 -> imprint vector (1 cycle)
    emb_out[0:3] = [300, 340, 380, 420]

  Layer  Total   
  -----  ------  
  L1        8cy
  L2        8cy
  L3        8cy
  L4        8cy
  L5        8cy
  L6        8cy
  L7        8cy
  L8        8cy
  L9        8cy
  L10       8cy
  L11       8cy
  L12       8cy

  [MEDUSA]     3 draft token predictions (3 cycles)
    Predicted tokens: [217, 179, 141]

================================================================
  MINI IMPRINT INFERENCE RESULTS (ALL measured)
================================================================

  STAGE                    CYCLES    TIME @100MHz
  -----                    ------    ------------
  Imprint Embedding           1 cy      10 ns
  12x Mini Core Layers       96 cy     960 ns
    Per-layer average         8 cy      80 ns
  MEDUSA Prediction           3 cy      30 ns
  -----------------------------------------
  TOTAL INFERENCE           112 cy    1120 ns

  Throughput:
    Single token:    112 cycles = 1120 ns = 1.120 us
    Tokens/second:   ~892857 (100 MHz FPGA)
    MEDUSA draft:    3 tokens predicted -> effective 2678571 tok/s

[PASS] Test 1: MINI imprint embedding active and non-zero
[PASS] Test 2: 12 layers completed at fixed 8-cycle latency
[PASS] Test 3: Data transformed across layers
[PASS] Test 4: MEDUSA produced predictions
[PASS] Test 5: Total inference cycles in expected range

================================================================
  MINI Imprint Inference Tests: 5 / 5 PASSED
================================================================
D:\Projects\BitbyBit\custom_gpu_project\tb\integration\full_model_inference_imprint_tb.v:349: $finish called at 1460000 (1ps)
Running paired compare workload 1/20, pass 6/25 (measured) [token=5, pos=2]...

Compiling demo_full_model_base_w1_r6 ...
Running demo_full_model_base_w1_r6 ...

================================================================
  GPT-2 12-LAYER INFERENCE EMULATION
  Architecture: 12 transformer layers, 8-dim, 4Q/2KV heads
  Pipeline: Embedding ΓåÆ 12├ù reused [RoPEΓåÆGQAΓåÆSMΓåÆGELUΓåÆKVQΓåÆComp] ΓåÆ MEDUSA
  Clock: 100 MHz | ALL numbers from simulation
================================================================

--- Loading Model Weights ---
  Loaded: 16 token embeddings x 8 dims
  Loaded: 8 position embeddings x 8 dims
  Loaded: 3 MEDUSA head weights x 8 dims

================================================================
  INFERENCE: Token ID = 5, Position = 2
================================================================

  [Embedding]  Token 5 ΓåÆ embedding vector (2 cycle)
    emb_out[0:3] = [300, 340, 380, 420]
    emb_out[4:7] = [460, 500, 540, 580]

  Layer  RoPE     GQA    SM     GELU   KVQ    Comp   Total   
  -----  ------   ----   ----   ----   ----   ----   ------  
  L1        8cy     3cy    9cy    3cy    3cy    3cy    23cy
  L2        8cy     3cy    9cy    3cy    3cy    3cy    23cy
  L3        8cy     3cy    9cy    3cy    3cy    3cy    23cy
  L4        8cy     3cy    9cy    3cy    3cy    3cy    23cy
  L5        8cy     3cy    9cy    3cy    3cy    3cy    23cy
  L6        8cy     3cy    9cy    3cy    3cy    3cy    23cy
  L7        8cy     3cy    9cy    3cy    3cy    3cy    23cy
  L8        8cy     3cy    9cy    3cy    3cy    3cy    23cy
  L9        8cy     3cy    9cy    3cy    3cy    3cy    23cy
  L10       8cy     3cy    9cy    3cy    3cy    3cy    23cy
  L11       8cy     3cy    9cy    3cy    3cy    3cy    23cy
  L12       8cy     3cy    9cy    3cy    3cy    3cy    23cy

  Total layer processing: 276 cycles across 12 sequential layer passes

  [MEDUSA]     3 draft token predictions (3 cycles)
    Predicted tokens: [115, 231, 91]

================================================================
  12-LAYER INFERENCE EMULATION RESULTS (ALL measured)
================================================================

  STAGE                    CYCLES    TIME @100MHz
  -----                    ------    ------------
  Embedding Lookup            2 cy      20 ns
  12x Transformer Layers    276 cy    2760 ns
    Per-layer average        23 cy     230 ns
  MEDUSA Prediction           3 cy      30 ns
  -----------------------------------------
  TOTAL INFERENCE           358 cy    3580 ns

  Throughput:
    Single token:    358 cycles = 3580 ns = 3.580 us
    Tokens/second:   ~279329 (100 MHz FPGA)
    MEDUSA draft:    3 tokens predicted ΓåÆ effective 837988 tok/s

  DATA TRANSFORMATION PROOF:
    Input:  Token ID 5 ΓåÆ emb = [300, 340, 380, 420, ...]
    After L1:  [227, 391, 189, 1891, ...]
    After L6:  [-201, 402, -2868, 0, ...]
    After L12: [-448, -37, -5275, 0, ...]
    Output:    Token predictions = [115, 231, 91]

  HARDWARE USED:
    Multipliers:     0 (BitNet ternary)
    KV heads:        2 shared (vs 4 in standard)
    KV precision:    4-bit (INT4 quantized)
    Activations:     8-bit compressed
    Position enc:    Hardware RoPE
    Draft decoding:  MEDUSA 3-head

[PASS] Test 1: Embedding produced non-zero vector
[PASS] Test 2: All 12 layers completed (276 total cycles)
[PASS] Test 3: Data transforms across layers (L0 != L1 != L12)
[PASS] Test 4: MEDUSA produced 3 draft token predictions
[PASS] Test 5: Total inference = 358 cycles (reasonable for 12-layer model)

================================================================
  12-Layer Inference Emulation Tests: 5 / 5 PASSED
================================================================
TB_RESULT pass=5 fail=0
D:\Projects\BitbyBit\custom_gpu_project\tb\integration\full_model_inference_tb.v:445: $finish called at 5860000 (1ps)

Compiling demo_full_model_imprint_w1_r6 ...
Running demo_full_model_imprint_w1_r6 ...

================================================================
  MINI IMPRINT 12-LAYER INFERENCE EMULATION
  Architecture: hardwired embedding + 12x fixed-latency mini core
  Pipeline: Imprint Embedding -> 12x Mini Core -> MEDUSA
  Clock: 100 MHz | ALL numbers from simulation
================================================================

  [Embedding]  Token 5 -> imprint vector (1 cycle)
    emb_out[0:3] = [300, 340, 380, 420]

  Layer  Total   
  -----  ------  
  L1        8cy
  L2        8cy
  L3        8cy
  L4        8cy
  L5        8cy
  L6        8cy
  L7        8cy
  L8        8cy
  L9        8cy
  L10       8cy
  L11       8cy
  L12       8cy

  [MEDUSA]     3 draft token predictions (3 cycles)
    Predicted tokens: [217, 179, 141]

================================================================
  MINI IMPRINT INFERENCE RESULTS (ALL measured)
================================================================

  STAGE                    CYCLES    TIME @100MHz
  -----                    ------    ------------
  Imprint Embedding           1 cy      10 ns
  12x Mini Core Layers       96 cy     960 ns
    Per-layer average         8 cy      80 ns
  MEDUSA Prediction           3 cy      30 ns
  -----------------------------------------
  TOTAL INFERENCE           112 cy    1120 ns

  Throughput:
    Single token:    112 cycles = 1120 ns = 1.120 us
    Tokens/second:   ~892857 (100 MHz FPGA)
    MEDUSA draft:    3 tokens predicted -> effective 2678571 tok/s

[PASS] Test 1: MINI imprint embedding active and non-zero
[PASS] Test 2: 12 layers completed at fixed 8-cycle latency
[PASS] Test 3: Data transformed across layers
[PASS] Test 4: MEDUSA produced predictions
[PASS] Test 5: Total inference cycles in expected range

================================================================
  MINI Imprint Inference Tests: 5 / 5 PASSED
================================================================
D:\Projects\BitbyBit\custom_gpu_project\tb\integration\full_model_inference_imprint_tb.v:349: $finish called at 1460000 (1ps)
Running paired compare workload 1/20, pass 7/25 (measured) [token=5, pos=2]...

Compiling demo_full_model_base_w1_r7 ...
Running demo_full_model_base_w1_r7 ...

================================================================
  GPT-2 12-LAYER INFERENCE EMULATION
  Architecture: 12 transformer layers, 8-dim, 4Q/2KV heads
  Pipeline: Embedding ΓåÆ 12├ù reused [RoPEΓåÆGQAΓåÆSMΓåÆGELUΓåÆKVQΓåÆComp] ΓåÆ MEDUSA
  Clock: 100 MHz | ALL numbers from simulation
================================================================

--- Loading Model Weights ---
  Loaded: 16 token embeddings x 8 dims
  Loaded: 8 position embeddings x 8 dims
  Loaded: 3 MEDUSA head weights x 8 dims

================================================================
  INFERENCE: Token ID = 5, Position = 2
================================================================

  [Embedding]  Token 5 ΓåÆ embedding vector (2 cycle)
    emb_out[0:3] = [300, 340, 380, 420]
    emb_out[4:7] = [460, 500, 540, 580]

  Layer  RoPE     GQA    SM     GELU   KVQ    Comp   Total   
  -----  ------   ----   ----   ----   ----   ----   ------  
  L1        8cy     3cy    9cy    3cy    3cy    3cy    23cy
  L2        8cy     3cy    9cy    3cy    3cy    3cy    23cy
  L3        8cy     3cy    9cy    3cy    3cy    3cy    23cy
  L4        8cy     3cy    9cy    3cy    3cy    3cy    23cy
  L5        8cy     3cy    9cy    3cy    3cy    3cy    23cy
  L6        8cy     3cy    9cy    3cy    3cy    3cy    23cy
  L7        8cy     3cy    9cy    3cy    3cy    3cy    23cy
  L8        8cy     3cy    9cy    3cy    3cy    3cy    23cy
  L9        8cy     3cy    9cy    3cy    3cy    3cy    23cy
  L10       8cy     3cy    9cy    3cy    3cy    3cy    23cy
  L11       8cy     3cy    9cy    3cy    3cy    3cy    23cy
  L12       8cy     3cy    9cy    3cy    3cy    3cy    23cy

  Total layer processing: 276 cycles across 12 sequential layer passes

  [MEDUSA]     3 draft token predictions (3 cycles)
    Predicted tokens: [115, 231, 91]

================================================================
  12-LAYER INFERENCE EMULATION RESULTS (ALL measured)
================================================================

  STAGE                    CYCLES    TIME @100MHz
  -----                    ------    ------------
  Embedding Lookup            2 cy      20 ns
  12x Transformer Layers    276 cy    2760 ns
    Per-layer average        23 cy     230 ns
  MEDUSA Prediction           3 cy      30 ns
  -----------------------------------------
  TOTAL INFERENCE           358 cy    3580 ns

  Throughput:
    Single token:    358 cycles = 3580 ns = 3.580 us
    Tokens/second:   ~279329 (100 MHz FPGA)
    MEDUSA draft:    3 tokens predicted ΓåÆ effective 837988 tok/s

  DATA TRANSFORMATION PROOF:
    Input:  Token ID 5 ΓåÆ emb = [300, 340, 380, 420, ...]
    After L1:  [227, 391, 189, 1891, ...]
    After L6:  [-201, 402, -2868, 0, ...]
    After L12: [-448, -37, -5275, 0, ...]
    Output:    Token predictions = [115, 231, 91]

  HARDWARE USED:
    Multipliers:     0 (BitNet ternary)
    KV heads:        2 shared (vs 4 in standard)
    KV precision:    4-bit (INT4 quantized)
    Activations:     8-bit compressed
    Position enc:    Hardware RoPE
    Draft decoding:  MEDUSA 3-head

[PASS] Test 1: Embedding produced non-zero vector
[PASS] Test 2: All 12 layers completed (276 total cycles)
[PASS] Test 3: Data transforms across layers (L0 != L1 != L12)
[PASS] Test 4: MEDUSA produced 3 draft token predictions
[PASS] Test 5: Total inference = 358 cycles (reasonable for 12-layer model)

================================================================
  12-Layer Inference Emulation Tests: 5 / 5 PASSED
================================================================
TB_RESULT pass=5 fail=0
D:\Projects\BitbyBit\custom_gpu_project\tb\integration\full_model_inference_tb.v:445: $finish called at 5860000 (1ps)

Compiling demo_full_model_imprint_w1_r7 ...
Running demo_full_model_imprint_w1_r7 ...

================================================================
  MINI IMPRINT 12-LAYER INFERENCE EMULATION
  Architecture: hardwired embedding + 12x fixed-latency mini core
  Pipeline: Imprint Embedding -> 12x Mini Core -> MEDUSA
  Clock: 100 MHz | ALL numbers from simulation
================================================================

  [Embedding]  Token 5 -> imprint vector (1 cycle)
    emb_out[0:3] = [300, 340, 380, 420]

  Layer  Total   
  -----  ------  
  L1        8cy
  L2        8cy
  L3        8cy
  L4        8cy
  L5        8cy
  L6        8cy
  L7        8cy
  L8        8cy
  L9        8cy
  L10       8cy
  L11       8cy
  L12       8cy

  [MEDUSA]     3 draft token predictions (3 cycles)
    Predicted tokens: [217, 179, 141]

================================================================
  MINI IMPRINT INFERENCE RESULTS (ALL measured)
================================================================

  STAGE                    CYCLES    TIME @100MHz
  -----                    ------    ------------
  Imprint Embedding           1 cy      10 ns
  12x Mini Core Layers       96 cy     960 ns
    Per-layer average         8 cy      80 ns
  MEDUSA Prediction           3 cy      30 ns
  -----------------------------------------
  TOTAL INFERENCE           112 cy    1120 ns

  Throughput:
    Single token:    112 cycles = 1120 ns = 1.120 us
    Tokens/second:   ~892857 (100 MHz FPGA)
    MEDUSA draft:    3 tokens predicted -> effective 2678571 tok/s

[PASS] Test 1: MINI imprint embedding active and non-zero
[PASS] Test 2: 12 layers completed at fixed 8-cycle latency
[PASS] Test 3: Data transformed across layers
[PASS] Test 4: MEDUSA produced predictions
[PASS] Test 5: Total inference cycles in expected range

================================================================
  MINI Imprint Inference Tests: 5 / 5 PASSED
================================================================
D:\Projects\BitbyBit\custom_gpu_project\tb\integration\full_model_inference_imprint_tb.v:349: $finish called at 1460000 (1ps)
Running paired compare workload 1/20, pass 8/25 (measured) [token=5, pos=2]...

Compiling demo_full_model_base_w1_r8 ...
Running demo_full_model_base_w1_r8 ...

================================================================
  GPT-2 12-LAYER INFERENCE EMULATION
  Architecture: 12 transformer layers, 8-dim, 4Q/2KV heads
  Pipeline: Embedding ΓåÆ 12├ù reused [RoPEΓåÆGQAΓåÆSMΓåÆGELUΓåÆKVQΓåÆComp] ΓåÆ MEDUSA
  Clock: 100 MHz | ALL numbers from simulation
================================================================

--- Loading Model Weights ---
  Loaded: 16 token embeddings x 8 dims
  Loaded: 8 position embeddings x 8 dims
  Loaded: 3 MEDUSA head weights x 8 dims

================================================================
  INFERENCE: Token ID = 5, Position = 2
================================================================

  [Embedding]  Token 5 ΓåÆ embedding vector (2 cycle)
    emb_out[0:3] = [300, 340, 380, 420]
    emb_out[4:7] = [460, 500, 540, 580]

  Layer  RoPE     GQA    SM     GELU   KVQ    Comp   Total   
  -----  ------   ----   ----   ----   ----   ----   ------  
  L1        8cy     3cy    9cy    3cy    3cy    3cy    23cy
  L2        8cy     3cy    9cy    3cy    3cy    3cy    23cy
  L3        8cy     3cy    9cy    3cy    3cy    3cy    23cy
  L4        8cy     3cy    9cy    3cy    3cy    3cy    23cy
  L5        8cy     3cy    9cy    3cy    3cy    3cy    23cy
  L6        8cy     3cy    9cy    3cy    3cy    3cy    23cy
  L7        8cy     3cy    9cy    3cy    3cy    3cy    23cy
  L8        8cy     3cy    9cy    3cy    3cy    3cy    23cy
  L9        8cy     3cy    9cy    3cy    3cy    3cy    23cy
  L10       8cy     3cy    9cy    3cy    3cy    3cy    23cy
  L11       8cy     3cy    9cy    3cy    3cy    3cy    23cy
  L12       8cy     3cy    9cy    3cy    3cy    3cy    23cy

  Total layer processing: 276 cycles across 12 sequential layer passes

  [MEDUSA]     3 draft token predictions (3 cycles)
    Predicted tokens: [115, 231, 91]

================================================================
  12-LAYER INFERENCE EMULATION RESULTS (ALL measured)
================================================================

  STAGE                    CYCLES    TIME @100MHz
  -----                    ------    ------------
  Embedding Lookup            2 cy      20 ns
  12x Transformer Layers    276 cy    2760 ns
    Per-layer average        23 cy     230 ns
  MEDUSA Prediction           3 cy      30 ns
  -----------------------------------------
  TOTAL INFERENCE           358 cy    3580 ns

  Throughput:
    Single token:    358 cycles = 3580 ns = 3.580 us
    Tokens/second:   ~279329 (100 MHz FPGA)
    MEDUSA draft:    3 tokens predicted ΓåÆ effective 837988 tok/s

  DATA TRANSFORMATION PROOF:
    Input:  Token ID 5 ΓåÆ emb = [300, 340, 380, 420, ...]
    After L1:  [227, 391, 189, 1891, ...]
    After L6:  [-201, 402, -2868, 0, ...]
    After L12: [-448, -37, -5275, 0, ...]
    Output:    Token predictions = [115, 231, 91]

  HARDWARE USED:
    Multipliers:     0 (BitNet ternary)
    KV heads:        2 shared (vs 4 in standard)
    KV precision:    4-bit (INT4 quantized)
    Activations:     8-bit compressed
    Position enc:    Hardware RoPE
    Draft decoding:  MEDUSA 3-head

[PASS] Test 1: Embedding produced non-zero vector
[PASS] Test 2: All 12 layers completed (276 total cycles)
[PASS] Test 3: Data transforms across layers (L0 != L1 != L12)
[PASS] Test 4: MEDUSA produced 3 draft token predictions
[PASS] Test 5: Total inference = 358 cycles (reasonable for 12-layer model)

================================================================
  12-Layer Inference Emulation Tests: 5 / 5 PASSED
================================================================
TB_RESULT pass=5 fail=0
D:\Projects\BitbyBit\custom_gpu_project\tb\integration\full_model_inference_tb.v:445: $finish called at 5860000 (1ps)

Compiling demo_full_model_imprint_w1_r8 ...
Running demo_full_model_imprint_w1_r8 ...

================================================================
  MINI IMPRINT 12-LAYER INFERENCE EMULATION
  Architecture: hardwired embedding + 12x fixed-latency mini core
  Pipeline: Imprint Embedding -> 12x Mini Core -> MEDUSA
  Clock: 100 MHz | ALL numbers from simulation
================================================================

  [Embedding]  Token 5 -> imprint vector (1 cycle)
    emb_out[0:3] = [300, 340, 380, 420]

  Layer  Total   
  -----  ------  
  L1        8cy
  L2        8cy
  L3        8cy
  L4        8cy
  L5        8cy
  L6        8cy
  L7        8cy
  L8        8cy
  L9        8cy
  L10       8cy
  L11       8cy
  L12       8cy

  [MEDUSA]     3 draft token predictions (3 cycles)
    Predicted tokens: [217, 179, 141]

================================================================
  MINI IMPRINT INFERENCE RESULTS (ALL measured)
================================================================

  STAGE                    CYCLES    TIME @100MHz
  -----                    ------    ------------
  Imprint Embedding           1 cy      10 ns
  12x Mini Core Layers       96 cy     960 ns
    Per-layer average         8 cy      80 ns
  MEDUSA Prediction           3 cy      30 ns
  -----------------------------------------
  TOTAL INFERENCE           112 cy    1120 ns

  Throughput:
    Single token:    112 cycles = 1120 ns = 1.120 us
    Tokens/second:   ~892857 (100 MHz FPGA)
    MEDUSA draft:    3 tokens predicted -> effective 2678571 tok/s

[PASS] Test 1: MINI imprint embedding active and non-zero
[PASS] Test 2: 12 layers completed at fixed 8-cycle latency
[PASS] Test 3: Data transformed across layers
[PASS] Test 4: MEDUSA produced predictions
[PASS] Test 5: Total inference cycles in expected range

================================================================
  MINI Imprint Inference Tests: 5 / 5 PASSED
================================================================
D:\Projects\BitbyBit\custom_gpu_project\tb\integration\full_model_inference_imprint_tb.v:349: $finish called at 1460000 (1ps)
Running paired compare workload 1/20, pass 9/25 (measured) [token=5, pos=2]...

Compiling demo_full_model_base_w1_r9 ...
Running demo_full_model_base_w1_r9 ...

================================================================
  GPT-2 12-LAYER INFERENCE EMULATION
  Architecture: 12 transformer layers, 8-dim, 4Q/2KV heads
  Pipeline: Embedding ΓåÆ 12├ù reused [RoPEΓåÆGQAΓåÆSMΓåÆGELUΓåÆKVQΓåÆComp] ΓåÆ MEDUSA
  Clock: 100 MHz | ALL numbers from simulation
================================================================

--- Loading Model Weights ---
  Loaded: 16 token embeddings x 8 dims
  Loaded: 8 position embeddings x 8 dims
  Loaded: 3 MEDUSA head weights x 8 dims

================================================================
  INFERENCE: Token ID = 5, Position = 2
================================================================

  [Embedding]  Token 5 ΓåÆ embedding vector (2 cycle)
    emb_out[0:3] = [300, 340, 380, 420]
    emb_out[4:7] = [460, 500, 540, 580]

  Layer  RoPE     GQA    SM     GELU   KVQ    Comp   Total   
  -----  ------   ----   ----   ----   ----   ----   ------  
  L1        8cy     3cy    9cy    3cy    3cy    3cy    23cy
  L2        8cy     3cy    9cy    3cy    3cy    3cy    23cy
  L3        8cy     3cy    9cy    3cy    3cy    3cy    23cy
  L4        8cy     3cy    9cy    3cy    3cy    3cy    23cy
  L5        8cy     3cy    9cy    3cy    3cy    3cy    23cy
  L6        8cy     3cy    9cy    3cy    3cy    3cy    23cy
  L7        8cy     3cy    9cy    3cy    3cy    3cy    23cy
  L8        8cy     3cy    9cy    3cy    3cy    3cy    23cy
  L9        8cy     3cy    9cy    3cy    3cy    3cy    23cy
  L10       8cy     3cy    9cy    3cy    3cy    3cy    23cy
  L11       8cy     3cy    9cy    3cy    3cy    3cy    23cy
  L12       8cy     3cy    9cy    3cy    3cy    3cy    23cy

  Total layer processing: 276 cycles across 12 sequential layer passes

  [MEDUSA]     3 draft token predictions (3 cycles)
    Predicted tokens: [115, 231, 91]

================================================================
  12-LAYER INFERENCE EMULATION RESULTS (ALL measured)
================================================================

  STAGE                    CYCLES    TIME @100MHz
  -----                    ------    ------------
  Embedding Lookup            2 cy      20 ns
  12x Transformer Layers    276 cy    2760 ns
    Per-layer average        23 cy     230 ns
  MEDUSA Prediction           3 cy      30 ns
  -----------------------------------------
  TOTAL INFERENCE           358 cy    3580 ns

  Throughput:
    Single token:    358 cycles = 3580 ns = 3.580 us
    Tokens/second:   ~279329 (100 MHz FPGA)
    MEDUSA draft:    3 tokens predicted ΓåÆ effective 837988 tok/s

  DATA TRANSFORMATION PROOF:
    Input:  Token ID 5 ΓåÆ emb = [300, 340, 380, 420, ...]
    After L1:  [227, 391, 189, 1891, ...]
    After L6:  [-201, 402, -2868, 0, ...]
    After L12: [-448, -37, -5275, 0, ...]
    Output:    Token predictions = [115, 231, 91]

  HARDWARE USED:
    Multipliers:     0 (BitNet ternary)
    KV heads:        2 shared (vs 4 in standard)
    KV precision:    4-bit (INT4 quantized)
    Activations:     8-bit compressed
    Position enc:    Hardware RoPE
    Draft decoding:  MEDUSA 3-head

[PASS] Test 1: Embedding produced non-zero vector
[PASS] Test 2: All 12 layers completed (276 total cycles)
[PASS] Test 3: Data transforms across layers (L0 != L1 != L12)
[PASS] Test 4: MEDUSA produced 3 draft token predictions
[PASS] Test 5: Total inference = 358 cycles (reasonable for 12-layer model)

================================================================
  12-Layer Inference Emulation Tests: 5 / 5 PASSED
================================================================
TB_RESULT pass=5 fail=0
D:\Projects\BitbyBit\custom_gpu_project\tb\integration\full_model_inference_tb.v:445: $finish called at 5860000 (1ps)

Compiling demo_full_model_imprint_w1_r9 ...
Running demo_full_model_imprint_w1_r9 ...

================================================================
  MINI IMPRINT 12-LAYER INFERENCE EMULATION
  Architecture: hardwired embedding + 12x fixed-latency mini core
  Pipeline: Imprint Embedding -> 12x Mini Core -> MEDUSA
  Clock: 100 MHz | ALL numbers from simulation
================================================================

  [Embedding]  Token 5 -> imprint vector (1 cycle)
    emb_out[0:3] = [300, 340, 380, 420]

  Layer  Total   
  -----  ------  
  L1        8cy
  L2        8cy
  L3        8cy
  L4        8cy
  L5        8cy
  L6        8cy
  L7        8cy
  L8        8cy
  L9        8cy
  L10       8cy
  L11       8cy
  L12       8cy

  [MEDUSA]     3 draft token predictions (3 cycles)
    Predicted tokens: [217, 179, 141]

================================================================
  MINI IMPRINT INFERENCE RESULTS (ALL measured)
================================================================

  STAGE                    CYCLES    TIME @100MHz
  -----                    ------    ------------
  Imprint Embedding           1 cy      10 ns
  12x Mini Core Layers       96 cy     960 ns
    Per-layer average         8 cy      80 ns
  MEDUSA Prediction           3 cy      30 ns
  -----------------------------------------
  TOTAL INFERENCE           112 cy    1120 ns

  Throughput:
    Single token:    112 cycles = 1120 ns = 1.120 us
    Tokens/second:   ~892857 (100 MHz FPGA)
    MEDUSA draft:    3 tokens predicted -> effective 2678571 tok/s

[PASS] Test 1: MINI imprint embedding active and non-zero
[PASS] Test 2: 12 layers completed at fixed 8-cycle latency
[PASS] Test 3: Data transformed across layers
[PASS] Test 4: MEDUSA produced predictions
[PASS] Test 5: Total inference cycles in expected range

================================================================
  MINI Imprint Inference Tests: 5 / 5 PASSED
================================================================
D:\Projects\BitbyBit\custom_gpu_project\tb\integration\full_model_inference_imprint_tb.v:349: $finish called at 1460000 (1ps)
Running paired compare workload 1/20, pass 10/25 (measured) [token=5, pos=2]...

Compiling demo_full_model_base_w1_r10 ...
Running demo_full_model_base_w1_r10 ...

================================================================
  GPT-2 12-LAYER INFERENCE EMULATION
  Architecture: 12 transformer layers, 8-dim, 4Q/2KV heads
  Pipeline: Embedding ΓåÆ 12├ù reused [RoPEΓåÆGQAΓåÆSMΓåÆGELUΓåÆKVQΓåÆComp] ΓåÆ MEDUSA
  Clock: 100 MHz | ALL numbers from simulation
================================================================

--- Loading Model Weights ---
  Loaded: 16 token embeddings x 8 dims
  Loaded: 8 position embeddings x 8 dims
  Loaded: 3 MEDUSA head weights x 8 dims

================================================================
  INFERENCE: Token ID = 5, Position = 2
================================================================

  [Embedding]  Token 5 ΓåÆ embedding vector (2 cycle)
    emb_out[0:3] = [300, 340, 380, 420]
    emb_out[4:7] = [460, 500, 540, 580]

  Layer  RoPE     GQA    SM     GELU   KVQ    Comp   Total   
  -----  ------   ----   ----   ----   ----   ----   ------  
  L1        8cy     3cy    9cy    3cy    3cy    3cy    23cy
  L2        8cy     3cy    9cy    3cy    3cy    3cy    23cy
  L3        8cy     3cy    9cy    3cy    3cy    3cy    23cy
  L4        8cy     3cy    9cy    3cy    3cy    3cy    23cy
  L5        8cy     3cy    9cy    3cy    3cy    3cy    23cy
  L6        8cy     3cy    9cy    3cy    3cy    3cy    23cy
  L7        8cy     3cy    9cy    3cy    3cy    3cy    23cy
  L8        8cy     3cy    9cy    3cy    3cy    3cy    23cy
  L9        8cy     3cy    9cy    3cy    3cy    3cy    23cy
  L10       8cy     3cy    9cy    3cy    3cy    3cy    23cy
  L11       8cy     3cy    9cy    3cy    3cy    3cy    23cy
  L12       8cy     3cy    9cy    3cy    3cy    3cy    23cy

  Total layer processing: 276 cycles across 12 sequential layer passes

  [MEDUSA]     3 draft token predictions (3 cycles)
    Predicted tokens: [115, 231, 91]

================================================================
  12-LAYER INFERENCE EMULATION RESULTS (ALL measured)
================================================================

  STAGE                    CYCLES    TIME @100MHz
  -----                    ------    ------------
  Embedding Lookup            2 cy      20 ns
  12x Transformer Layers    276 cy    2760 ns
    Per-layer average        23 cy     230 ns
  MEDUSA Prediction           3 cy      30 ns
  -----------------------------------------
  TOTAL INFERENCE           358 cy    3580 ns

  Throughput:
    Single token:    358 cycles = 3580 ns = 3.580 us
    Tokens/second:   ~279329 (100 MHz FPGA)
    MEDUSA draft:    3 tokens predicted ΓåÆ effective 837988 tok/s

  DATA TRANSFORMATION PROOF:
    Input:  Token ID 5 ΓåÆ emb = [300, 340, 380, 420, ...]
    After L1:  [227, 391, 189, 1891, ...]
    After L6:  [-201, 402, -2868, 0, ...]
    After L12: [-448, -37, -5275, 0, ...]
    Output:    Token predictions = [115, 231, 91]

  HARDWARE USED:
    Multipliers:     0 (BitNet ternary)
    KV heads:        2 shared (vs 4 in standard)
    KV precision:    4-bit (INT4 quantized)
    Activations:     8-bit compressed
    Position enc:    Hardware RoPE
    Draft decoding:  MEDUSA 3-head

[PASS] Test 1: Embedding produced non-zero vector
[PASS] Test 2: All 12 layers completed (276 total cycles)
[PASS] Test 3: Data transforms across layers (L0 != L1 != L12)
[PASS] Test 4: MEDUSA produced 3 draft token predictions
[PASS] Test 5: Total inference = 358 cycles (reasonable for 12-layer model)

================================================================
  12-Layer Inference Emulation Tests: 5 / 5 PASSED
================================================================
TB_RESULT pass=5 fail=0
D:\Projects\BitbyBit\custom_gpu_project\tb\integration\full_model_inference_tb.v:445: $finish called at 5860000 (1ps)

Compiling demo_full_model_imprint_w1_r10 ...
Running demo_full_model_imprint_w1_r10 ...

================================================================
  MINI IMPRINT 12-LAYER INFERENCE EMULATION
  Architecture: hardwired embedding + 12x fixed-latency mini core
  Pipeline: Imprint Embedding -> 12x Mini Core -> MEDUSA
  Clock: 100 MHz | ALL numbers from simulation
================================================================

  [Embedding]  Token 5 -> imprint vector (1 cycle)
    emb_out[0:3] = [300, 340, 380, 420]

  Layer  Total   
  -----  ------  
  L1        8cy
  L2        8cy
  L3        8cy
  L4        8cy
  L5        8cy
  L6        8cy
  L7        8cy
  L8        8cy
  L9        8cy
  L10       8cy
  L11       8cy
  L12       8cy

  [MEDUSA]     3 draft token predictions (3 cycles)
    Predicted tokens: [217, 179, 141]

================================================================
  MINI IMPRINT INFERENCE RESULTS (ALL measured)
================================================================

  STAGE                    CYCLES    TIME @100MHz
  -----                    ------    ------------
  Imprint Embedding           1 cy      10 ns
  12x Mini Core Layers       96 cy     960 ns
    Per-layer average         8 cy      80 ns
  MEDUSA Prediction           3 cy      30 ns
  -----------------------------------------
  TOTAL INFERENCE           112 cy    1120 ns

  Throughput:
    Single token:    112 cycles = 1120 ns = 1.120 us
    Tokens/second:   ~892857 (100 MHz FPGA)
    MEDUSA draft:    3 tokens predicted -> effective 2678571 tok/s

[PASS] Test 1: MINI imprint embedding active and non-zero
[PASS] Test 2: 12 layers completed at fixed 8-cycle latency
[PASS] Test 3: Data transformed across layers
[PASS] Test 4: MEDUSA produced predictions
[PASS] Test 5: Total inference cycles in expected range

================================================================
  MINI Imprint Inference Tests: 5 / 5 PASSED
================================================================
D:\Projects\BitbyBit\custom_gpu_project\tb\integration\full_model_inference_imprint_tb.v:349: $finish called at 1460000 (1ps)
Running paired compare workload 1/20, pass 11/25 (measured) [token=5, pos=2]...

Compiling demo_full_model_base_w1_r11 ...
Running demo_full_model_base_w1_r11 ...

================================================================
  GPT-2 12-LAYER INFERENCE EMULATION
  Architecture: 12 transformer layers, 8-dim, 4Q/2KV heads
  Pipeline: Embedding ΓåÆ 12├ù reused [RoPEΓåÆGQAΓåÆSMΓåÆGELUΓåÆKVQΓåÆComp] ΓåÆ MEDUSA
  Clock: 100 MHz | ALL numbers from simulation
================================================================

--- Loading Model Weights ---
  Loaded: 16 token embeddings x 8 dims
  Loaded: 8 position embeddings x 8 dims
  Loaded: 3 MEDUSA head weights x 8 dims

================================================================
  INFERENCE: Token ID = 5, Position = 2
================================================================

  [Embedding]  Token 5 ΓåÆ embedding vector (2 cycle)
    emb_out[0:3] = [300, 340, 380, 420]
    emb_out[4:7] = [460, 500, 540, 580]

  Layer  RoPE     GQA    SM     GELU   KVQ    Comp   Total   
  -----  ------   ----   ----   ----   ----   ----   ------  
  L1        8cy     3cy    9cy    3cy    3cy    3cy    23cy
  L2        8cy     3cy    9cy    3cy    3cy    3cy    23cy
  L3        8cy     3cy    9cy    3cy    3cy    3cy    23cy
  L4        8cy     3cy    9cy    3cy    3cy    3cy    23cy
  L5        8cy     3cy    9cy    3cy    3cy    3cy    23cy
  L6        8cy     3cy    9cy    3cy    3cy    3cy    23cy
  L7        8cy     3cy    9cy    3cy    3cy    3cy    23cy
  L8        8cy     3cy    9cy    3cy    3cy    3cy    23cy
  L9        8cy     3cy    9cy    3cy    3cy    3cy    23cy
  L10       8cy     3cy    9cy    3cy    3cy    3cy    23cy
  L11       8cy     3cy    9cy    3cy    3cy    3cy    23cy
  L12       8cy     3cy    9cy    3cy    3cy    3cy    23cy

  Total layer processing: 276 cycles across 12 sequential layer passes

  [MEDUSA]     3 draft token predictions (3 cycles)
    Predicted tokens: [115, 231, 91]

================================================================
  12-LAYER INFERENCE EMULATION RESULTS (ALL measured)
================================================================

  STAGE                    CYCLES    TIME @100MHz
  -----                    ------    ------------
  Embedding Lookup            2 cy      20 ns
  12x Transformer Layers    276 cy    2760 ns
    Per-layer average        23 cy     230 ns
  MEDUSA Prediction           3 cy      30 ns
  -----------------------------------------
  TOTAL INFERENCE           358 cy    3580 ns

  Throughput:
    Single token:    358 cycles = 3580 ns = 3.580 us
    Tokens/second:   ~279329 (100 MHz FPGA)
    MEDUSA draft:    3 tokens predicted ΓåÆ effective 837988 tok/s

  DATA TRANSFORMATION PROOF:
    Input:  Token ID 5 ΓåÆ emb = [300, 340, 380, 420, ...]
    After L1:  [227, 391, 189, 1891, ...]
    After L6:  [-201, 402, -2868, 0, ...]
    After L12: [-448, -37, -5275, 0, ...]
    Output:    Token predictions = [115, 231, 91]

  HARDWARE USED:
    Multipliers:     0 (BitNet ternary)
    KV heads:        2 shared (vs 4 in standard)
    KV precision:    4-bit (INT4 quantized)
    Activations:     8-bit compressed
    Position enc:    Hardware RoPE
    Draft decoding:  MEDUSA 3-head

[PASS] Test 1: Embedding produced non-zero vector
[PASS] Test 2: All 12 layers completed (276 total cycles)
[PASS] Test 3: Data transforms across layers (L0 != L1 != L12)
[PASS] Test 4: MEDUSA produced 3 draft token predictions
[PASS] Test 5: Total inference = 358 cycles (reasonable for 12-layer model)

================================================================
  12-Layer Inference Emulation Tests: 5 / 5 PASSED
================================================================
TB_RESULT pass=5 fail=0
D:\Projects\BitbyBit\custom_gpu_project\tb\integration\full_model_inference_tb.v:445: $finish called at 5860000 (1ps)

Compiling demo_full_model_imprint_w1_r11 ...
Running demo_full_model_imprint_w1_r11 ...

================================================================
  MINI IMPRINT 12-LAYER INFERENCE EMULATION
  Architecture: hardwired embedding + 12x fixed-latency mini core
  Pipeline: Imprint Embedding -> 12x Mini Core -> MEDUSA
  Clock: 100 MHz | ALL numbers from simulation
================================================================

  [Embedding]  Token 5 -> imprint vector (1 cycle)
    emb_out[0:3] = [300, 340, 380, 420]

  Layer  Total   
  -----  ------  
  L1        8cy
  L2        8cy
  L3        8cy
  L4        8cy
  L5        8cy
  L6        8cy
  L7        8cy
  L8        8cy
  L9        8cy
  L10       8cy
  L11       8cy
  L12       8cy

  [MEDUSA]     3 draft token predictions (3 cycles)
    Predicted tokens: [217, 179, 141]

================================================================
  MINI IMPRINT INFERENCE RESULTS (ALL measured)
================================================================

  STAGE                    CYCLES    TIME @100MHz
  -----                    ------    ------------
  Imprint Embedding           1 cy      10 ns
  12x Mini Core Layers       96 cy     960 ns
    Per-layer average         8 cy      80 ns
  MEDUSA Prediction           3 cy      30 ns
  -----------------------------------------
  TOTAL INFERENCE           112 cy    1120 ns

  Throughput:
    Single token:    112 cycles = 1120 ns = 1.120 us
    Tokens/second:   ~892857 (100 MHz FPGA)
    MEDUSA draft:    3 tokens predicted -> effective 2678571 tok/s

[PASS] Test 1: MINI imprint embedding active and non-zero
[PASS] Test 2: 12 layers completed at fixed 8-cycle latency
[PASS] Test 3: Data transformed across layers
[PASS] Test 4: MEDUSA produced predictions
[PASS] Test 5: Total inference cycles in expected range

================================================================
  MINI Imprint Inference Tests: 5 / 5 PASSED
================================================================
D:\Projects\BitbyBit\custom_gpu_project\tb\integration\full_model_inference_imprint_tb.v:349: $finish called at 1460000 (1ps)
Running paired compare workload 1/20, pass 12/25 (measured) [token=5, pos=2]...

Compiling demo_full_model_base_w1_r12 ...
Running demo_full_model_base_w1_r12 ...

================================================================
  GPT-2 12-LAYER INFERENCE EMULATION
  Architecture: 12 transformer layers, 8-dim, 4Q/2KV heads
  Pipeline: Embedding ΓåÆ 12├ù reused [RoPEΓåÆGQAΓåÆSMΓåÆGELUΓåÆKVQΓåÆComp] ΓåÆ MEDUSA
  Clock: 100 MHz | ALL numbers from simulation
================================================================

--- Loading Model Weights ---
  Loaded: 16 token embeddings x 8 dims
  Loaded: 8 position embeddings x 8 dims
  Loaded: 3 MEDUSA head weights x 8 dims

================================================================
  INFERENCE: Token ID = 5, Position = 2
================================================================

  [Embedding]  Token 5 ΓåÆ embedding vector (2 cycle)
    emb_out[0:3] = [300, 340, 380, 420]
    emb_out[4:7] = [460, 500, 540, 580]

  Layer  RoPE     GQA    SM     GELU   KVQ    Comp   Total   
  -----  ------   ----   ----   ----   ----   ----   ------  
  L1        8cy     3cy    9cy    3cy    3cy    3cy    23cy
  L2        8cy     3cy    9cy    3cy    3cy    3cy    23cy
  L3        8cy     3cy    9cy    3cy    3cy    3cy    23cy
  L4        8cy     3cy    9cy    3cy    3cy    3cy    23cy
  L5        8cy     3cy    9cy    3cy    3cy    3cy    23cy
  L6        8cy     3cy    9cy    3cy    3cy    3cy    23cy
  L7        8cy     3cy    9cy    3cy    3cy    3cy    23cy
  L8        8cy     3cy    9cy    3cy    3cy    3cy    23cy
  L9        8cy     3cy    9cy    3cy    3cy    3cy    23cy
  L10       8cy     3cy    9cy    3cy    3cy    3cy    23cy
  L11       8cy     3cy    9cy    3cy    3cy    3cy    23cy
  L12       8cy     3cy    9cy    3cy    3cy    3cy    23cy

  Total layer processing: 276 cycles across 12 sequential layer passes

  [MEDUSA]     3 draft token predictions (3 cycles)
    Predicted tokens: [115, 231, 91]

================================================================
  12-LAYER INFERENCE EMULATION RESULTS (ALL measured)
================================================================

  STAGE                    CYCLES    TIME @100MHz
  -----                    ------    ------------
  Embedding Lookup            2 cy      20 ns
  12x Transformer Layers    276 cy    2760 ns
    Per-layer average        23 cy     230 ns
  MEDUSA Prediction           3 cy      30 ns
  -----------------------------------------
  TOTAL INFERENCE           358 cy    3580 ns

  Throughput:
    Single token:    358 cycles = 3580 ns = 3.580 us
    Tokens/second:   ~279329 (100 MHz FPGA)
    MEDUSA draft:    3 tokens predicted ΓåÆ effective 837988 tok/s

  DATA TRANSFORMATION PROOF:
    Input:  Token ID 5 ΓåÆ emb = [300, 340, 380, 420, ...]
    After L1:  [227, 391, 189, 1891, ...]
    After L6:  [-201, 402, -2868, 0, ...]
    After L12: [-448, -37, -5275, 0, ...]
    Output:    Token predictions = [115, 231, 91]

  HARDWARE USED:
    Multipliers:     0 (BitNet ternary)
    KV heads:        2 shared (vs 4 in standard)
    KV precision:    4-bit (INT4 quantized)
    Activations:     8-bit compressed
    Position enc:    Hardware RoPE
    Draft decoding:  MEDUSA 3-head

[PASS] Test 1: Embedding produced non-zero vector
[PASS] Test 2: All 12 layers completed (276 total cycles)
[PASS] Test 3: Data transforms across layers (L0 != L1 != L12)
[PASS] Test 4: MEDUSA produced 3 draft token predictions
[PASS] Test 5: Total inference = 358 cycles (reasonable for 12-layer model)

================================================================
  12-Layer Inference Emulation Tests: 5 / 5 PASSED
================================================================
TB_RESULT pass=5 fail=0
D:\Projects\BitbyBit\custom_gpu_project\tb\integration\full_model_inference_tb.v:445: $finish called at 5860000 (1ps)

Compiling demo_full_model_imprint_w1_r12 ...
Running demo_full_model_imprint_w1_r12 ...

================================================================
  MINI IMPRINT 12-LAYER INFERENCE EMULATION
  Architecture: hardwired embedding + 12x fixed-latency mini core
  Pipeline: Imprint Embedding -> 12x Mini Core -> MEDUSA
  Clock: 100 MHz | ALL numbers from simulation
================================================================

  [Embedding]  Token 5 -> imprint vector (1 cycle)
    emb_out[0:3] = [300, 340, 380, 420]

  Layer  Total   
  -----  ------  
  L1        8cy
  L2        8cy
  L3        8cy
  L4        8cy
  L5        8cy
  L6        8cy
  L7        8cy
  L8        8cy
  L9        8cy
  L10       8cy
  L11       8cy
  L12       8cy

  [MEDUSA]     3 draft token predictions (3 cycles)
    Predicted tokens: [217, 179, 141]

================================================================
  MINI IMPRINT INFERENCE RESULTS (ALL measured)
================================================================

  STAGE                    CYCLES    TIME @100MHz
  -----                    ------    ------------
  Imprint Embedding           1 cy      10 ns
  12x Mini Core Layers       96 cy     960 ns
    Per-layer average         8 cy      80 ns
  MEDUSA Prediction           3 cy      30 ns
  -----------------------------------------
  TOTAL INFERENCE           112 cy    1120 ns

  Throughput:
    Single token:    112 cycles = 1120 ns = 1.120 us
    Tokens/second:   ~892857 (100 MHz FPGA)
    MEDUSA draft:    3 tokens predicted -> effective 2678571 tok/s

[PASS] Test 1: MINI imprint embedding active and non-zero
[PASS] Test 2: 12 layers completed at fixed 8-cycle latency
[PASS] Test 3: Data transformed across layers
[PASS] Test 4: MEDUSA produced predictions
[PASS] Test 5: Total inference cycles in expected range

================================================================
  MINI Imprint Inference Tests: 5 / 5 PASSED
================================================================
D:\Projects\BitbyBit\custom_gpu_project\tb\integration\full_model_inference_imprint_tb.v:349: $finish called at 1460000 (1ps)
Running paired compare workload 1/20, pass 13/25 (measured) [token=5, pos=2]...

Compiling demo_full_model_base_w1_r13 ...
Running demo_full_model_base_w1_r13 ...

================================================================
  GPT-2 12-LAYER INFERENCE EMULATION
  Architecture: 12 transformer layers, 8-dim, 4Q/2KV heads
  Pipeline: Embedding ΓåÆ 12├ù reused [RoPEΓåÆGQAΓåÆSMΓåÆGELUΓåÆKVQΓåÆComp] ΓåÆ MEDUSA
  Clock: 100 MHz | ALL numbers from simulation
================================================================

--- Loading Model Weights ---
  Loaded: 16 token embeddings x 8 dims
  Loaded: 8 position embeddings x 8 dims
  Loaded: 3 MEDUSA head weights x 8 dims

================================================================
  INFERENCE: Token ID = 5, Position = 2
================================================================

  [Embedding]  Token 5 ΓåÆ embedding vector (2 cycle)
    emb_out[0:3] = [300, 340, 380, 420]
    emb_out[4:7] = [460, 500, 540, 580]

  Layer  RoPE     GQA    SM     GELU   KVQ    Comp   Total   
  -----  ------   ----   ----   ----   ----   ----   ------  
  L1        8cy     3cy    9cy    3cy    3cy    3cy    23cy
  L2        8cy     3cy    9cy    3cy    3cy    3cy    23cy
  L3        8cy     3cy    9cy    3cy    3cy    3cy    23cy
  L4        8cy     3cy    9cy    3cy    3cy    3cy    23cy
  L5        8cy     3cy    9cy    3cy    3cy    3cy    23cy
  L6        8cy     3cy    9cy    3cy    3cy    3cy    23cy
  L7        8cy     3cy    9cy    3cy    3cy    3cy    23cy
  L8        8cy     3cy    9cy    3cy    3cy    3cy    23cy
  L9        8cy     3cy    9cy    3cy    3cy    3cy    23cy
  L10       8cy     3cy    9cy    3cy    3cy    3cy    23cy
  L11       8cy     3cy    9cy    3cy    3cy    3cy    23cy
  L12       8cy     3cy    9cy    3cy    3cy    3cy    23cy

  Total layer processing: 276 cycles across 12 sequential layer passes

  [MEDUSA]     3 draft token predictions (3 cycles)
    Predicted tokens: [115, 231, 91]

================================================================
  12-LAYER INFERENCE EMULATION RESULTS (ALL measured)
================================================================

  STAGE                    CYCLES    TIME @100MHz
  -----                    ------    ------------
  Embedding Lookup            2 cy      20 ns
  12x Transformer Layers    276 cy    2760 ns
    Per-layer average        23 cy     230 ns
  MEDUSA Prediction           3 cy      30 ns
  -----------------------------------------
  TOTAL INFERENCE           358 cy    3580 ns

  Throughput:
    Single token:    358 cycles = 3580 ns = 3.580 us
    Tokens/second:   ~279329 (100 MHz FPGA)
    MEDUSA draft:    3 tokens predicted ΓåÆ effective 837988 tok/s

  DATA TRANSFORMATION PROOF:
    Input:  Token ID 5 ΓåÆ emb = [300, 340, 380, 420, ...]
    After L1:  [227, 391, 189, 1891, ...]
    After L6:  [-201, 402, -2868, 0, ...]
    After L12: [-448, -37, -5275, 0, ...]
    Output:    Token predictions = [115, 231, 91]

  HARDWARE USED:
    Multipliers:     0 (BitNet ternary)
    KV heads:        2 shared (vs 4 in standard)
    KV precision:    4-bit (INT4 quantized)
    Activations:     8-bit compressed
    Position enc:    Hardware RoPE
    Draft decoding:  MEDUSA 3-head

[PASS] Test 1: Embedding produced non-zero vector
[PASS] Test 2: All 12 layers completed (276 total cycles)
[PASS] Test 3: Data transforms across layers (L0 != L1 != L12)
[PASS] Test 4: MEDUSA produced 3 draft token predictions
[PASS] Test 5: Total inference = 358 cycles (reasonable for 12-layer model)

================================================================
  12-Layer Inference Emulation Tests: 5 / 5 PASSED
================================================================
TB_RESULT pass=5 fail=0
D:\Projects\BitbyBit\custom_gpu_project\tb\integration\full_model_inference_tb.v:445: $finish called at 5860000 (1ps)

Compiling demo_full_model_imprint_w1_r13 ...
Running demo_full_model_imprint_w1_r13 ...

================================================================
  MINI IMPRINT 12-LAYER INFERENCE EMULATION
  Architecture: hardwired embedding + 12x fixed-latency mini core
  Pipeline: Imprint Embedding -> 12x Mini Core -> MEDUSA
  Clock: 100 MHz | ALL numbers from simulation
================================================================

  [Embedding]  Token 5 -> imprint vector (1 cycle)
    emb_out[0:3] = [300, 340, 380, 420]

  Layer  Total   
  -----  ------  
  L1        8cy
  L2        8cy
  L3        8cy
  L4        8cy
  L5        8cy
  L6        8cy
  L7        8cy
  L8        8cy
  L9        8cy
  L10       8cy
  L11       8cy
  L12       8cy

  [MEDUSA]     3 draft token predictions (3 cycles)
    Predicted tokens: [217, 179, 141]

================================================================
  MINI IMPRINT INFERENCE RESULTS (ALL measured)
================================================================

  STAGE                    CYCLES    TIME @100MHz
  -----                    ------    ------------
  Imprint Embedding           1 cy      10 ns
  12x Mini Core Layers       96 cy     960 ns
    Per-layer average         8 cy      80 ns
  MEDUSA Prediction           3 cy      30 ns
  -----------------------------------------
  TOTAL INFERENCE           112 cy    1120 ns

  Throughput:
    Single token:    112 cycles = 1120 ns = 1.120 us
    Tokens/second:   ~892857 (100 MHz FPGA)
    MEDUSA draft:    3 tokens predicted -> effective 2678571 tok/s

[PASS] Test 1: MINI imprint embedding active and non-zero
[PASS] Test 2: 12 layers completed at fixed 8-cycle latency
[PASS] Test 3: Data transformed across layers
[PASS] Test 4: MEDUSA produced predictions
[PASS] Test 5: Total inference cycles in expected range

================================================================
  MINI Imprint Inference Tests: 5 / 5 PASSED
================================================================
D:\Projects\BitbyBit\custom_gpu_project\tb\integration\full_model_inference_imprint_tb.v:349: $finish called at 1460000 (1ps)
Running paired compare workload 1/20, pass 14/25 (measured) [token=5, pos=2]...

Compiling demo_full_model_base_w1_r14 ...
Running demo_full_model_base_w1_r14 ...

================================================================
  GPT-2 12-LAYER INFERENCE EMULATION
  Architecture: 12 transformer layers, 8-dim, 4Q/2KV heads
  Pipeline: Embedding ΓåÆ 12├ù reused [RoPEΓåÆGQAΓåÆSMΓåÆGELUΓåÆKVQΓåÆComp] ΓåÆ MEDUSA
  Clock: 100 MHz | ALL numbers from simulation
================================================================

--- Loading Model Weights ---
  Loaded: 16 token embeddings x 8 dims
  Loaded: 8 position embeddings x 8 dims
  Loaded: 3 MEDUSA head weights x 8 dims

================================================================
  INFERENCE: Token ID = 5, Position = 2
================================================================

  [Embedding]  Token 5 ΓåÆ embedding vector (2 cycle)
    emb_out[0:3] = [300, 340, 380, 420]
    emb_out[4:7] = [460, 500, 540, 580]

  Layer  RoPE     GQA    SM     GELU   KVQ    Comp   Total   
  -----  ------   ----   ----   ----   ----   ----   ------  
  L1        8cy     3cy    9cy    3cy    3cy    3cy    23cy
  L2        8cy     3cy    9cy    3cy    3cy    3cy    23cy
  L3        8cy     3cy    9cy    3cy    3cy    3cy    23cy
  L4        8cy     3cy    9cy    3cy    3cy    3cy    23cy
  L5        8cy     3cy    9cy    3cy    3cy    3cy    23cy
  L6        8cy     3cy    9cy    3cy    3cy    3cy    23cy
  L7        8cy     3cy    9cy    3cy    3cy    3cy    23cy
  L8        8cy     3cy    9cy    3cy    3cy    3cy    23cy
  L9        8cy     3cy    9cy    3cy    3cy    3cy    23cy
  L10       8cy     3cy    9cy    3cy    3cy    3cy    23cy
  L11       8cy     3cy    9cy    3cy    3cy    3cy    23cy
  L12       8cy     3cy    9cy    3cy    3cy    3cy    23cy

  Total layer processing: 276 cycles across 12 sequential layer passes

  [MEDUSA]     3 draft token predictions (3 cycles)
    Predicted tokens: [115, 231, 91]

================================================================
  12-LAYER INFERENCE EMULATION RESULTS (ALL measured)
================================================================

  STAGE                    CYCLES    TIME @100MHz
  -----                    ------    ------------
  Embedding Lookup            2 cy      20 ns
  12x Transformer Layers    276 cy    2760 ns
    Per-layer average        23 cy     230 ns
  MEDUSA Prediction           3 cy      30 ns
  -----------------------------------------
  TOTAL INFERENCE           358 cy    3580 ns

  Throughput:
    Single token:    358 cycles = 3580 ns = 3.580 us
    Tokens/second:   ~279329 (100 MHz FPGA)
    MEDUSA draft:    3 tokens predicted ΓåÆ effective 837988 tok/s

  DATA TRANSFORMATION PROOF:
    Input:  Token ID 5 ΓåÆ emb = [300, 340, 380, 420, ...]
    After L1:  [227, 391, 189, 1891, ...]
    After L6:  [-201, 402, -2868, 0, ...]
    After L12: [-448, -37, -5275, 0, ...]
    Output:    Token predictions = [115, 231, 91]

  HARDWARE USED:
    Multipliers:     0 (BitNet ternary)
    KV heads:        2 shared (vs 4 in standard)
    KV precision:    4-bit (INT4 quantized)
    Activations:     8-bit compressed
    Position enc:    Hardware RoPE
    Draft decoding:  MEDUSA 3-head

[PASS] Test 1: Embedding produced non-zero vector
[PASS] Test 2: All 12 layers completed (276 total cycles)
[PASS] Test 3: Data transforms across layers (L0 != L1 != L12)
[PASS] Test 4: MEDUSA produced 3 draft token predictions
[PASS] Test 5: Total inference = 358 cycles (reasonable for 12-layer model)

================================================================
  12-Layer Inference Emulation Tests: 5 / 5 PASSED
================================================================
TB_RESULT pass=5 fail=0
D:\Projects\BitbyBit\custom_gpu_project\tb\integration\full_model_inference_tb.v:445: $finish called at 5860000 (1ps)

Compiling demo_full_model_imprint_w1_r14 ...
Running demo_full_model_imprint_w1_r14 ...

================================================================
  MINI IMPRINT 12-LAYER INFERENCE EMULATION
  Architecture: hardwired embedding + 12x fixed-latency mini core
  Pipeline: Imprint Embedding -> 12x Mini Core -> MEDUSA
  Clock: 100 MHz | ALL numbers from simulation
================================================================

  [Embedding]  Token 5 -> imprint vector (1 cycle)
    emb_out[0:3] = [300, 340, 380, 420]

  Layer  Total   
  -----  ------  
  L1        8cy
  L2        8cy
  L3        8cy
  L4        8cy
  L5        8cy
  L6        8cy
  L7        8cy
  L8        8cy
  L9        8cy
  L10       8cy
  L11       8cy
  L12       8cy

  [MEDUSA]     3 draft token predictions (3 cycles)
    Predicted tokens: [217, 179, 141]

================================================================
  MINI IMPRINT INFERENCE RESULTS (ALL measured)
================================================================

  STAGE                    CYCLES    TIME @100MHz
  -----                    ------    ------------
  Imprint Embedding           1 cy      10 ns
  12x Mini Core Layers       96 cy     960 ns
    Per-layer average         8 cy      80 ns
  MEDUSA Prediction           3 cy      30 ns
  -----------------------------------------
  TOTAL INFERENCE           112 cy    1120 ns

  Throughput:
    Single token:    112 cycles = 1120 ns = 1.120 us
    Tokens/second:   ~892857 (100 MHz FPGA)
    MEDUSA draft:    3 tokens predicted -> effective 2678571 tok/s

[PASS] Test 1: MINI imprint embedding active and non-zero
[PASS] Test 2: 12 layers completed at fixed 8-cycle latency
[PASS] Test 3: Data transformed across layers
[PASS] Test 4: MEDUSA produced predictions
[PASS] Test 5: Total inference cycles in expected range

================================================================
  MINI Imprint Inference Tests: 5 / 5 PASSED
================================================================
D:\Projects\BitbyBit\custom_gpu_project\tb\integration\full_model_inference_imprint_tb.v:349: $finish called at 1460000 (1ps)
Running paired compare workload 1/20, pass 15/25 (measured) [token=5, pos=2]...

Compiling demo_full_model_base_w1_r15 ...
Running demo_full_model_base_w1_r15 ...

================================================================
  GPT-2 12-LAYER INFERENCE EMULATION
  Architecture: 12 transformer layers, 8-dim, 4Q/2KV heads
  Pipeline: Embedding ΓåÆ 12├ù reused [RoPEΓåÆGQAΓåÆSMΓåÆGELUΓåÆKVQΓåÆComp] ΓåÆ MEDUSA
  Clock: 100 MHz | ALL numbers from simulation
================================================================

--- Loading Model Weights ---
  Loaded: 16 token embeddings x 8 dims
  Loaded: 8 position embeddings x 8 dims
  Loaded: 3 MEDUSA head weights x 8 dims

================================================================
  INFERENCE: Token ID = 5, Position = 2
================================================================

  [Embedding]  Token 5 ΓåÆ embedding vector (2 cycle)
    emb_out[0:3] = [300, 340, 380, 420]
    emb_out[4:7] = [460, 500, 540, 580]

  Layer  RoPE     GQA    SM     GELU   KVQ    Comp   Total   
  -----  ------   ----   ----   ----   ----   ----   ------  
  L1        8cy     3cy    9cy    3cy    3cy    3cy    23cy
  L2        8cy     3cy    9cy    3cy    3cy    3cy    23cy
  L3        8cy     3cy    9cy    3cy    3cy    3cy    23cy
  L4        8cy     3cy    9cy    3cy    3cy    3cy    23cy
  L5        8cy     3cy    9cy    3cy    3cy    3cy    23cy
  L6        8cy     3cy    9cy    3cy    3cy    3cy    23cy
  L7        8cy     3cy    9cy    3cy    3cy    3cy    23cy
  L8        8cy     3cy    9cy    3cy    3cy    3cy    23cy
  L9        8cy     3cy    9cy    3cy    3cy    3cy    23cy
  L10       8cy     3cy    9cy    3cy    3cy    3cy    23cy
  L11       8cy     3cy    9cy    3cy    3cy    3cy    23cy
  L12       8cy     3cy    9cy    3cy    3cy    3cy    23cy

  Total layer processing: 276 cycles across 12 sequential layer passes

  [MEDUSA]     3 draft token predictions (3 cycles)
    Predicted tokens: [115, 231, 91]

================================================================
  12-LAYER INFERENCE EMULATION RESULTS (ALL measured)
================================================================

  STAGE                    CYCLES    TIME @100MHz
  -----                    ------    ------------
  Embedding Lookup            2 cy      20 ns
  12x Transformer Layers    276 cy    2760 ns
    Per-layer average        23 cy     230 ns
  MEDUSA Prediction           3 cy      30 ns
  -----------------------------------------
  TOTAL INFERENCE           358 cy    3580 ns

  Throughput:
    Single token:    358 cycles = 3580 ns = 3.580 us
    Tokens/second:   ~279329 (100 MHz FPGA)
    MEDUSA draft:    3 tokens predicted ΓåÆ effective 837988 tok/s

  DATA TRANSFORMATION PROOF:
    Input:  Token ID 5 ΓåÆ emb = [300, 340, 380, 420, ...]
    After L1:  [227, 391, 189, 1891, ...]
    After L6:  [-201, 402, -2868, 0, ...]
    After L12: [-448, -37, -5275, 0, ...]
    Output:    Token predictions = [115, 231, 91]

  HARDWARE USED:
    Multipliers:     0 (BitNet ternary)
    KV heads:        2 shared (vs 4 in standard)
    KV precision:    4-bit (INT4 quantized)
    Activations:     8-bit compressed
    Position enc:    Hardware RoPE
    Draft decoding:  MEDUSA 3-head

[PASS] Test 1: Embedding produced non-zero vector
[PASS] Test 2: All 12 layers completed (276 total cycles)
[PASS] Test 3: Data transforms across layers (L0 != L1 != L12)
[PASS] Test 4: MEDUSA produced 3 draft token predictions
[PASS] Test 5: Total inference = 358 cycles (reasonable for 12-layer model)

================================================================
  12-Layer Inference Emulation Tests: 5 / 5 PASSED
================================================================
TB_RESULT pass=5 fail=0
D:\Projects\BitbyBit\custom_gpu_project\tb\integration\full_model_inference_tb.v:445: $finish called at 5860000 (1ps)

Compiling demo_full_model_imprint_w1_r15 ...
Running demo_full_model_imprint_w1_r15 ...

================================================================
  MINI IMPRINT 12-LAYER INFERENCE EMULATION
  Architecture: hardwired embedding + 12x fixed-latency mini core
  Pipeline: Imprint Embedding -> 12x Mini Core -> MEDUSA
  Clock: 100 MHz | ALL numbers from simulation
================================================================

  [Embedding]  Token 5 -> imprint vector (1 cycle)
    emb_out[0:3] = [300, 340, 380, 420]

  Layer  Total   
  -----  ------  
  L1        8cy
  L2        8cy
  L3        8cy
  L4        8cy
  L5        8cy
  L6        8cy
  L7        8cy
  L8        8cy
  L9        8cy
  L10       8cy
  L11       8cy
  L12       8cy

  [MEDUSA]     3 draft token predictions (3 cycles)
    Predicted tokens: [217, 179, 141]

================================================================
  MINI IMPRINT INFERENCE RESULTS (ALL measured)
================================================================

  STAGE                    CYCLES    TIME @100MHz
  -----                    ------    ------------
  Imprint Embedding           1 cy      10 ns
  12x Mini Core Layers       96 cy     960 ns
    Per-layer average         8 cy      80 ns
  MEDUSA Prediction           3 cy      30 ns
  -----------------------------------------
  TOTAL INFERENCE           112 cy    1120 ns

  Throughput:
    Single token:    112 cycles = 1120 ns = 1.120 us
    Tokens/second:   ~892857 (100 MHz FPGA)
    MEDUSA draft:    3 tokens predicted -> effective 2678571 tok/s

[PASS] Test 1: MINI imprint embedding active and non-zero
[PASS] Test 2: 12 layers completed at fixed 8-cycle latency
[PASS] Test 3: Data transformed across layers
[PASS] Test 4: MEDUSA produced predictions
[PASS] Test 5: Total inference cycles in expected range

================================================================
  MINI Imprint Inference Tests: 5 / 5 PASSED
================================================================
D:\Projects\BitbyBit\custom_gpu_project\tb\integration\full_model_inference_imprint_tb.v:349: $finish called at 1460000 (1ps)
Running paired compare workload 1/20, pass 16/25 (measured) [token=5, pos=2]...

Compiling demo_full_model_base_w1_r16 ...
Running demo_full_model_base_w1_r16 ...

================================================================
  GPT-2 12-LAYER INFERENCE EMULATION
  Architecture: 12 transformer layers, 8-dim, 4Q/2KV heads
  Pipeline: Embedding ΓåÆ 12├ù reused [RoPEΓåÆGQAΓåÆSMΓåÆGELUΓåÆKVQΓåÆComp] ΓåÆ MEDUSA
  Clock: 100 MHz | ALL numbers from simulation
================================================================

--- Loading Model Weights ---
  Loaded: 16 token embeddings x 8 dims
  Loaded: 8 position embeddings x 8 dims
  Loaded: 3 MEDUSA head weights x 8 dims

================================================================
  INFERENCE: Token ID = 5, Position = 2
================================================================

  [Embedding]  Token 5 ΓåÆ embedding vector (2 cycle)
    emb_out[0:3] = [300, 340, 380, 420]
    emb_out[4:7] = [460, 500, 540, 580]

  Layer  RoPE     GQA    SM     GELU   KVQ    Comp   Total   
  -----  ------   ----   ----   ----   ----   ----   ------  
  L1        8cy     3cy    9cy    3cy    3cy    3cy    23cy
  L2        8cy     3cy    9cy    3cy    3cy    3cy    23cy
  L3        8cy     3cy    9cy    3cy    3cy    3cy    23cy
  L4        8cy     3cy    9cy    3cy    3cy    3cy    23cy
  L5        8cy     3cy    9cy    3cy    3cy    3cy    23cy
  L6        8cy     3cy    9cy    3cy    3cy    3cy    23cy
  L7        8cy     3cy    9cy    3cy    3cy    3cy    23cy
  L8        8cy     3cy    9cy    3cy    3cy    3cy    23cy
  L9        8cy     3cy    9cy    3cy    3cy    3cy    23cy
  L10       8cy     3cy    9cy    3cy    3cy    3cy    23cy
  L11       8cy     3cy    9cy    3cy    3cy    3cy    23cy
  L12       8cy     3cy    9cy    3cy    3cy    3cy    23cy

  Total layer processing: 276 cycles across 12 sequential layer passes

  [MEDUSA]     3 draft token predictions (3 cycles)
    Predicted tokens: [115, 231, 91]

================================================================
  12-LAYER INFERENCE EMULATION RESULTS (ALL measured)
================================================================

  STAGE                    CYCLES    TIME @100MHz
  -----                    ------    ------------
  Embedding Lookup            2 cy      20 ns
  12x Transformer Layers    276 cy    2760 ns
    Per-layer average        23 cy     230 ns
  MEDUSA Prediction           3 cy      30 ns
  -----------------------------------------
  TOTAL INFERENCE           358 cy    3580 ns

  Throughput:
    Single token:    358 cycles = 3580 ns = 3.580 us
    Tokens/second:   ~279329 (100 MHz FPGA)
    MEDUSA draft:    3 tokens predicted ΓåÆ effective 837988 tok/s

  DATA TRANSFORMATION PROOF:
    Input:  Token ID 5 ΓåÆ emb = [300, 340, 380, 420, ...]
    After L1:  [227, 391, 189, 1891, ...]
    After L6:  [-201, 402, -2868, 0, ...]
    After L12: [-448, -37, -5275, 0, ...]
    Output:    Token predictions = [115, 231, 91]

  HARDWARE USED:
    Multipliers:     0 (BitNet ternary)
    KV heads:        2 shared (vs 4 in standard)
    KV precision:    4-bit (INT4 quantized)
    Activations:     8-bit compressed
    Position enc:    Hardware RoPE
    Draft decoding:  MEDUSA 3-head

[PASS] Test 1: Embedding produced non-zero vector
[PASS] Test 2: All 12 layers completed (276 total cycles)
[PASS] Test 3: Data transforms across layers (L0 != L1 != L12)
[PASS] Test 4: MEDUSA produced 3 draft token predictions
[PASS] Test 5: Total inference = 358 cycles (reasonable for 12-layer model)

================================================================
  12-Layer Inference Emulation Tests: 5 / 5 PASSED
================================================================
TB_RESULT pass=5 fail=0
D:\Projects\BitbyBit\custom_gpu_project\tb\integration\full_model_inference_tb.v:445: $finish called at 5860000 (1ps)

Compiling demo_full_model_imprint_w1_r16 ...
Running demo_full_model_imprint_w1_r16 ...

================================================================
  MINI IMPRINT 12-LAYER INFERENCE EMULATION
  Architecture: hardwired embedding + 12x fixed-latency mini core
  Pipeline: Imprint Embedding -> 12x Mini Core -> MEDUSA
  Clock: 100 MHz | ALL numbers from simulation
================================================================

  [Embedding]  Token 5 -> imprint vector (1 cycle)
    emb_out[0:3] = [300, 340, 380, 420]

  Layer  Total   
  -----  ------  
  L1        8cy
  L2        8cy
  L3        8cy
  L4        8cy
  L5        8cy
  L6        8cy
  L7        8cy
  L8        8cy
  L9        8cy
  L10       8cy
  L11       8cy
  L12       8cy

  [MEDUSA]     3 draft token predictions (3 cycles)
    Predicted tokens: [217, 179, 141]

================================================================
  MINI IMPRINT INFERENCE RESULTS (ALL measured)
================================================================

  STAGE                    CYCLES    TIME @100MHz
  -----                    ------    ------------
  Imprint Embedding           1 cy      10 ns
  12x Mini Core Layers       96 cy     960 ns
    Per-layer average         8 cy      80 ns
  MEDUSA Prediction           3 cy      30 ns
  -----------------------------------------
  TOTAL INFERENCE           112 cy    1120 ns

  Throughput:
    Single token:    112 cycles = 1120 ns = 1.120 us
    Tokens/second:   ~892857 (100 MHz FPGA)
    MEDUSA draft:    3 tokens predicted -> effective 2678571 tok/s

[PASS] Test 1: MINI imprint embedding active and non-zero
[PASS] Test 2: 12 layers completed at fixed 8-cycle latency
[PASS] Test 3: Data transformed across layers
[PASS] Test 4: MEDUSA produced predictions
[PASS] Test 5: Total inference cycles in expected range

================================================================
  MINI Imprint Inference Tests: 5 / 5 PASSED
================================================================
D:\Projects\BitbyBit\custom_gpu_project\tb\integration\full_model_inference_imprint_tb.v:349: $finish called at 1460000 (1ps)
Running paired compare workload 1/20, pass 17/25 (measured) [token=5, pos=2]...

Compiling demo_full_model_base_w1_r17 ...
Running demo_full_model_base_w1_r17 ...

================================================================
  GPT-2 12-LAYER INFERENCE EMULATION
  Architecture: 12 transformer layers, 8-dim, 4Q/2KV heads
  Pipeline: Embedding ΓåÆ 12├ù reused [RoPEΓåÆGQAΓåÆSMΓåÆGELUΓåÆKVQΓåÆComp] ΓåÆ MEDUSA
  Clock: 100 MHz | ALL numbers from simulation
================================================================

--- Loading Model Weights ---
  Loaded: 16 token embeddings x 8 dims
  Loaded: 8 position embeddings x 8 dims
  Loaded: 3 MEDUSA head weights x 8 dims

================================================================
  INFERENCE: Token ID = 5, Position = 2
================================================================

  [Embedding]  Token 5 ΓåÆ embedding vector (2 cycle)
    emb_out[0:3] = [300, 340, 380, 420]
    emb_out[4:7] = [460, 500, 540, 580]

  Layer  RoPE     GQA    SM     GELU   KVQ    Comp   Total   
  -----  ------   ----   ----   ----   ----   ----   ------  
  L1        8cy     3cy    9cy    3cy    3cy    3cy    23cy
  L2        8cy     3cy    9cy    3cy    3cy    3cy    23cy
  L3        8cy     3cy    9cy    3cy    3cy    3cy    23cy
  L4        8cy     3cy    9cy    3cy    3cy    3cy    23cy
  L5        8cy     3cy    9cy    3cy    3cy    3cy    23cy
  L6        8cy     3cy    9cy    3cy    3cy    3cy    23cy
  L7        8cy     3cy    9cy    3cy    3cy    3cy    23cy
  L8        8cy     3cy    9cy    3cy    3cy    3cy    23cy
  L9        8cy     3cy    9cy    3cy    3cy    3cy    23cy
  L10       8cy     3cy    9cy    3cy    3cy    3cy    23cy
  L11       8cy     3cy    9cy    3cy    3cy    3cy    23cy
  L12       8cy     3cy    9cy    3cy    3cy    3cy    23cy

  Total layer processing: 276 cycles across 12 sequential layer passes

  [MEDUSA]     3 draft token predictions (3 cycles)
    Predicted tokens: [115, 231, 91]

================================================================
  12-LAYER INFERENCE EMULATION RESULTS (ALL measured)
================================================================

  STAGE                    CYCLES    TIME @100MHz
  -----                    ------    ------------
  Embedding Lookup            2 cy      20 ns
  12x Transformer Layers    276 cy    2760 ns
    Per-layer average        23 cy     230 ns
  MEDUSA Prediction           3 cy      30 ns
  -----------------------------------------
  TOTAL INFERENCE           358 cy    3580 ns

  Throughput:
    Single token:    358 cycles = 3580 ns = 3.580 us
    Tokens/second:   ~279329 (100 MHz FPGA)
    MEDUSA draft:    3 tokens predicted ΓåÆ effective 837988 tok/s

  DATA TRANSFORMATION PROOF:
    Input:  Token ID 5 ΓåÆ emb = [300, 340, 380, 420, ...]
    After L1:  [227, 391, 189, 1891, ...]
    After L6:  [-201, 402, -2868, 0, ...]
    After L12: [-448, -37, -5275, 0, ...]
    Output:    Token predictions = [115, 231, 91]

  HARDWARE USED:
    Multipliers:     0 (BitNet ternary)
    KV heads:        2 shared (vs 4 in standard)
    KV precision:    4-bit (INT4 quantized)
    Activations:     8-bit compressed
    Position enc:    Hardware RoPE
    Draft decoding:  MEDUSA 3-head

[PASS] Test 1: Embedding produced non-zero vector
[PASS] Test 2: All 12 layers completed (276 total cycles)
[PASS] Test 3: Data transforms across layers (L0 != L1 != L12)
[PASS] Test 4: MEDUSA produced 3 draft token predictions
[PASS] Test 5: Total inference = 358 cycles (reasonable for 12-layer model)

================================================================
  12-Layer Inference Emulation Tests: 5 / 5 PASSED
================================================================
TB_RESULT pass=5 fail=0
D:\Projects\BitbyBit\custom_gpu_project\tb\integration\full_model_inference_tb.v:445: $finish called at 5860000 (1ps)

Compiling demo_full_model_imprint_w1_r17 ...
Running demo_full_model_imprint_w1_r17 ...

================================================================
  MINI IMPRINT 12-LAYER INFERENCE EMULATION
  Architecture: hardwired embedding + 12x fixed-latency mini core
  Pipeline: Imprint Embedding -> 12x Mini Core -> MEDUSA
  Clock: 100 MHz | ALL numbers from simulation
================================================================

  [Embedding]  Token 5 -> imprint vector (1 cycle)
    emb_out[0:3] = [300, 340, 380, 420]

  Layer  Total   
  -----  ------  
  L1        8cy
  L2        8cy
  L3        8cy
  L4        8cy
  L5        8cy
  L6        8cy
  L7        8cy
  L8        8cy
  L9        8cy
  L10       8cy
  L11       8cy
  L12       8cy

  [MEDUSA]     3 draft token predictions (3 cycles)
    Predicted tokens: [217, 179, 141]

================================================================
  MINI IMPRINT INFERENCE RESULTS (ALL measured)
================================================================

  STAGE                    CYCLES    TIME @100MHz
  -----                    ------    ------------
  Imprint Embedding           1 cy      10 ns
  12x Mini Core Layers       96 cy     960 ns
    Per-layer average         8 cy      80 ns
  MEDUSA Prediction           3 cy      30 ns
  -----------------------------------------
  TOTAL INFERENCE           112 cy    1120 ns

  Throughput:
    Single token:    112 cycles = 1120 ns = 1.120 us
    Tokens/second:   ~892857 (100 MHz FPGA)
    MEDUSA draft:    3 tokens predicted -> effective 2678571 tok/s

[PASS] Test 1: MINI imprint embedding active and non-zero
[PASS] Test 2: 12 layers completed at fixed 8-cycle latency
[PASS] Test 3: Data transformed across layers
[PASS] Test 4: MEDUSA produced predictions
[PASS] Test 5: Total inference cycles in expected range

================================================================
  MINI Imprint Inference Tests: 5 / 5 PASSED
================================================================
D:\Projects\BitbyBit\custom_gpu_project\tb\integration\full_model_inference_imprint_tb.v:349: $finish called at 1460000 (1ps)
Running paired compare workload 1/20, pass 18/25 (measured) [token=5, pos=2]...

Compiling demo_full_model_base_w1_r18 ...
Running demo_full_model_base_w1_r18 ...

================================================================
  GPT-2 12-LAYER INFERENCE EMULATION
  Architecture: 12 transformer layers, 8-dim, 4Q/2KV heads
  Pipeline: Embedding ΓåÆ 12├ù reused [RoPEΓåÆGQAΓåÆSMΓåÆGELUΓåÆKVQΓåÆComp] ΓåÆ MEDUSA
  Clock: 100 MHz | ALL numbers from simulation
================================================================

--- Loading Model Weights ---
  Loaded: 16 token embeddings x 8 dims
  Loaded: 8 position embeddings x 8 dims
  Loaded: 3 MEDUSA head weights x 8 dims

================================================================
  INFERENCE: Token ID = 5, Position = 2
================================================================

  [Embedding]  Token 5 ΓåÆ embedding vector (2 cycle)
    emb_out[0:3] = [300, 340, 380, 420]
    emb_out[4:7] = [460, 500, 540, 580]

  Layer  RoPE     GQA    SM     GELU   KVQ    Comp   Total   
  -----  ------   ----   ----   ----   ----   ----   ------  
  L1        8cy     3cy    9cy    3cy    3cy    3cy    23cy
  L2        8cy     3cy    9cy    3cy    3cy    3cy    23cy
  L3        8cy     3cy    9cy    3cy    3cy    3cy    23cy
  L4        8cy     3cy    9cy    3cy    3cy    3cy    23cy
  L5        8cy     3cy    9cy    3cy    3cy    3cy    23cy
  L6        8cy     3cy    9cy    3cy    3cy    3cy    23cy
  L7        8cy     3cy    9cy    3cy    3cy    3cy    23cy
  L8        8cy     3cy    9cy    3cy    3cy    3cy    23cy
  L9        8cy     3cy    9cy    3cy    3cy    3cy    23cy
  L10       8cy     3cy    9cy    3cy    3cy    3cy    23cy
  L11       8cy     3cy    9cy    3cy    3cy    3cy    23cy
  L12       8cy     3cy    9cy    3cy    3cy    3cy    23cy

  Total layer processing: 276 cycles across 12 sequential layer passes

  [MEDUSA]     3 draft token predictions (3 cycles)
    Predicted tokens: [115, 231, 91]

================================================================
  12-LAYER INFERENCE EMULATION RESULTS (ALL measured)
================================================================

  STAGE                    CYCLES    TIME @100MHz
  -----                    ------    ------------
  Embedding Lookup            2 cy      20 ns
  12x Transformer Layers    276 cy    2760 ns
    Per-layer average        23 cy     230 ns
  MEDUSA Prediction           3 cy      30 ns
  -----------------------------------------
  TOTAL INFERENCE           358 cy    3580 ns

  Throughput:
    Single token:    358 cycles = 3580 ns = 3.580 us
    Tokens/second:   ~279329 (100 MHz FPGA)
    MEDUSA draft:    3 tokens predicted ΓåÆ effective 837988 tok/s

  DATA TRANSFORMATION PROOF:
    Input:  Token ID 5 ΓåÆ emb = [300, 340, 380, 420, ...]
    After L1:  [227, 391, 189, 1891, ...]
    After L6:  [-201, 402, -2868, 0, ...]
    After L12: [-448, -37, -5275, 0, ...]
    Output:    Token predictions = [115, 231, 91]

  HARDWARE USED:
    Multipliers:     0 (BitNet ternary)
    KV heads:        2 shared (vs 4 in standard)
    KV precision:    4-bit (INT4 quantized)
    Activations:     8-bit compressed
    Position enc:    Hardware RoPE
    Draft decoding:  MEDUSA 3-head

[PASS] Test 1: Embedding produced non-zero vector
[PASS] Test 2: All 12 layers completed (276 total cycles)
[PASS] Test 3: Data transforms across layers (L0 != L1 != L12)
[PASS] Test 4: MEDUSA produced 3 draft token predictions
[PASS] Test 5: Total inference = 358 cycles (reasonable for 12-layer model)

================================================================
  12-Layer Inference Emulation Tests: 5 / 5 PASSED
================================================================
TB_RESULT pass=5 fail=0
D:\Projects\BitbyBit\custom_gpu_project\tb\integration\full_model_inference_tb.v:445: $finish called at 5860000 (1ps)

Compiling demo_full_model_imprint_w1_r18 ...
Running demo_full_model_imprint_w1_r18 ...

================================================================
  MINI IMPRINT 12-LAYER INFERENCE EMULATION
  Architecture: hardwired embedding + 12x fixed-latency mini core
  Pipeline: Imprint Embedding -> 12x Mini Core -> MEDUSA
  Clock: 100 MHz | ALL numbers from simulation
================================================================

  [Embedding]  Token 5 -> imprint vector (1 cycle)
    emb_out[0:3] = [300, 340, 380, 420]

  Layer  Total   
  -----  ------  
  L1        8cy
  L2        8cy
  L3        8cy
  L4        8cy
  L5        8cy
  L6        8cy
  L7        8cy
  L8        8cy
  L9        8cy
  L10       8cy
  L11       8cy
  L12       8cy

  [MEDUSA]     3 draft token predictions (3 cycles)
    Predicted tokens: [217, 179, 141]

================================================================
  MINI IMPRINT INFERENCE RESULTS (ALL measured)
================================================================

  STAGE                    CYCLES    TIME @100MHz
  -----                    ------    ------------
  Imprint Embedding           1 cy      10 ns
  12x Mini Core Layers       96 cy     960 ns
    Per-layer average         8 cy      80 ns
  MEDUSA Prediction           3 cy      30 ns
  -----------------------------------------
  TOTAL INFERENCE           112 cy    1120 ns

  Throughput:
    Single token:    112 cycles = 1120 ns = 1.120 us
    Tokens/second:   ~892857 (100 MHz FPGA)
    MEDUSA draft:    3 tokens predicted -> effective 2678571 tok/s

[PASS] Test 1: MINI imprint embedding active and non-zero
[PASS] Test 2: 12 layers completed at fixed 8-cycle latency
[PASS] Test 3: Data transformed across layers
[PASS] Test 4: MEDUSA produced predictions
[PASS] Test 5: Total inference cycles in expected range

================================================================
  MINI Imprint Inference Tests: 5 / 5 PASSED
================================================================
D:\Projects\BitbyBit\custom_gpu_project\tb\integration\full_model_inference_imprint_tb.v:349: $finish called at 1460000 (1ps)
Running paired compare workload 1/20, pass 19/25 (measured) [token=5, pos=2]...

Compiling demo_full_model_base_w1_r19 ...
Running demo_full_model_base_w1_r19 ...

================================================================
  GPT-2 12-LAYER INFERENCE EMULATION
  Architecture: 12 transformer layers, 8-dim, 4Q/2KV heads
  Pipeline: Embedding ΓåÆ 12├ù reused [RoPEΓåÆGQAΓåÆSMΓåÆGELUΓåÆKVQΓåÆComp] ΓåÆ MEDUSA
  Clock: 100 MHz | ALL numbers from simulation
================================================================

--- Loading Model Weights ---
  Loaded: 16 token embeddings x 8 dims
  Loaded: 8 position embeddings x 8 dims
  Loaded: 3 MEDUSA head weights x 8 dims

================================================================
  INFERENCE: Token ID = 5, Position = 2
================================================================

  [Embedding]  Token 5 ΓåÆ embedding vector (2 cycle)
    emb_out[0:3] = [300, 340, 380, 420]
    emb_out[4:7] = [460, 500, 540, 580]

  Layer  RoPE     GQA    SM     GELU   KVQ    Comp   Total   
  -----  ------   ----   ----   ----   ----   ----   ------  
  L1        8cy     3cy    9cy    3cy    3cy    3cy    23cy
  L2        8cy     3cy    9cy    3cy    3cy    3cy    23cy
  L3        8cy     3cy    9cy    3cy    3cy    3cy    23cy
  L4        8cy     3cy    9cy    3cy    3cy    3cy    23cy
  L5        8cy     3cy    9cy    3cy    3cy    3cy    23cy
  L6        8cy     3cy    9cy    3cy    3cy    3cy    23cy
  L7        8cy     3cy    9cy    3cy    3cy    3cy    23cy
  L8        8cy     3cy    9cy    3cy    3cy    3cy    23cy
  L9        8cy     3cy    9cy    3cy    3cy    3cy    23cy
  L10       8cy     3cy    9cy    3cy    3cy    3cy    23cy
  L11       8cy     3cy    9cy    3cy    3cy    3cy    23cy
  L12       8cy     3cy    9cy    3cy    3cy    3cy    23cy

  Total layer processing: 276 cycles across 12 sequential layer passes

  [MEDUSA]     3 draft token predictions (3 cycles)
    Predicted tokens: [115, 231, 91]

================================================================
  12-LAYER INFERENCE EMULATION RESULTS (ALL measured)
================================================================

  STAGE                    CYCLES    TIME @100MHz
  -----                    ------    ------------
  Embedding Lookup            2 cy      20 ns
  12x Transformer Layers    276 cy    2760 ns
    Per-layer average        23 cy     230 ns
  MEDUSA Prediction           3 cy      30 ns
  -----------------------------------------
  TOTAL INFERENCE           358 cy    3580 ns

  Throughput:
    Single token:    358 cycles = 3580 ns = 3.580 us
    Tokens/second:   ~279329 (100 MHz FPGA)
    MEDUSA draft:    3 tokens predicted ΓåÆ effective 837988 tok/s

  DATA TRANSFORMATION PROOF:
    Input:  Token ID 5 ΓåÆ emb = [300, 340, 380, 420, ...]
    After L1:  [227, 391, 189, 1891, ...]
    After L6:  [-201, 402, -2868, 0, ...]
    After L12: [-448, -37, -5275, 0, ...]
    Output:    Token predictions = [115, 231, 91]

  HARDWARE USED:
    Multipliers:     0 (BitNet ternary)
    KV heads:        2 shared (vs 4 in standard)
    KV precision:    4-bit (INT4 quantized)
    Activations:     8-bit compressed
    Position enc:    Hardware RoPE
    Draft decoding:  MEDUSA 3-head

[PASS] Test 1: Embedding produced non-zero vector
[PASS] Test 2: All 12 layers completed (276 total cycles)
[PASS] Test 3: Data transforms across layers (L0 != L1 != L12)
[PASS] Test 4: MEDUSA produced 3 draft token predictions
[PASS] Test 5: Total inference = 358 cycles (reasonable for 12-layer model)

================================================================
  12-Layer Inference Emulation Tests: 5 / 5 PASSED
================================================================
TB_RESULT pass=5 fail=0
D:\Projects\BitbyBit\custom_gpu_project\tb\integration\full_model_inference_tb.v:445: $finish called at 5860000 (1ps)

Compiling demo_full_model_imprint_w1_r19 ...
Running demo_full_model_imprint_w1_r19 ...

================================================================
  MINI IMPRINT 12-LAYER INFERENCE EMULATION
  Architecture: hardwired embedding + 12x fixed-latency mini core
  Pipeline: Imprint Embedding -> 12x Mini Core -> MEDUSA
  Clock: 100 MHz | ALL numbers from simulation
================================================================

  [Embedding]  Token 5 -> imprint vector (1 cycle)
    emb_out[0:3] = [300, 340, 380, 420]

  Layer  Total   
  -----  ------  
  L1        8cy
  L2        8cy
  L3        8cy
  L4        8cy
  L5        8cy
  L6        8cy
  L7        8cy
  L8        8cy
  L9        8cy
  L10       8cy
  L11       8cy
  L12       8cy

  [MEDUSA]     3 draft token predictions (3 cycles)
    Predicted tokens: [217, 179, 141]

================================================================
  MINI IMPRINT INFERENCE RESULTS (ALL measured)
================================================================

  STAGE                    CYCLES    TIME @100MHz
  -----                    ------    ------------
  Imprint Embedding           1 cy      10 ns
  12x Mini Core Layers       96 cy     960 ns
    Per-layer average         8 cy      80 ns
  MEDUSA Prediction           3 cy      30 ns
  -----------------------------------------
  TOTAL INFERENCE           112 cy    1120 ns

  Throughput:
    Single token:    112 cycles = 1120 ns = 1.120 us
    Tokens/second:   ~892857 (100 MHz FPGA)
    MEDUSA draft:    3 tokens predicted -> effective 2678571 tok/s

[PASS] Test 1: MINI imprint embedding active and non-zero
[PASS] Test 2: 12 layers completed at fixed 8-cycle latency
[PASS] Test 3: Data transformed across layers
[PASS] Test 4: MEDUSA produced predictions
[PASS] Test 5: Total inference cycles in expected range

================================================================
  MINI Imprint Inference Tests: 5 / 5 PASSED
================================================================
D:\Projects\BitbyBit\custom_gpu_project\tb\integration\full_model_inference_imprint_tb.v:349: $finish called at 1460000 (1ps)
Running paired compare workload 1/20, pass 20/25 (measured) [token=5, pos=2]...

Compiling demo_full_model_base_w1_r20 ...
Running demo_full_model_base_w1_r20 ...

================================================================
  GPT-2 12-LAYER INFERENCE EMULATION
  Architecture: 12 transformer layers, 8-dim, 4Q/2KV heads
  Pipeline: Embedding ΓåÆ 12├ù reused [RoPEΓåÆGQAΓåÆSMΓåÆGELUΓåÆKVQΓåÆComp] ΓåÆ MEDUSA
  Clock: 100 MHz | ALL numbers from simulation
================================================================

--- Loading Model Weights ---
  Loaded: 16 token embeddings x 8 dims
  Loaded: 8 position embeddings x 8 dims
  Loaded: 3 MEDUSA head weights x 8 dims

================================================================
  INFERENCE: Token ID = 5, Position = 2
================================================================

  [Embedding]  Token 5 ΓåÆ embedding vector (2 cycle)
    emb_out[0:3] = [300, 340, 380, 420]
    emb_out[4:7] = [460, 500, 540, 580]

  Layer  RoPE     GQA    SM     GELU   KVQ    Comp   Total   
  -----  ------   ----   ----   ----   ----   ----   ------  
  L1        8cy     3cy    9cy    3cy    3cy    3cy    23cy
  L2        8cy     3cy    9cy    3cy    3cy    3cy    23cy
  L3        8cy     3cy    9cy    3cy    3cy    3cy    23cy
  L4        8cy     3cy    9cy    3cy    3cy    3cy    23cy
  L5        8cy     3cy    9cy    3cy    3cy    3cy    23cy
  L6        8cy     3cy    9cy    3cy    3cy    3cy    23cy
  L7        8cy     3cy    9cy    3cy    3cy    3cy    23cy
  L8        8cy     3cy    9cy    3cy    3cy    3cy    23cy
  L9        8cy     3cy    9cy    3cy    3cy    3cy    23cy
  L10       8cy     3cy    9cy    3cy    3cy    3cy    23cy
  L11       8cy     3cy    9cy    3cy    3cy    3cy    23cy
  L12       8cy     3cy    9cy    3cy    3cy    3cy    23cy

  Total layer processing: 276 cycles across 12 sequential layer passes

  [MEDUSA]     3 draft token predictions (3 cycles)
    Predicted tokens: [115, 231, 91]

================================================================
  12-LAYER INFERENCE EMULATION RESULTS (ALL measured)
================================================================

  STAGE                    CYCLES    TIME @100MHz
  -----                    ------    ------------
  Embedding Lookup            2 cy      20 ns
  12x Transformer Layers    276 cy    2760 ns
    Per-layer average        23 cy     230 ns
  MEDUSA Prediction           3 cy      30 ns
  -----------------------------------------
  TOTAL INFERENCE           358 cy    3580 ns

  Throughput:
    Single token:    358 cycles = 3580 ns = 3.580 us
    Tokens/second:   ~279329 (100 MHz FPGA)
    MEDUSA draft:    3 tokens predicted ΓåÆ effective 837988 tok/s

  DATA TRANSFORMATION PROOF:
    Input:  Token ID 5 ΓåÆ emb = [300, 340, 380, 420, ...]
    After L1:  [227, 391, 189, 1891, ...]
    After L6:  [-201, 402, -2868, 0, ...]
    After L12: [-448, -37, -5275, 0, ...]
    Output:    Token predictions = [115, 231, 91]

  HARDWARE USED:
    Multipliers:     0 (BitNet ternary)
    KV heads:        2 shared (vs 4 in standard)
    KV precision:    4-bit (INT4 quantized)
    Activations:     8-bit compressed
    Position enc:    Hardware RoPE
    Draft decoding:  MEDUSA 3-head

[PASS] Test 1: Embedding produced non-zero vector
[PASS] Test 2: All 12 layers completed (276 total cycles)
[PASS] Test 3: Data transforms across layers (L0 != L1 != L12)
[PASS] Test 4: MEDUSA produced 3 draft token predictions
[PASS] Test 5: Total inference = 358 cycles (reasonable for 12-layer model)

================================================================
  12-Layer Inference Emulation Tests: 5 / 5 PASSED
================================================================
TB_RESULT pass=5 fail=0
D:\Projects\BitbyBit\custom_gpu_project\tb\integration\full_model_inference_tb.v:445: $finish called at 5860000 (1ps)

Compiling demo_full_model_imprint_w1_r20 ...
Running demo_full_model_imprint_w1_r20 ...

================================================================
  MINI IMPRINT 12-LAYER INFERENCE EMULATION
  Architecture: hardwired embedding + 12x fixed-latency mini core
  Pipeline: Imprint Embedding -> 12x Mini Core -> MEDUSA
  Clock: 100 MHz | ALL numbers from simulation
================================================================

  [Embedding]  Token 5 -> imprint vector (1 cycle)
    emb_out[0:3] = [300, 340, 380, 420]

  Layer  Total   
  -----  ------  
  L1        8cy
  L2        8cy
  L3        8cy
  L4        8cy
  L5        8cy
  L6        8cy
  L7        8cy
  L8        8cy
  L9        8cy
  L10       8cy
  L11       8cy
  L12       8cy

  [MEDUSA]     3 draft token predictions (3 cycles)
    Predicted tokens: [217, 179, 141]

================================================================
  MINI IMPRINT INFERENCE RESULTS (ALL measured)
================================================================

  STAGE                    CYCLES    TIME @100MHz
  -----                    ------    ------------
  Imprint Embedding           1 cy      10 ns
  12x Mini Core Layers       96 cy     960 ns
    Per-layer average         8 cy      80 ns
  MEDUSA Prediction           3 cy      30 ns
  -----------------------------------------
  TOTAL INFERENCE           112 cy    1120 ns

  Throughput:
    Single token:    112 cycles = 1120 ns = 1.120 us
    Tokens/second:   ~892857 (100 MHz FPGA)
    MEDUSA draft:    3 tokens predicted -> effective 2678571 tok/s

[PASS] Test 1: MINI imprint embedding active and non-zero
[PASS] Test 2: 12 layers completed at fixed 8-cycle latency
[PASS] Test 3: Data transformed across layers
[PASS] Test 4: MEDUSA produced predictions
[PASS] Test 5: Total inference cycles in expected range

================================================================
  MINI Imprint Inference Tests: 5 / 5 PASSED
================================================================
D:\Projects\BitbyBit\custom_gpu_project\tb\integration\full_model_inference_imprint_tb.v:349: $finish called at 1460000 (1ps)
Running paired compare workload 1/20, pass 21/25 (measured) [token=5, pos=2]...

Compiling demo_full_model_base_w1_r21 ...
Running demo_full_model_base_w1_r21 ...

================================================================
  GPT-2 12-LAYER INFERENCE EMULATION
  Architecture: 12 transformer layers, 8-dim, 4Q/2KV heads
  Pipeline: Embedding ΓåÆ 12├ù reused [RoPEΓåÆGQAΓåÆSMΓåÆGELUΓåÆKVQΓåÆComp] ΓåÆ MEDUSA
  Clock: 100 MHz | ALL numbers from simulation
================================================================

--- Loading Model Weights ---
  Loaded: 16 token embeddings x 8 dims
  Loaded: 8 position embeddings x 8 dims
  Loaded: 3 MEDUSA head weights x 8 dims

================================================================
  INFERENCE: Token ID = 5, Position = 2
================================================================

  [Embedding]  Token 5 ΓåÆ embedding vector (2 cycle)
    emb_out[0:3] = [300, 340, 380, 420]
    emb_out[4:7] = [460, 500, 540, 580]

  Layer  RoPE     GQA    SM     GELU   KVQ    Comp   Total   
  -----  ------   ----   ----   ----   ----   ----   ------  
  L1        8cy     3cy    9cy    3cy    3cy    3cy    23cy
  L2        8cy     3cy    9cy    3cy    3cy    3cy    23cy
  L3        8cy     3cy    9cy    3cy    3cy    3cy    23cy
  L4        8cy     3cy    9cy    3cy    3cy    3cy    23cy
  L5        8cy     3cy    9cy    3cy    3cy    3cy    23cy
  L6        8cy     3cy    9cy    3cy    3cy    3cy    23cy
  L7        8cy     3cy    9cy    3cy    3cy    3cy    23cy
  L8        8cy     3cy    9cy    3cy    3cy    3cy    23cy
  L9        8cy     3cy    9cy    3cy    3cy    3cy    23cy
  L10       8cy     3cy    9cy    3cy    3cy    3cy    23cy
  L11       8cy     3cy    9cy    3cy    3cy    3cy    23cy
  L12       8cy     3cy    9cy    3cy    3cy    3cy    23cy

  Total layer processing: 276 cycles across 12 sequential layer passes

  [MEDUSA]     3 draft token predictions (3 cycles)
    Predicted tokens: [115, 231, 91]

================================================================
  12-LAYER INFERENCE EMULATION RESULTS (ALL measured)
================================================================

  STAGE                    CYCLES    TIME @100MHz
  -----                    ------    ------------
  Embedding Lookup            2 cy      20 ns
  12x Transformer Layers    276 cy    2760 ns
    Per-layer average        23 cy     230 ns
  MEDUSA Prediction           3 cy      30 ns
  -----------------------------------------
  TOTAL INFERENCE           358 cy    3580 ns

  Throughput:
    Single token:    358 cycles = 3580 ns = 3.580 us
    Tokens/second:   ~279329 (100 MHz FPGA)
    MEDUSA draft:    3 tokens predicted ΓåÆ effective 837988 tok/s

  DATA TRANSFORMATION PROOF:
    Input:  Token ID 5 ΓåÆ emb = [300, 340, 380, 420, ...]
    After L1:  [227, 391, 189, 1891, ...]
    After L6:  [-201, 402, -2868, 0, ...]
    After L12: [-448, -37, -5275, 0, ...]
    Output:    Token predictions = [115, 231, 91]

  HARDWARE USED:
    Multipliers:     0 (BitNet ternary)
    KV heads:        2 shared (vs 4 in standard)
    KV precision:    4-bit (INT4 quantized)
    Activations:     8-bit compressed
    Position enc:    Hardware RoPE
    Draft decoding:  MEDUSA 3-head

[PASS] Test 1: Embedding produced non-zero vector
[PASS] Test 2: All 12 layers completed (276 total cycles)
[PASS] Test 3: Data transforms across layers (L0 != L1 != L12)
[PASS] Test 4: MEDUSA produced 3 draft token predictions
[PASS] Test 5: Total inference = 358 cycles (reasonable for 12-layer model)

================================================================
  12-Layer Inference Emulation Tests: 5 / 5 PASSED
================================================================
TB_RESULT pass=5 fail=0
D:\Projects\BitbyBit\custom_gpu_project\tb\integration\full_model_inference_tb.v:445: $finish called at 5860000 (1ps)

Compiling demo_full_model_imprint_w1_r21 ...
Running demo_full_model_imprint_w1_r21 ...

================================================================
  MINI IMPRINT 12-LAYER INFERENCE EMULATION
  Architecture: hardwired embedding + 12x fixed-latency mini core
  Pipeline: Imprint Embedding -> 12x Mini Core -> MEDUSA
  Clock: 100 MHz | ALL numbers from simulation
================================================================

  [Embedding]  Token 5 -> imprint vector (1 cycle)
    emb_out[0:3] = [300, 340, 380, 420]

  Layer  Total   
  -----  ------  
  L1        8cy
  L2        8cy
  L3        8cy
  L4        8cy
  L5        8cy
  L6        8cy
  L7        8cy
  L8        8cy
  L9        8cy
  L10       8cy
  L11       8cy
  L12       8cy

  [MEDUSA]     3 draft token predictions (3 cycles)
    Predicted tokens: [217, 179, 141]

================================================================
  MINI IMPRINT INFERENCE RESULTS (ALL measured)
================================================================

  STAGE                    CYCLES    TIME @100MHz
  -----                    ------    ------------
  Imprint Embedding           1 cy      10 ns
  12x Mini Core Layers       96 cy     960 ns
    Per-layer average         8 cy      80 ns
  MEDUSA Prediction           3 cy      30 ns
  -----------------------------------------
  TOTAL INFERENCE           112 cy    1120 ns

  Throughput:
    Single token:    112 cycles = 1120 ns = 1.120 us
    Tokens/second:   ~892857 (100 MHz FPGA)
    MEDUSA draft:    3 tokens predicted -> effective 2678571 tok/s

[PASS] Test 1: MINI imprint embedding active and non-zero
[PASS] Test 2: 12 layers completed at fixed 8-cycle latency
[PASS] Test 3: Data transformed across layers
[PASS] Test 4: MEDUSA produced predictions
[PASS] Test 5: Total inference cycles in expected range

================================================================
  MINI Imprint Inference Tests: 5 / 5 PASSED
================================================================
D:\Projects\BitbyBit\custom_gpu_project\tb\integration\full_model_inference_imprint_tb.v:349: $finish called at 1460000 (1ps)
Running paired compare workload 1/20, pass 22/25 (measured) [token=5, pos=2]...

Compiling demo_full_model_base_w1_r22 ...
Running demo_full_model_base_w1_r22 ...

================================================================
  GPT-2 12-LAYER INFERENCE EMULATION
  Architecture: 12 transformer layers, 8-dim, 4Q/2KV heads
  Pipeline: Embedding ΓåÆ 12├ù reused [RoPEΓåÆGQAΓåÆSMΓåÆGELUΓåÆKVQΓåÆComp] ΓåÆ MEDUSA
  Clock: 100 MHz | ALL numbers from simulation
================================================================

--- Loading Model Weights ---
  Loaded: 16 token embeddings x 8 dims
  Loaded: 8 position embeddings x 8 dims
  Loaded: 3 MEDUSA head weights x 8 dims

================================================================
  INFERENCE: Token ID = 5, Position = 2
================================================================

  [Embedding]  Token 5 ΓåÆ embedding vector (2 cycle)
    emb_out[0:3] = [300, 340, 380, 420]
    emb_out[4:7] = [460, 500, 540, 580]

  Layer  RoPE     GQA    SM     GELU   KVQ    Comp   Total   
  -----  ------   ----   ----   ----   ----   ----   ------  
  L1        8cy     3cy    9cy    3cy    3cy    3cy    23cy
  L2        8cy     3cy    9cy    3cy    3cy    3cy    23cy
  L3        8cy     3cy    9cy    3cy    3cy    3cy    23cy
  L4        8cy     3cy    9cy    3cy    3cy    3cy    23cy
  L5        8cy     3cy    9cy    3cy    3cy    3cy    23cy
  L6        8cy     3cy    9cy    3cy    3cy    3cy    23cy
  L7        8cy     3cy    9cy    3cy    3cy    3cy    23cy
  L8        8cy     3cy    9cy    3cy    3cy    3cy    23cy
  L9        8cy     3cy    9cy    3cy    3cy    3cy    23cy
  L10       8cy     3cy    9cy    3cy    3cy    3cy    23cy
  L11       8cy     3cy    9cy    3cy    3cy    3cy    23cy
  L12       8cy     3cy    9cy    3cy    3cy    3cy    23cy

  Total layer processing: 276 cycles across 12 sequential layer passes

  [MEDUSA]     3 draft token predictions (3 cycles)
    Predicted tokens: [115, 231, 91]

================================================================
  12-LAYER INFERENCE EMULATION RESULTS (ALL measured)
================================================================

  STAGE                    CYCLES    TIME @100MHz
  -----                    ------    ------------
  Embedding Lookup            2 cy      20 ns
  12x Transformer Layers    276 cy    2760 ns
    Per-layer average        23 cy     230 ns
  MEDUSA Prediction           3 cy      30 ns
  -----------------------------------------
  TOTAL INFERENCE           358 cy    3580 ns

  Throughput:
    Single token:    358 cycles = 3580 ns = 3.580 us
    Tokens/second:   ~279329 (100 MHz FPGA)
    MEDUSA draft:    3 tokens predicted ΓåÆ effective 837988 tok/s

  DATA TRANSFORMATION PROOF:
    Input:  Token ID 5 ΓåÆ emb = [300, 340, 380, 420, ...]
    After L1:  [227, 391, 189, 1891, ...]
    After L6:  [-201, 402, -2868, 0, ...]
    After L12: [-448, -37, -5275, 0, ...]
    Output:    Token predictions = [115, 231, 91]

  HARDWARE USED:
    Multipliers:     0 (BitNet ternary)
    KV heads:        2 shared (vs 4 in standard)
    KV precision:    4-bit (INT4 quantized)
    Activations:     8-bit compressed
    Position enc:    Hardware RoPE
    Draft decoding:  MEDUSA 3-head

[PASS] Test 1: Embedding produced non-zero vector
[PASS] Test 2: All 12 layers completed (276 total cycles)
[PASS] Test 3: Data transforms across layers (L0 != L1 != L12)
[PASS] Test 4: MEDUSA produced 3 draft token predictions
[PASS] Test 5: Total inference = 358 cycles (reasonable for 12-layer model)

================================================================
  12-Layer Inference Emulation Tests: 5 / 5 PASSED
================================================================
TB_RESULT pass=5 fail=0
D:\Projects\BitbyBit\custom_gpu_project\tb\integration\full_model_inference_tb.v:445: $finish called at 5860000 (1ps)

Compiling demo_full_model_imprint_w1_r22 ...
Running demo_full_model_imprint_w1_r22 ...

================================================================
  MINI IMPRINT 12-LAYER INFERENCE EMULATION
  Architecture: hardwired embedding + 12x fixed-latency mini core
  Pipeline: Imprint Embedding -> 12x Mini Core -> MEDUSA
  Clock: 100 MHz | ALL numbers from simulation
================================================================

  [Embedding]  Token 5 -> imprint vector (1 cycle)
    emb_out[0:3] = [300, 340, 380, 420]

  Layer  Total   
  -----  ------  
  L1        8cy
  L2        8cy
  L3        8cy
  L4        8cy
  L5        8cy
  L6        8cy
  L7        8cy
  L8        8cy
  L9        8cy
  L10       8cy
  L11       8cy
  L12       8cy

  [MEDUSA]     3 draft token predictions (3 cycles)
    Predicted tokens: [217, 179, 141]

================================================================
  MINI IMPRINT INFERENCE RESULTS (ALL measured)
================================================================

  STAGE                    CYCLES    TIME @100MHz
  -----                    ------    ------------
  Imprint Embedding           1 cy      10 ns
  12x Mini Core Layers       96 cy     960 ns
    Per-layer average         8 cy      80 ns
  MEDUSA Prediction           3 cy      30 ns
  -----------------------------------------
  TOTAL INFERENCE           112 cy    1120 ns

  Throughput:
    Single token:    112 cycles = 1120 ns = 1.120 us
    Tokens/second:   ~892857 (100 MHz FPGA)
    MEDUSA draft:    3 tokens predicted -> effective 2678571 tok/s

[PASS] Test 1: MINI imprint embedding active and non-zero
[PASS] Test 2: 12 layers completed at fixed 8-cycle latency
[PASS] Test 3: Data transformed across layers
[PASS] Test 4: MEDUSA produced predictions
[PASS] Test 5: Total inference cycles in expected range

================================================================
  MINI Imprint Inference Tests: 5 / 5 PASSED
================================================================
D:\Projects\BitbyBit\custom_gpu_project\tb\integration\full_model_inference_imprint_tb.v:349: $finish called at 1460000 (1ps)
Running paired compare workload 1/20, pass 23/25 (measured) [token=5, pos=2]...

Compiling demo_full_model_base_w1_r23 ...
Running demo_full_model_base_w1_r23 ...

================================================================
  GPT-2 12-LAYER INFERENCE EMULATION
  Architecture: 12 transformer layers, 8-dim, 4Q/2KV heads
  Pipeline: Embedding ΓåÆ 12├ù reused [RoPEΓåÆGQAΓåÆSMΓåÆGELUΓåÆKVQΓåÆComp] ΓåÆ MEDUSA
  Clock: 100 MHz | ALL numbers from simulation
================================================================

--- Loading Model Weights ---
  Loaded: 16 token embeddings x 8 dims
  Loaded: 8 position embeddings x 8 dims
  Loaded: 3 MEDUSA head weights x 8 dims

================================================================
  INFERENCE: Token ID = 5, Position = 2
================================================================

  [Embedding]  Token 5 ΓåÆ embedding vector (2 cycle)
    emb_out[0:3] = [300, 340, 380, 420]
    emb_out[4:7] = [460, 500, 540, 580]

  Layer  RoPE     GQA    SM     GELU   KVQ    Comp   Total   
  -----  ------   ----   ----   ----   ----   ----   ------  
  L1        8cy     3cy    9cy    3cy    3cy    3cy    23cy
  L2        8cy     3cy    9cy    3cy    3cy    3cy    23cy
  L3        8cy     3cy    9cy    3cy    3cy    3cy    23cy
  L4        8cy     3cy    9cy    3cy    3cy    3cy    23cy
  L5        8cy     3cy    9cy    3cy    3cy    3cy    23cy
  L6        8cy     3cy    9cy    3cy    3cy    3cy    23cy
  L7        8cy     3cy    9cy    3cy    3cy    3cy    23cy
  L8        8cy     3cy    9cy    3cy    3cy    3cy    23cy
  L9        8cy     3cy    9cy    3cy    3cy    3cy    23cy
  L10       8cy     3cy    9cy    3cy    3cy    3cy    23cy
  L11       8cy     3cy    9cy    3cy    3cy    3cy    23cy
  L12       8cy     3cy    9cy    3cy    3cy    3cy    23cy

  Total layer processing: 276 cycles across 12 sequential layer passes

  [MEDUSA]     3 draft token predictions (3 cycles)
    Predicted tokens: [115, 231, 91]

================================================================
  12-LAYER INFERENCE EMULATION RESULTS (ALL measured)
================================================================

  STAGE                    CYCLES    TIME @100MHz
  -----                    ------    ------------
  Embedding Lookup            2 cy      20 ns
  12x Transformer Layers    276 cy    2760 ns
    Per-layer average        23 cy     230 ns
  MEDUSA Prediction           3 cy      30 ns
  -----------------------------------------
  TOTAL INFERENCE           358 cy    3580 ns

  Throughput:
    Single token:    358 cycles = 3580 ns = 3.580 us
    Tokens/second:   ~279329 (100 MHz FPGA)
    MEDUSA draft:    3 tokens predicted ΓåÆ effective 837988 tok/s

  DATA TRANSFORMATION PROOF:
    Input:  Token ID 5 ΓåÆ emb = [300, 340, 380, 420, ...]
    After L1:  [227, 391, 189, 1891, ...]
    After L6:  [-201, 402, -2868, 0, ...]
    After L12: [-448, -37, -5275, 0, ...]
    Output:    Token predictions = [115, 231, 91]

  HARDWARE USED:
    Multipliers:     0 (BitNet ternary)
    KV heads:        2 shared (vs 4 in standard)
    KV precision:    4-bit (INT4 quantized)
    Activations:     8-bit compressed
    Position enc:    Hardware RoPE
    Draft decoding:  MEDUSA 3-head

[PASS] Test 1: Embedding produced non-zero vector
[PASS] Test 2: All 12 layers completed (276 total cycles)
[PASS] Test 3: Data transforms across layers (L0 != L1 != L12)
[PASS] Test 4: MEDUSA produced 3 draft token predictions
[PASS] Test 5: Total inference = 358 cycles (reasonable for 12-layer model)

================================================================
  12-Layer Inference Emulation Tests: 5 / 5 PASSED
================================================================
TB_RESULT pass=5 fail=0
D:\Projects\BitbyBit\custom_gpu_project\tb\integration\full_model_inference_tb.v:445: $finish called at 5860000 (1ps)

Compiling demo_full_model_imprint_w1_r23 ...
Running demo_full_model_imprint_w1_r23 ...

================================================================
  MINI IMPRINT 12-LAYER INFERENCE EMULATION
  Architecture: hardwired embedding + 12x fixed-latency mini core
  Pipeline: Imprint Embedding -> 12x Mini Core -> MEDUSA
  Clock: 100 MHz | ALL numbers from simulation
================================================================

  [Embedding]  Token 5 -> imprint vector (1 cycle)
    emb_out[0:3] = [300, 340, 380, 420]

  Layer  Total   
  -----  ------  
  L1        8cy
  L2        8cy
  L3        8cy
  L4        8cy
  L5        8cy
  L6        8cy
  L7        8cy
  L8        8cy
  L9        8cy
  L10       8cy
  L11       8cy
  L12       8cy

  [MEDUSA]     3 draft token predictions (3 cycles)
    Predicted tokens: [217, 179, 141]

================================================================
  MINI IMPRINT INFERENCE RESULTS (ALL measured)
================================================================

  STAGE                    CYCLES    TIME @100MHz
  -----                    ------    ------------
  Imprint Embedding           1 cy      10 ns
  12x Mini Core Layers       96 cy     960 ns
    Per-layer average         8 cy      80 ns
  MEDUSA Prediction           3 cy      30 ns
  -----------------------------------------
  TOTAL INFERENCE           112 cy    1120 ns

  Throughput:
    Single token:    112 cycles = 1120 ns = 1.120 us
    Tokens/second:   ~892857 (100 MHz FPGA)
    MEDUSA draft:    3 tokens predicted -> effective 2678571 tok/s

[PASS] Test 1: MINI imprint embedding active and non-zero
[PASS] Test 2: 12 layers completed at fixed 8-cycle latency
[PASS] Test 3: Data transformed across layers
[PASS] Test 4: MEDUSA produced predictions
[PASS] Test 5: Total inference cycles in expected range

================================================================
  MINI Imprint Inference Tests: 5 / 5 PASSED
================================================================
D:\Projects\BitbyBit\custom_gpu_project\tb\integration\full_model_inference_imprint_tb.v:349: $finish called at 1460000 (1ps)
Running paired compare workload 1/20, pass 24/25 (measured) [token=5, pos=2]...

Compiling demo_full_model_base_w1_r24 ...
Running demo_full_model_base_w1_r24 ...

================================================================
  GPT-2 12-LAYER INFERENCE EMULATION
  Architecture: 12 transformer layers, 8-dim, 4Q/2KV heads
  Pipeline: Embedding ΓåÆ 12├ù reused [RoPEΓåÆGQAΓåÆSMΓåÆGELUΓåÆKVQΓåÆComp] ΓåÆ MEDUSA
  Clock: 100 MHz | ALL numbers from simulation
================================================================

--- Loading Model Weights ---
  Loaded: 16 token embeddings x 8 dims
  Loaded: 8 position embeddings x 8 dims
  Loaded: 3 MEDUSA head weights x 8 dims

================================================================
  INFERENCE: Token ID = 5, Position = 2
================================================================

  [Embedding]  Token 5 ΓåÆ embedding vector (2 cycle)
    emb_out[0:3] = [300, 340, 380, 420]
    emb_out[4:7] = [460, 500, 540, 580]

  Layer  RoPE     GQA    SM     GELU   KVQ    Comp   Total   
  -----  ------   ----   ----   ----   ----   ----   ------  
  L1        8cy     3cy    9cy    3cy    3cy    3cy    23cy
  L2        8cy     3cy    9cy    3cy    3cy    3cy    23cy
  L3        8cy     3cy    9cy    3cy    3cy    3cy    23cy
  L4        8cy     3cy    9cy    3cy    3cy    3cy    23cy
  L5        8cy     3cy    9cy    3cy    3cy    3cy    23cy
  L6        8cy     3cy    9cy    3cy    3cy    3cy    23cy
  L7        8cy     3cy    9cy    3cy    3cy    3cy    23cy
  L8        8cy     3cy    9cy    3cy    3cy    3cy    23cy
  L9        8cy     3cy    9cy    3cy    3cy    3cy    23cy
  L10       8cy     3cy    9cy    3cy    3cy    3cy    23cy
  L11       8cy     3cy    9cy    3cy    3cy    3cy    23cy
  L12       8cy     3cy    9cy    3cy    3cy    3cy    23cy

  Total layer processing: 276 cycles across 12 sequential layer passes

  [MEDUSA]     3 draft token predictions (3 cycles)
    Predicted tokens: [115, 231, 91]

================================================================
  12-LAYER INFERENCE EMULATION RESULTS (ALL measured)
================================================================

  STAGE                    CYCLES    TIME @100MHz
  -----                    ------    ------------
  Embedding Lookup            2 cy      20 ns
  12x Transformer Layers    276 cy    2760 ns
    Per-layer average        23 cy     230 ns
  MEDUSA Prediction           3 cy      30 ns
  -----------------------------------------
  TOTAL INFERENCE           358 cy    3580 ns

  Throughput:
    Single token:    358 cycles = 3580 ns = 3.580 us
    Tokens/second:   ~279329 (100 MHz FPGA)
    MEDUSA draft:    3 tokens predicted ΓåÆ effective 837988 tok/s

  DATA TRANSFORMATION PROOF:
    Input:  Token ID 5 ΓåÆ emb = [300, 340, 380, 420, ...]
    After L1:  [227, 391, 189, 1891, ...]
    After L6:  [-201, 402, -2868, 0, ...]
    After L12: [-448, -37, -5275, 0, ...]
    Output:    Token predictions = [115, 231, 91]

  HARDWARE USED:
    Multipliers:     0 (BitNet ternary)
    KV heads:        2 shared (vs 4 in standard)
    KV precision:    4-bit (INT4 quantized)
    Activations:     8-bit compressed
    Position enc:    Hardware RoPE
    Draft decoding:  MEDUSA 3-head

[PASS] Test 1: Embedding produced non-zero vector
[PASS] Test 2: All 12 layers completed (276 total cycles)
[PASS] Test 3: Data transforms across layers (L0 != L1 != L12)
[PASS] Test 4: MEDUSA produced 3 draft token predictions
[PASS] Test 5: Total inference = 358 cycles (reasonable for 12-layer model)

================================================================
  12-Layer Inference Emulation Tests: 5 / 5 PASSED
================================================================
TB_RESULT pass=5 fail=0
D:\Projects\BitbyBit\custom_gpu_project\tb\integration\full_model_inference_tb.v:445: $finish called at 5860000 (1ps)

Compiling demo_full_model_imprint_w1_r24 ...
Running demo_full_model_imprint_w1_r24 ...

================================================================
  MINI IMPRINT 12-LAYER INFERENCE EMULATION
  Architecture: hardwired embedding + 12x fixed-latency mini core
  Pipeline: Imprint Embedding -> 12x Mini Core -> MEDUSA
  Clock: 100 MHz | ALL numbers from simulation
================================================================

  [Embedding]  Token 5 -> imprint vector (1 cycle)
    emb_out[0:3] = [300, 340, 380, 420]

  Layer  Total   
  -----  ------  
  L1        8cy
  L2        8cy
  L3        8cy
  L4        8cy
  L5        8cy
  L6        8cy
  L7        8cy
  L8        8cy
  L9        8cy
  L10       8cy
  L11       8cy
  L12       8cy

  [MEDUSA]     3 draft token predictions (3 cycles)
    Predicted tokens: [217, 179, 141]

================================================================
  MINI IMPRINT INFERENCE RESULTS (ALL measured)
================================================================

  STAGE                    CYCLES    TIME @100MHz
  -----                    ------    ------------
  Imprint Embedding           1 cy      10 ns
  12x Mini Core Layers       96 cy     960 ns
    Per-layer average         8 cy      80 ns
  MEDUSA Prediction           3 cy      30 ns
  -----------------------------------------
  TOTAL INFERENCE           112 cy    1120 ns

  Throughput:
    Single token:    112 cycles = 1120 ns = 1.120 us
    Tokens/second:   ~892857 (100 MHz FPGA)
    MEDUSA draft:    3 tokens predicted -> effective 2678571 tok/s

[PASS] Test 1: MINI imprint embedding active and non-zero
[PASS] Test 2: 12 layers completed at fixed 8-cycle latency
[PASS] Test 3: Data transformed across layers
[PASS] Test 4: MEDUSA produced predictions
[PASS] Test 5: Total inference cycles in expected range

================================================================
  MINI Imprint Inference Tests: 5 / 5 PASSED
================================================================
D:\Projects\BitbyBit\custom_gpu_project\tb\integration\full_model_inference_imprint_tb.v:349: $finish called at 1460000 (1ps)
Running paired compare workload 1/20, pass 25/25 (measured) [token=5, pos=2]...

Compiling demo_full_model_base_w1_r25 ...
Running demo_full_model_base_w1_r25 ...

================================================================
  GPT-2 12-LAYER INFERENCE EMULATION
  Architecture: 12 transformer layers, 8-dim, 4Q/2KV heads
  Pipeline: Embedding ΓåÆ 12├ù reused [RoPEΓåÆGQAΓåÆSMΓåÆGELUΓåÆKVQΓåÆComp] ΓåÆ MEDUSA
  Clock: 100 MHz | ALL numbers from simulation
================================================================

--- Loading Model Weights ---
  Loaded: 16 token embeddings x 8 dims
  Loaded: 8 position embeddings x 8 dims
  Loaded: 3 MEDUSA head weights x 8 dims

================================================================
  INFERENCE: Token ID = 5, Position = 2
================================================================

  [Embedding]  Token 5 ΓåÆ embedding vector (2 cycle)
    emb_out[0:3] = [300, 340, 380, 420]
    emb_out[4:7] = [460, 500, 540, 580]

  Layer  RoPE     GQA    SM     GELU   KVQ    Comp   Total   
  -----  ------   ----   ----   ----   ----   ----   ------  
  L1        8cy     3cy    9cy    3cy    3cy    3cy    23cy
  L2        8cy     3cy    9cy    3cy    3cy    3cy    23cy
  L3        8cy     3cy    9cy    3cy    3cy    3cy    23cy
  L4        8cy     3cy    9cy    3cy    3cy    3cy    23cy
  L5        8cy     3cy    9cy    3cy    3cy    3cy    23cy
  L6        8cy     3cy    9cy    3cy    3cy    3cy    23cy
  L7        8cy     3cy    9cy    3cy    3cy    3cy    23cy
  L8        8cy     3cy    9cy    3cy    3cy    3cy    23cy
  L9        8cy     3cy    9cy    3cy    3cy    3cy    23cy
  L10       8cy     3cy    9cy    3cy    3cy    3cy    23cy
  L11       8cy     3cy    9cy    3cy    3cy    3cy    23cy
  L12       8cy     3cy    9cy    3cy    3cy    3cy    23cy

  Total layer processing: 276 cycles across 12 sequential layer passes

  [MEDUSA]     3 draft token predictions (3 cycles)
    Predicted tokens: [115, 231, 91]

================================================================
  12-LAYER INFERENCE EMULATION RESULTS (ALL measured)
================================================================

  STAGE                    CYCLES    TIME @100MHz
  -----                    ------    ------------
  Embedding Lookup            2 cy      20 ns
  12x Transformer Layers    276 cy    2760 ns
    Per-layer average        23 cy     230 ns
  MEDUSA Prediction           3 cy      30 ns
  -----------------------------------------
  TOTAL INFERENCE           358 cy    3580 ns

  Throughput:
    Single token:    358 cycles = 3580 ns = 3.580 us
    Tokens/second:   ~279329 (100 MHz FPGA)
    MEDUSA draft:    3 tokens predicted ΓåÆ effective 837988 tok/s

  DATA TRANSFORMATION PROOF:
    Input:  Token ID 5 ΓåÆ emb = [300, 340, 380, 420, ...]
    After L1:  [227, 391, 189, 1891, ...]
    After L6:  [-201, 402, -2868, 0, ...]
    After L12: [-448, -37, -5275, 0, ...]
    Output:    Token predictions = [115, 231, 91]

  HARDWARE USED:
    Multipliers:     0 (BitNet ternary)
    KV heads:        2 shared (vs 4 in standard)
    KV precision:    4-bit (INT4 quantized)
    Activations:     8-bit compressed
    Position enc:    Hardware RoPE
    Draft decoding:  MEDUSA 3-head

[PASS] Test 1: Embedding produced non-zero vector
[PASS] Test 2: All 12 layers completed (276 total cycles)
[PASS] Test 3: Data transforms across layers (L0 != L1 != L12)
[PASS] Test 4: MEDUSA produced 3 draft token predictions
[PASS] Test 5: Total inference = 358 cycles (reasonable for 12-layer model)

================================================================
  12-Layer Inference Emulation Tests: 5 / 5 PASSED
================================================================
TB_RESULT pass=5 fail=0
D:\Projects\BitbyBit\custom_gpu_project\tb\integration\full_model_inference_tb.v:445: $finish called at 5860000 (1ps)

Compiling demo_full_model_imprint_w1_r25 ...
Running demo_full_model_imprint_w1_r25 ...

================================================================
  MINI IMPRINT 12-LAYER INFERENCE EMULATION
  Architecture: hardwired embedding + 12x fixed-latency mini core
  Pipeline: Imprint Embedding -> 12x Mini Core -> MEDUSA
  Clock: 100 MHz | ALL numbers from simulation
================================================================

  [Embedding]  Token 5 -> imprint vector (1 cycle)
    emb_out[0:3] = [300, 340, 380, 420]

  Layer  Total   
  -----  ------  
  L1        8cy
  L2        8cy
  L3        8cy
  L4        8cy
  L5        8cy
  L6        8cy
  L7        8cy
  L8        8cy
  L9        8cy
  L10       8cy
  L11       8cy
  L12       8cy

  [MEDUSA]     3 draft token predictions (3 cycles)
    Predicted tokens: [217, 179, 141]

================================================================
  MINI IMPRINT INFERENCE RESULTS (ALL measured)
================================================================

  STAGE                    CYCLES    TIME @100MHz
  -----                    ------    ------------
  Imprint Embedding           1 cy      10 ns
  12x Mini Core Layers       96 cy     960 ns
    Per-layer average         8 cy      80 ns
  MEDUSA Prediction           3 cy      30 ns
  -----------------------------------------
  TOTAL INFERENCE           112 cy    1120 ns

  Throughput:
    Single token:    112 cycles = 1120 ns = 1.120 us
    Tokens/second:   ~892857 (100 MHz FPGA)
    MEDUSA draft:    3 tokens predicted -> effective 2678571 tok/s

[PASS] Test 1: MINI imprint embedding active and non-zero
[PASS] Test 2: 12 layers completed at fixed 8-cycle latency
[PASS] Test 3: Data transformed across layers
[PASS] Test 4: MEDUSA produced predictions
[PASS] Test 5: Total inference cycles in expected range

================================================================
  MINI Imprint Inference Tests: 5 / 5 PASSED
================================================================
D:\Projects\BitbyBit\custom_gpu_project\tb\integration\full_model_inference_imprint_tb.v:349: $finish called at 1460000 (1ps)
Running paired compare workload 2/20, pass 1/25 (warmup) [token=8, pos=1]...

Compiling demo_full_model_base_w2_r1 ...
Running demo_full_model_base_w2_r1 ...

================================================================
  GPT-2 12-LAYER INFERENCE EMULATION
  Architecture: 12 transformer layers, 8-dim, 4Q/2KV heads
  Pipeline: Embedding ΓåÆ 12├ù reused [RoPEΓåÆGQAΓåÆSMΓåÆGELUΓåÆKVQΓåÆComp] ΓåÆ MEDUSA
  Clock: 100 MHz | ALL numbers from simulation
================================================================

--- Loading Model Weights ---
  Loaded: 16 token embeddings x 8 dims
  Loaded: 8 position embeddings x 8 dims
  Loaded: 3 MEDUSA head weights x 8 dims

================================================================
  INFERENCE: Token ID = 8, Position = 1
================================================================

  [Embedding]  Token 5 ΓåÆ embedding vector (2 cycle)
    emb_out[0:3] = [430, 470, 510, 550]
    emb_out[4:7] = [590, 630, 670, 710]

  Layer  RoPE     GQA    SM     GELU   KVQ    Comp   Total   
  -----  ------   ----   ----   ----   ----   ----   ------  
  L1        8cy     3cy    9cy    3cy    3cy    3cy    23cy
  L2        8cy     3cy    9cy    3cy    3cy    3cy    23cy
  L3        8cy     3cy    9cy    3cy    3cy    3cy    23cy
  L4        8cy     3cy    9cy    3cy    3cy    3cy    23cy
  L5        8cy     3cy    9cy    3cy    3cy    3cy    23cy
  L6        8cy     3cy    9cy    3cy    3cy    3cy    23cy
  L7        8cy     3cy    9cy    3cy    3cy    3cy    23cy
  L8        8cy     3cy    9cy    3cy    3cy    3cy    23cy
  L9        8cy     3cy    9cy    3cy    3cy    3cy    23cy
  L10       8cy     3cy    9cy    3cy    3cy    3cy    23cy
  L11       8cy     3cy    9cy    3cy    3cy    3cy    23cy
  L12       8cy     3cy    9cy    3cy    3cy    3cy    23cy

  Total layer processing: 276 cycles across 12 sequential layer passes

  [MEDUSA]     3 draft token predictions (3 cycles)
    Predicted tokens: [188, 120, 53]

================================================================
  12-LAYER INFERENCE EMULATION RESULTS (ALL measured)
================================================================

  STAGE                    CYCLES    TIME @100MHz
  -----                    ------    ------------
  Embedding Lookup            2 cy      20 ns
  12x Transformer Layers    276 cy    2760 ns
    Per-layer average        23 cy     230 ns
  MEDUSA Prediction           3 cy      30 ns
  -----------------------------------------
  TOTAL INFERENCE           358 cy    3580 ns

  Throughput:
    Single token:    358 cycles = 3580 ns = 3.580 us
    Tokens/second:   ~279329 (100 MHz FPGA)
    MEDUSA draft:    3 tokens predicted ΓåÆ effective 837988 tok/s

  DATA TRANSFORMATION PROOF:
    Input:  Token ID 8 ΓåÆ emb = [430, 470, 510, 550, ...]
    After L1:  [382, 510, 392, 1764, ...]
    After L6:  [96, 629, -1386, 3780, ...]
    After L12: [-271, 575, -4034, -276, ...]
    Output:    Token predictions = [188, 120, 53]

  HARDWARE USED:
    Multipliers:     0 (BitNet ternary)
    KV heads:        2 shared (vs 4 in standard)
    KV precision:    4-bit (INT4 quantized)
    Activations:     8-bit compressed
    Position enc:    Hardware RoPE
    Draft decoding:  MEDUSA 3-head

[PASS] Test 1: Embedding produced non-zero vector
[PASS] Test 2: All 12 layers completed (276 total cycles)
[PASS] Test 3: Data transforms across layers (L0 != L1 != L12)
[PASS] Test 4: MEDUSA produced 3 draft token predictions
[PASS] Test 5: Total inference = 358 cycles (reasonable for 12-layer model)

================================================================
  12-Layer Inference Emulation Tests: 5 / 5 PASSED
================================================================
TB_RESULT pass=5 fail=0
D:\Projects\BitbyBit\custom_gpu_project\tb\integration\full_model_inference_tb.v:445: $finish called at 5860000 (1ps)

Compiling demo_full_model_imprint_w2_r1 ...
Running demo_full_model_imprint_w2_r1 ...

================================================================
  MINI IMPRINT 12-LAYER INFERENCE EMULATION
  Architecture: hardwired embedding + 12x fixed-latency mini core
  Pipeline: Imprint Embedding -> 12x Mini Core -> MEDUSA
  Clock: 100 MHz | ALL numbers from simulation
================================================================

  [Embedding]  Token 8 -> imprint vector (1 cycle)
    emb_out[0:3] = [430, 470, 510, 550]

  Layer  Total   
  -----  ------  
  L1        8cy
  L2        8cy
  L3        8cy
  L4        8cy
  L5        8cy
  L6        8cy
  L7        8cy
  L8        8cy
  L9        8cy
  L10       8cy
  L11       8cy
  L12       8cy

  [MEDUSA]     3 draft token predictions (3 cycles)
    Predicted tokens: [94, 189, 28]

================================================================
  MINI IMPRINT INFERENCE RESULTS (ALL measured)
================================================================

  STAGE                    CYCLES    TIME @100MHz
  -----                    ------    ------------
  Imprint Embedding           1 cy      10 ns
  12x Mini Core Layers       96 cy     960 ns
    Per-layer average         8 cy      80 ns
  MEDUSA Prediction           3 cy      30 ns
  -----------------------------------------
  TOTAL INFERENCE           112 cy    1120 ns

  Throughput:
    Single token:    112 cycles = 1120 ns = 1.120 us
    Tokens/second:   ~892857 (100 MHz FPGA)
    MEDUSA draft:    3 tokens predicted -> effective 2678571 tok/s

[PASS] Test 1: MINI imprint embedding active and non-zero
[PASS] Test 2: 12 layers completed at fixed 8-cycle latency
[PASS] Test 3: Data transformed across layers
[PASS] Test 4: MEDUSA produced predictions
[PASS] Test 5: Total inference cycles in expected range

================================================================
  MINI Imprint Inference Tests: 5 / 5 PASSED
================================================================
D:\Projects\BitbyBit\custom_gpu_project\tb\integration\full_model_inference_imprint_tb.v:349: $finish called at 1460000 (1ps)
Running paired compare workload 2/20, pass 2/25 (warmup) [token=8, pos=1]...

Compiling demo_full_model_base_w2_r2 ...
Running demo_full_model_base_w2_r2 ...

================================================================
  GPT-2 12-LAYER INFERENCE EMULATION
  Architecture: 12 transformer layers, 8-dim, 4Q/2KV heads
  Pipeline: Embedding ΓåÆ 12├ù reused [RoPEΓåÆGQAΓåÆSMΓåÆGELUΓåÆKVQΓåÆComp] ΓåÆ MEDUSA
  Clock: 100 MHz | ALL numbers from simulation
================================================================

--- Loading Model Weights ---
  Loaded: 16 token embeddings x 8 dims
  Loaded: 8 position embeddings x 8 dims
  Loaded: 3 MEDUSA head weights x 8 dims

================================================================
  INFERENCE: Token ID = 8, Position = 1
================================================================

  [Embedding]  Token 5 ΓåÆ embedding vector (2 cycle)
    emb_out[0:3] = [430, 470, 510, 550]
    emb_out[4:7] = [590, 630, 670, 710]

  Layer  RoPE     GQA    SM     GELU   KVQ    Comp   Total   
  -----  ------   ----   ----   ----   ----   ----   ------  
  L1        8cy     3cy    9cy    3cy    3cy    3cy    23cy
  L2        8cy     3cy    9cy    3cy    3cy    3cy    23cy
  L3        8cy     3cy    9cy    3cy    3cy    3cy    23cy
  L4        8cy     3cy    9cy    3cy    3cy    3cy    23cy
  L5        8cy     3cy    9cy    3cy    3cy    3cy    23cy
  L6        8cy     3cy    9cy    3cy    3cy    3cy    23cy
  L7        8cy     3cy    9cy    3cy    3cy    3cy    23cy
  L8        8cy     3cy    9cy    3cy    3cy    3cy    23cy
  L9        8cy     3cy    9cy    3cy    3cy    3cy    23cy
  L10       8cy     3cy    9cy    3cy    3cy    3cy    23cy
  L11       8cy     3cy    9cy    3cy    3cy    3cy    23cy
  L12       8cy     3cy    9cy    3cy    3cy    3cy    23cy

  Total layer processing: 276 cycles across 12 sequential layer passes

  [MEDUSA]     3 draft token predictions (3 cycles)
    Predicted tokens: [188, 120, 53]

================================================================
  12-LAYER INFERENCE EMULATION RESULTS (ALL measured)
================================================================

  STAGE                    CYCLES    TIME @100MHz
  -----                    ------    ------------
  Embedding Lookup            2 cy      20 ns
  12x Transformer Layers    276 cy    2760 ns
    Per-layer average        23 cy     230 ns
  MEDUSA Prediction           3 cy      30 ns
  -----------------------------------------
  TOTAL INFERENCE           358 cy    3580 ns

  Throughput:
    Single token:    358 cycles = 3580 ns = 3.580 us
    Tokens/second:   ~279329 (100 MHz FPGA)
    MEDUSA draft:    3 tokens predicted ΓåÆ effective 837988 tok/s

  DATA TRANSFORMATION PROOF:
    Input:  Token ID 8 ΓåÆ emb = [430, 470, 510, 550, ...]
    After L1:  [382, 510, 392, 1764, ...]
    After L6:  [96, 629, -1386, 3780, ...]
    After L12: [-271, 575, -4034, -276, ...]
    Output:    Token predictions = [188, 120, 53]

  HARDWARE USED:
    Multipliers:     0 (BitNet ternary)
    KV heads:        2 shared (vs 4 in standard)
    KV precision:    4-bit (INT4 quantized)
    Activations:     8-bit compressed
    Position enc:    Hardware RoPE
    Draft decoding:  MEDUSA 3-head

[PASS] Test 1: Embedding produced non-zero vector
[PASS] Test 2: All 12 layers completed (276 total cycles)
[PASS] Test 3: Data transforms across layers (L0 != L1 != L12)
[PASS] Test 4: MEDUSA produced 3 draft token predictions
[PASS] Test 5: Total inference = 358 cycles (reasonable for 12-layer model)

================================================================
  12-Layer Inference Emulation Tests: 5 / 5 PASSED
================================================================
TB_RESULT pass=5 fail=0
D:\Projects\BitbyBit\custom_gpu_project\tb\integration\full_model_inference_tb.v:445: $finish called at 5860000 (1ps)

Compiling demo_full_model_imprint_w2_r2 ...
Running demo_full_model_imprint_w2_r2 ...

================================================================
  MINI IMPRINT 12-LAYER INFERENCE EMULATION
  Architecture: hardwired embedding + 12x fixed-latency mini core
  Pipeline: Imprint Embedding -> 12x Mini Core -> MEDUSA
  Clock: 100 MHz | ALL numbers from simulation
================================================================

  [Embedding]  Token 8 -> imprint vector (1 cycle)
    emb_out[0:3] = [430, 470, 510, 550]

  Layer  Total   
  -----  ------  
  L1        8cy
  L2        8cy
  L3        8cy
  L4        8cy
  L5        8cy
  L6        8cy
  L7        8cy
  L8        8cy
  L9        8cy
  L10       8cy
  L11       8cy
  L12       8cy

  [MEDUSA]     3 draft token predictions (3 cycles)
    Predicted tokens: [94, 189, 28]

================================================================
  MINI IMPRINT INFERENCE RESULTS (ALL measured)
================================================================

  STAGE                    CYCLES    TIME @100MHz
  -----                    ------    ------------
  Imprint Embedding           1 cy      10 ns
  12x Mini Core Layers       96 cy     960 ns
    Per-layer average         8 cy      80 ns
  MEDUSA Prediction           3 cy      30 ns
  -----------------------------------------
  TOTAL INFERENCE           112 cy    1120 ns

  Throughput:
    Single token:    112 cycles = 1120 ns = 1.120 us
    Tokens/second:   ~892857 (100 MHz FPGA)
    MEDUSA draft:    3 tokens predicted -> effective 2678571 tok/s

[PASS] Test 1: MINI imprint embedding active and non-zero
[PASS] Test 2: 12 layers completed at fixed 8-cycle latency
[PASS] Test 3: Data transformed across layers
[PASS] Test 4: MEDUSA produced predictions
[PASS] Test 5: Total inference cycles in expected range

================================================================
  MINI Imprint Inference Tests: 5 / 5 PASSED
================================================================
D:\Projects\BitbyBit\custom_gpu_project\tb\integration\full_model_inference_imprint_tb.v:349: $finish called at 1460000 (1ps)
Running paired compare workload 2/20, pass 3/25 (warmup) [token=8, pos=1]...

Compiling demo_full_model_base_w2_r3 ...
Running demo_full_model_base_w2_r3 ...

================================================================
  GPT-2 12-LAYER INFERENCE EMULATION
  Architecture: 12 transformer layers, 8-dim, 4Q/2KV heads
  Pipeline: Embedding ΓåÆ 12├ù reused [RoPEΓåÆGQAΓåÆSMΓåÆGELUΓåÆKVQΓåÆComp] ΓåÆ MEDUSA
  Clock: 100 MHz | ALL numbers from simulation
================================================================

--- Loading Model Weights ---
  Loaded: 16 token embeddings x 8 dims
  Loaded: 8 position embeddings x 8 dims
  Loaded: 3 MEDUSA head weights x 8 dims

================================================================
  INFERENCE: Token ID = 8, Position = 1
================================================================

  [Embedding]  Token 5 ΓåÆ embedding vector (2 cycle)
    emb_out[0:3] = [430, 470, 510, 550]
    emb_out[4:7] = [590, 630, 670, 710]

  Layer  RoPE     GQA    SM     GELU   KVQ    Comp   Total   
  -----  ------   ----   ----   ----   ----   ----   ------  
  L1        8cy     3cy    9cy    3cy    3cy    3cy    23cy
  L2        8cy     3cy    9cy    3cy    3cy    3cy    23cy
  L3        8cy     3cy    9cy    3cy    3cy    3cy    23cy
  L4        8cy     3cy    9cy    3cy    3cy    3cy    23cy
  L5        8cy     3cy    9cy    3cy    3cy    3cy    23cy
  L6        8cy     3cy    9cy    3cy    3cy    3cy    23cy
  L7        8cy     3cy    9cy    3cy    3cy    3cy    23cy
  L8        8cy     3cy    9cy    3cy    3cy    3cy    23cy
  L9        8cy     3cy    9cy    3cy    3cy    3cy    23cy
  L10       8cy     3cy    9cy    3cy    3cy    3cy    23cy
  L11       8cy     3cy    9cy    3cy    3cy    3cy    23cy
  L12       8cy     3cy    9cy    3cy    3cy    3cy    23cy

  Total layer processing: 276 cycles across 12 sequential layer passes

  [MEDUSA]     3 draft token predictions (3 cycles)
    Predicted tokens: [188, 120, 53]

================================================================
  12-LAYER INFERENCE EMULATION RESULTS (ALL measured)
================================================================

  STAGE                    CYCLES    TIME @100MHz
  -----                    ------    ------------
  Embedding Lookup            2 cy      20 ns
  12x Transformer Layers    276 cy    2760 ns
    Per-layer average        23 cy     230 ns
  MEDUSA Prediction           3 cy      30 ns
  -----------------------------------------
  TOTAL INFERENCE           358 cy    3580 ns

  Throughput:
    Single token:    358 cycles = 3580 ns = 3.580 us
    Tokens/second:   ~279329 (100 MHz FPGA)
    MEDUSA draft:    3 tokens predicted ΓåÆ effective 837988 tok/s

  DATA TRANSFORMATION PROOF:
    Input:  Token ID 8 ΓåÆ emb = [430, 470, 510, 550, ...]
    After L1:  [382, 510, 392, 1764, ...]
    After L6:  [96, 629, -1386, 3780, ...]
    After L12: [-271, 575, -4034, -276, ...]
    Output:    Token predictions = [188, 120, 53]

  HARDWARE USED:
    Multipliers:     0 (BitNet ternary)
    KV heads:        2 shared (vs 4 in standard)
    KV precision:    4-bit (INT4 quantized)
    Activations:     8-bit compressed
    Position enc:    Hardware RoPE
    Draft decoding:  MEDUSA 3-head

[PASS] Test 1: Embedding produced non-zero vector
[PASS] Test 2: All 12 layers completed (276 total cycles)
[PASS] Test 3: Data transforms across layers (L0 != L1 != L12)
[PASS] Test 4: MEDUSA produced 3 draft token predictions
[PASS] Test 5: Total inference = 358 cycles (reasonable for 12-layer model)

================================================================
  12-Layer Inference Emulation Tests: 5 / 5 PASSED
================================================================
TB_RESULT pass=5 fail=0
D:\Projects\BitbyBit\custom_gpu_project\tb\integration\full_model_inference_tb.v:445: $finish called at 5860000 (1ps)

Compiling demo_full_model_imprint_w2_r3 ...
Running demo_full_model_imprint_w2_r3 ...

================================================================
  MINI IMPRINT 12-LAYER INFERENCE EMULATION
  Architecture: hardwired embedding + 12x fixed-latency mini core
  Pipeline: Imprint Embedding -> 12x Mini Core -> MEDUSA
  Clock: 100 MHz | ALL numbers from simulation
================================================================

  [Embedding]  Token 8 -> imprint vector (1 cycle)
    emb_out[0:3] = [430, 470, 510, 550]

  Layer  Total   
  -----  ------  
  L1        8cy
  L2        8cy
  L3        8cy
  L4        8cy
  L5        8cy
  L6        8cy
  L7        8cy
  L8        8cy
  L9        8cy
  L10       8cy
  L11       8cy
  L12       8cy

  [MEDUSA]     3 draft token predictions (3 cycles)
    Predicted tokens: [94, 189, 28]

================================================================
  MINI IMPRINT INFERENCE RESULTS (ALL measured)
================================================================

  STAGE                    CYCLES    TIME @100MHz
  -----                    ------    ------------
  Imprint Embedding           1 cy      10 ns
  12x Mini Core Layers       96 cy     960 ns
    Per-layer average         8 cy      80 ns
  MEDUSA Prediction           3 cy      30 ns
  -----------------------------------------
  TOTAL INFERENCE           112 cy    1120 ns

  Throughput:
    Single token:    112 cycles = 1120 ns = 1.120 us
    Tokens/second:   ~892857 (100 MHz FPGA)
    MEDUSA draft:    3 tokens predicted -> effective 2678571 tok/s

[PASS] Test 1: MINI imprint embedding active and non-zero
[PASS] Test 2: 12 layers completed at fixed 8-cycle latency
[PASS] Test 3: Data transformed across layers
[PASS] Test 4: MEDUSA produced predictions
[PASS] Test 5: Total inference cycles in expected range

================================================================
  MINI Imprint Inference Tests: 5 / 5 PASSED
================================================================
D:\Projects\BitbyBit\custom_gpu_project\tb\integration\full_model_inference_imprint_tb.v:349: $finish called at 1460000 (1ps)
Running paired compare workload 2/20, pass 4/25 (warmup) [token=8, pos=1]...

Compiling demo_full_model_base_w2_r4 ...
Running demo_full_model_base_w2_r4 ...

================================================================
  GPT-2 12-LAYER INFERENCE EMULATION
  Architecture: 12 transformer layers, 8-dim, 4Q/2KV heads
  Pipeline: Embedding ΓåÆ 12├ù reused [RoPEΓåÆGQAΓåÆSMΓåÆGELUΓåÆKVQΓåÆComp] ΓåÆ MEDUSA
  Clock: 100 MHz | ALL numbers from simulation
================================================================

--- Loading Model Weights ---
  Loaded: 16 token embeddings x 8 dims
  Loaded: 8 position embeddings x 8 dims
  Loaded: 3 MEDUSA head weights x 8 dims

================================================================
  INFERENCE: Token ID = 8, Position = 1
================================================================

  [Embedding]  Token 5 ΓåÆ embedding vector (2 cycle)
    emb_out[0:3] = [430, 470, 510, 550]
    emb_out[4:7] = [590, 630, 670, 710]

  Layer  RoPE     GQA    SM     GELU   KVQ    Comp   Total   
  -----  ------   ----   ----   ----   ----   ----   ------  
  L1        8cy     3cy    9cy    3cy    3cy    3cy    23cy
  L2        8cy     3cy    9cy    3cy    3cy    3cy    23cy
  L3        8cy     3cy    9cy    3cy    3cy    3cy    23cy
  L4        8cy     3cy    9cy    3cy    3cy    3cy    23cy
  L5        8cy     3cy    9cy    3cy    3cy    3cy    23cy
  L6        8cy     3cy    9cy    3cy    3cy    3cy    23cy
  L7        8cy     3cy    9cy    3cy    3cy    3cy    23cy
  L8        8cy     3cy    9cy    3cy    3cy    3cy    23cy
  L9        8cy     3cy    9cy    3cy    3cy    3cy    23cy
  L10       8cy     3cy    9cy    3cy    3cy    3cy    23cy
  L11       8cy     3cy    9cy    3cy    3cy    3cy    23cy
  L12       8cy     3cy    9cy    3cy    3cy    3cy    23cy

  Total layer processing: 276 cycles across 12 sequential layer passes

  [MEDUSA]     3 draft token predictions (3 cycles)
    Predicted tokens: [188, 120, 53]

================================================================
  12-LAYER INFERENCE EMULATION RESULTS (ALL measured)
================================================================

  STAGE                    CYCLES    TIME @100MHz
  -----                    ------    ------------
  Embedding Lookup            2 cy      20 ns
  12x Transformer Layers    276 cy    2760 ns
    Per-layer average        23 cy     230 ns
  MEDUSA Prediction           3 cy      30 ns
  -----------------------------------------
  TOTAL INFERENCE           358 cy    3580 ns

  Throughput:
    Single token:    358 cycles = 3580 ns = 3.580 us
    Tokens/second:   ~279329 (100 MHz FPGA)
    MEDUSA draft:    3 tokens predicted ΓåÆ effective 837988 tok/s

  DATA TRANSFORMATION PROOF:
    Input:  Token ID 8 ΓåÆ emb = [430, 470, 510, 550, ...]
    After L1:  [382, 510, 392, 1764, ...]
    After L6:  [96, 629, -1386, 3780, ...]
    After L12: [-271, 575, -4034, -276, ...]
    Output:    Token predictions = [188, 120, 53]

  HARDWARE USED:
    Multipliers:     0 (BitNet ternary)
    KV heads:        2 shared (vs 4 in standard)
    KV precision:    4-bit (INT4 quantized)
    Activations:     8-bit compressed
    Position enc:    Hardware RoPE
    Draft decoding:  MEDUSA 3-head

[PASS] Test 1: Embedding produced non-zero vector
[PASS] Test 2: All 12 layers completed (276 total cycles)
[PASS] Test 3: Data transforms across layers (L0 != L1 != L12)
[PASS] Test 4: MEDUSA produced 3 draft token predictions
[PASS] Test 5: Total inference = 358 cycles (reasonable for 12-layer model)

================================================================
  12-Layer Inference Emulation Tests: 5 / 5 PASSED
================================================================
TB_RESULT pass=5 fail=0
D:\Projects\BitbyBit\custom_gpu_project\tb\integration\full_model_inference_tb.v:445: $finish called at 5860000 (1ps)

Compiling demo_full_model_imprint_w2_r4 ...
Running demo_full_model_imprint_w2_r4 ...

================================================================
  MINI IMPRINT 12-LAYER INFERENCE EMULATION
  Architecture: hardwired embedding + 12x fixed-latency mini core
  Pipeline: Imprint Embedding -> 12x Mini Core -> MEDUSA
  Clock: 100 MHz | ALL numbers from simulation
================================================================

  [Embedding]  Token 8 -> imprint vector (1 cycle)
    emb_out[0:3] = [430, 470, 510, 550]

  Layer  Total   
  -----  ------  
  L1        8cy
  L2        8cy
  L3        8cy
  L4        8cy
  L5        8cy
  L6        8cy
  L7        8cy
  L8        8cy
  L9        8cy
  L10       8cy
  L11       8cy
  L12       8cy

  [MEDUSA]     3 draft token predictions (3 cycles)
    Predicted tokens: [94, 189, 28]

================================================================
  MINI IMPRINT INFERENCE RESULTS (ALL measured)
================================================================

  STAGE                    CYCLES    TIME @100MHz
  -----                    ------    ------------
  Imprint Embedding           1 cy      10 ns
  12x Mini Core Layers       96 cy     960 ns
    Per-layer average         8 cy      80 ns
  MEDUSA Prediction           3 cy      30 ns
  -----------------------------------------
  TOTAL INFERENCE           112 cy    1120 ns

  Throughput:
    Single token:    112 cycles = 1120 ns = 1.120 us
    Tokens/second:   ~892857 (100 MHz FPGA)
    MEDUSA draft:    3 tokens predicted -> effective 2678571 tok/s

[PASS] Test 1: MINI imprint embedding active and non-zero
[PASS] Test 2: 12 layers completed at fixed 8-cycle latency
[PASS] Test 3: Data transformed across layers
[PASS] Test 4: MEDUSA produced predictions
[PASS] Test 5: Total inference cycles in expected range

================================================================
  MINI Imprint Inference Tests: 5 / 5 PASSED
================================================================
D:\Projects\BitbyBit\custom_gpu_project\tb\integration\full_model_inference_imprint_tb.v:349: $finish called at 1460000 (1ps)
Running paired compare workload 2/20, pass 5/25 (warmup) [token=8, pos=1]...

Compiling demo_full_model_base_w2_r5 ...
Running demo_full_model_base_w2_r5 ...

================================================================
  GPT-2 12-LAYER INFERENCE EMULATION
  Architecture: 12 transformer layers, 8-dim, 4Q/2KV heads
  Pipeline: Embedding ΓåÆ 12├ù reused [RoPEΓåÆGQAΓåÆSMΓåÆGELUΓåÆKVQΓåÆComp] ΓåÆ MEDUSA
  Clock: 100 MHz | ALL numbers from simulation
================================================================

--- Loading Model Weights ---
  Loaded: 16 token embeddings x 8 dims
  Loaded: 8 position embeddings x 8 dims
  Loaded: 3 MEDUSA head weights x 8 dims

================================================================
  INFERENCE: Token ID = 8, Position = 1
================================================================

  [Embedding]  Token 5 ΓåÆ embedding vector (2 cycle)
    emb_out[0:3] = [430, 470, 510, 550]
    emb_out[4:7] = [590, 630, 670, 710]

  Layer  RoPE     GQA    SM     GELU   KVQ    Comp   Total   
  -----  ------   ----   ----   ----   ----   ----   ------  
  L1        8cy     3cy    9cy    3cy    3cy    3cy    23cy
  L2        8cy     3cy    9cy    3cy    3cy    3cy    23cy
  L3        8cy     3cy    9cy    3cy    3cy    3cy    23cy
  L4        8cy     3cy    9cy    3cy    3cy    3cy    23cy
  L5        8cy     3cy    9cy    3cy    3cy    3cy    23cy
  L6        8cy     3cy    9cy    3cy    3cy    3cy    23cy
  L7        8cy     3cy    9cy    3cy    3cy    3cy    23cy
  L8        8cy     3cy    9cy    3cy    3cy    3cy    23cy
  L9        8cy     3cy    9cy    3cy    3cy    3cy    23cy
  L10       8cy     3cy    9cy    3cy    3cy    3cy    23cy
  L11       8cy     3cy    9cy    3cy    3cy    3cy    23cy
  L12       8cy     3cy    9cy    3cy    3cy    3cy    23cy

  Total layer processing: 276 cycles across 12 sequential layer passes

  [MEDUSA]     3 draft token predictions (3 cycles)
    Predicted tokens: [188, 120, 53]

================================================================
  12-LAYER INFERENCE EMULATION RESULTS (ALL measured)
================================================================

  STAGE                    CYCLES    TIME @100MHz
  -----                    ------    ------------
  Embedding Lookup            2 cy      20 ns
  12x Transformer Layers    276 cy    2760 ns
    Per-layer average        23 cy     230 ns
  MEDUSA Prediction           3 cy      30 ns
  -----------------------------------------
  TOTAL INFERENCE           358 cy    3580 ns

  Throughput:
    Single token:    358 cycles = 3580 ns = 3.580 us
    Tokens/second:   ~279329 (100 MHz FPGA)
    MEDUSA draft:    3 tokens predicted ΓåÆ effective 837988 tok/s

  DATA TRANSFORMATION PROOF:
    Input:  Token ID 8 ΓåÆ emb = [430, 470, 510, 550, ...]
    After L1:  [382, 510, 392, 1764, ...]
    After L6:  [96, 629, -1386, 3780, ...]
    After L12: [-271, 575, -4034, -276, ...]
    Output:    Token predictions = [188, 120, 53]

  HARDWARE USED:
    Multipliers:     0 (BitNet ternary)
    KV heads:        2 shared (vs 4 in standard)
    KV precision:    4-bit (INT4 quantized)
    Activations:     8-bit compressed
    Position enc:    Hardware RoPE
    Draft decoding:  MEDUSA 3-head

[PASS] Test 1: Embedding produced non-zero vector
[PASS] Test 2: All 12 layers completed (276 total cycles)
[PASS] Test 3: Data transforms across layers (L0 != L1 != L12)
[PASS] Test 4: MEDUSA produced 3 draft token predictions
[PASS] Test 5: Total inference = 358 cycles (reasonable for 12-layer model)

================================================================
  12-Layer Inference Emulation Tests: 5 / 5 PASSED
================================================================
TB_RESULT pass=5 fail=0
D:\Projects\BitbyBit\custom_gpu_project\tb\integration\full_model_inference_tb.v:445: $finish called at 5860000 (1ps)

Compiling demo_full_model_imprint_w2_r5 ...
Running demo_full_model_imprint_w2_r5 ...

================================================================
  MINI IMPRINT 12-LAYER INFERENCE EMULATION
  Architecture: hardwired embedding + 12x fixed-latency mini core
  Pipeline: Imprint Embedding -> 12x Mini Core -> MEDUSA
  Clock: 100 MHz | ALL numbers from simulation
================================================================

  [Embedding]  Token 8 -> imprint vector (1 cycle)
    emb_out[0:3] = [430, 470, 510, 550]

  Layer  Total   
  -----  ------  
  L1        8cy
  L2        8cy
  L3        8cy
  L4        8cy
  L5        8cy
  L6        8cy
  L7        8cy
  L8        8cy
  L9        8cy
  L10       8cy
  L11       8cy
  L12       8cy

  [MEDUSA]     3 draft token predictions (3 cycles)
    Predicted tokens: [94, 189, 28]

================================================================
  MINI IMPRINT INFERENCE RESULTS (ALL measured)
================================================================

  STAGE                    CYCLES    TIME @100MHz
  -----                    ------    ------------
  Imprint Embedding           1 cy      10 ns
  12x Mini Core Layers       96 cy     960 ns
    Per-layer average         8 cy      80 ns
  MEDUSA Prediction           3 cy      30 ns
  -----------------------------------------
  TOTAL INFERENCE           112 cy    1120 ns

  Throughput:
    Single token:    112 cycles = 1120 ns = 1.120 us
    Tokens/second:   ~892857 (100 MHz FPGA)
    MEDUSA draft:    3 tokens predicted -> effective 2678571 tok/s

[PASS] Test 1: MINI imprint embedding active and non-zero
[PASS] Test 2: 12 layers completed at fixed 8-cycle latency
[PASS] Test 3: Data transformed across layers
[PASS] Test 4: MEDUSA produced predictions
[PASS] Test 5: Total inference cycles in expected range

================================================================
  MINI Imprint Inference Tests: 5 / 5 PASSED
================================================================
D:\Projects\BitbyBit\custom_gpu_project\tb\integration\full_model_inference_imprint_tb.v:349: $finish called at 1460000 (1ps)
Running paired compare workload 2/20, pass 6/25 (measured) [token=8, pos=1]...

Compiling demo_full_model_base_w2_r6 ...
Running demo_full_model_base_w2_r6 ...

================================================================
  GPT-2 12-LAYER INFERENCE EMULATION
  Architecture: 12 transformer layers, 8-dim, 4Q/2KV heads
  Pipeline: Embedding ΓåÆ 12├ù reused [RoPEΓåÆGQAΓåÆSMΓåÆGELUΓåÆKVQΓåÆComp] ΓåÆ MEDUSA
  Clock: 100 MHz | ALL numbers from simulation
================================================================

--- Loading Model Weights ---
  Loaded: 16 token embeddings x 8 dims
  Loaded: 8 position embeddings x 8 dims
  Loaded: 3 MEDUSA head weights x 8 dims

================================================================
  INFERENCE: Token ID = 8, Position = 1
================================================================

  [Embedding]  Token 5 ΓåÆ embedding vector (2 cycle)
    emb_out[0:3] = [430, 470, 510, 550]
    emb_out[4:7] = [590, 630, 670, 710]

  Layer  RoPE     GQA    SM     GELU   KVQ    Comp   Total   
  -----  ------   ----   ----   ----   ----   ----   ------  
  L1        8cy     3cy    9cy    3cy    3cy    3cy    23cy
  L2        8cy     3cy    9cy    3cy    3cy    3cy    23cy
  L3        8cy     3cy    9cy    3cy    3cy    3cy    23cy
  L4        8cy     3cy    9cy    3cy    3cy    3cy    23cy
  L5        8cy     3cy    9cy    3cy    3cy    3cy    23cy
  L6        8cy     3cy    9cy    3cy    3cy    3cy    23cy
  L7        8cy     3cy    9cy    3cy    3cy    3cy    23cy
  L8        8cy     3cy    9cy    3cy    3cy    3cy    23cy
  L9        8cy     3cy    9cy    3cy    3cy    3cy    23cy
  L10       8cy     3cy    9cy    3cy    3cy    3cy    23cy
  L11       8cy     3cy    9cy    3cy    3cy    3cy    23cy
  L12       8cy     3cy    9cy    3cy    3cy    3cy    23cy

  Total layer processing: 276 cycles across 12 sequential layer passes

  [MEDUSA]     3 draft token predictions (3 cycles)
    Predicted tokens: [188, 120, 53]

================================================================
  12-LAYER INFERENCE EMULATION RESULTS (ALL measured)
================================================================

  STAGE                    CYCLES    TIME @100MHz
  -----                    ------    ------------
  Embedding Lookup            2 cy      20 ns
  12x Transformer Layers    276 cy    2760 ns
    Per-layer average        23 cy     230 ns
  MEDUSA Prediction           3 cy      30 ns
  -----------------------------------------
  TOTAL INFERENCE           358 cy    3580 ns

  Throughput:
    Single token:    358 cycles = 3580 ns = 3.580 us
    Tokens/second:   ~279329 (100 MHz FPGA)
    MEDUSA draft:    3 tokens predicted ΓåÆ effective 837988 tok/s

  DATA TRANSFORMATION PROOF:
    Input:  Token ID 8 ΓåÆ emb = [430, 470, 510, 550, ...]
    After L1:  [382, 510, 392, 1764, ...]
    After L6:  [96, 629, -1386, 3780, ...]
    After L12: [-271, 575, -4034, -276, ...]
    Output:    Token predictions = [188, 120, 53]

  HARDWARE USED:
    Multipliers:     0 (BitNet ternary)
    KV heads:        2 shared (vs 4 in standard)
    KV precision:    4-bit (INT4 quantized)
    Activations:     8-bit compressed
    Position enc:    Hardware RoPE
    Draft decoding:  MEDUSA 3-head

[PASS] Test 1: Embedding produced non-zero vector
[PASS] Test 2: All 12 layers completed (276 total cycles)
[PASS] Test 3: Data transforms across layers (L0 != L1 != L12)
[PASS] Test 4: MEDUSA produced 3 draft token predictions
[PASS] Test 5: Total inference = 358 cycles (reasonable for 12-layer model)

================================================================
  12-Layer Inference Emulation Tests: 5 / 5 PASSED
================================================================
TB_RESULT pass=5 fail=0
D:\Projects\BitbyBit\custom_gpu_project\tb\integration\full_model_inference_tb.v:445: $finish called at 5860000 (1ps)

Compiling demo_full_model_imprint_w2_r6 ...
Running demo_full_model_imprint_w2_r6 ...

================================================================
  MINI IMPRINT 12-LAYER INFERENCE EMULATION
  Architecture: hardwired embedding + 12x fixed-latency mini core
  Pipeline: Imprint Embedding -> 12x Mini Core -> MEDUSA
  Clock: 100 MHz | ALL numbers from simulation
================================================================

  [Embedding]  Token 8 -> imprint vector (1 cycle)
    emb_out[0:3] = [430, 470, 510, 550]

  Layer  Total   
  -----  ------  
  L1        8cy
  L2        8cy
  L3        8cy
  L4        8cy
  L5        8cy
  L6        8cy
  L7        8cy
  L8        8cy
  L9        8cy
  L10       8cy
  L11       8cy
  L12       8cy

  [MEDUSA]     3 draft token predictions (3 cycles)
    Predicted tokens: [94, 189, 28]

================================================================
  MINI IMPRINT INFERENCE RESULTS (ALL measured)
================================================================

  STAGE                    CYCLES    TIME @100MHz
  -----                    ------    ------------
  Imprint Embedding           1 cy      10 ns
  12x Mini Core Layers       96 cy     960 ns
    Per-layer average         8 cy      80 ns
  MEDUSA Prediction           3 cy      30 ns
  -----------------------------------------
  TOTAL INFERENCE           112 cy    1120 ns

  Throughput:
    Single token:    112 cycles = 1120 ns = 1.120 us
    Tokens/second:   ~892857 (100 MHz FPGA)
    MEDUSA draft:    3 tokens predicted -> effective 2678571 tok/s

[PASS] Test 1: MINI imprint embedding active and non-zero
[PASS] Test 2: 12 layers completed at fixed 8-cycle latency
[PASS] Test 3: Data transformed across layers
[PASS] Test 4: MEDUSA produced predictions
[PASS] Test 5: Total inference cycles in expected range

================================================================
  MINI Imprint Inference Tests: 5 / 5 PASSED
================================================================
D:\Projects\BitbyBit\custom_gpu_project\tb\integration\full_model_inference_imprint_tb.v:349: $finish called at 1460000 (1ps)
Running paired compare workload 2/20, pass 7/25 (measured) [token=8, pos=1]...

Compiling demo_full_model_base_w2_r7 ...
Running demo_full_model_base_w2_r7 ...

================================================================
  GPT-2 12-LAYER INFERENCE EMULATION
  Architecture: 12 transformer layers, 8-dim, 4Q/2KV heads
  Pipeline: Embedding ΓåÆ 12├ù reused [RoPEΓåÆGQAΓåÆSMΓåÆGELUΓåÆKVQΓåÆComp] ΓåÆ MEDUSA
  Clock: 100 MHz | ALL numbers from simulation
================================================================

--- Loading Model Weights ---
  Loaded: 16 token embeddings x 8 dims
  Loaded: 8 position embeddings x 8 dims
  Loaded: 3 MEDUSA head weights x 8 dims

================================================================
  INFERENCE: Token ID = 8, Position = 1
================================================================

  [Embedding]  Token 5 ΓåÆ embedding vector (2 cycle)
    emb_out[0:3] = [430, 470, 510, 550]
    emb_out[4:7] = [590, 630, 670, 710]

  Layer  RoPE     GQA    SM     GELU   KVQ    Comp   Total   
  -----  ------   ----   ----   ----   ----   ----   ------  
  L1        8cy     3cy    9cy    3cy    3cy    3cy    23cy
  L2        8cy     3cy    9cy    3cy    3cy    3cy    23cy
  L3        8cy     3cy    9cy    3cy    3cy    3cy    23cy
  L4        8cy     3cy    9cy    3cy    3cy    3cy    23cy
  L5        8cy     3cy    9cy    3cy    3cy    3cy    23cy
  L6        8cy     3cy    9cy    3cy    3cy    3cy    23cy
  L7        8cy     3cy    9cy    3cy    3cy    3cy    23cy
  L8        8cy     3cy    9cy    3cy    3cy    3cy    23cy
  L9        8cy     3cy    9cy    3cy    3cy    3cy    23cy
  L10       8cy     3cy    9cy    3cy    3cy    3cy    23cy
  L11       8cy     3cy    9cy    3cy    3cy    3cy    23cy
  L12       8cy     3cy    9cy    3cy    3cy    3cy    23cy

  Total layer processing: 276 cycles across 12 sequential layer passes

  [MEDUSA]     3 draft token predictions (3 cycles)
    Predicted tokens: [188, 120, 53]

================================================================
  12-LAYER INFERENCE EMULATION RESULTS (ALL measured)
================================================================

  STAGE                    CYCLES    TIME @100MHz
  -----                    ------    ------------
  Embedding Lookup            2 cy      20 ns
  12x Transformer Layers    276 cy    2760 ns
    Per-layer average        23 cy     230 ns
  MEDUSA Prediction           3 cy      30 ns
  -----------------------------------------
  TOTAL INFERENCE           358 cy    3580 ns

  Throughput:
    Single token:    358 cycles = 3580 ns = 3.580 us
    Tokens/second:   ~279329 (100 MHz FPGA)
    MEDUSA draft:    3 tokens predicted ΓåÆ effective 837988 tok/s

  DATA TRANSFORMATION PROOF:
    Input:  Token ID 8 ΓåÆ emb = [430, 470, 510, 550, ...]
    After L1:  [382, 510, 392, 1764, ...]
    After L6:  [96, 629, -1386, 3780, ...]
    After L12: [-271, 575, -4034, -276, ...]
    Output:    Token predictions = [188, 120, 53]

  HARDWARE USED:
    Multipliers:     0 (BitNet ternary)
    KV heads:        2 shared (vs 4 in standard)
    KV precision:    4-bit (INT4 quantized)
    Activations:     8-bit compressed
    Position enc:    Hardware RoPE
    Draft decoding:  MEDUSA 3-head

[PASS] Test 1: Embedding produced non-zero vector
[PASS] Test 2: All 12 layers completed (276 total cycles)
[PASS] Test 3: Data transforms across layers (L0 != L1 != L12)
[PASS] Test 4: MEDUSA produced 3 draft token predictions
[PASS] Test 5: Total inference = 358 cycles (reasonable for 12-layer model)

================================================================
  12-Layer Inference Emulation Tests: 5 / 5 PASSED
================================================================
TB_RESULT pass=5 fail=0
D:\Projects\BitbyBit\custom_gpu_project\tb\integration\full_model_inference_tb.v:445: $finish called at 5860000 (1ps)

Compiling demo_full_model_imprint_w2_r7 ...
Running demo_full_model_imprint_w2_r7 ...

================================================================
  MINI IMPRINT 12-LAYER INFERENCE EMULATION
  Architecture: hardwired embedding + 12x fixed-latency mini core
  Pipeline: Imprint Embedding -> 12x Mini Core -> MEDUSA
  Clock: 100 MHz | ALL numbers from simulation
================================================================

  [Embedding]  Token 8 -> imprint vector (1 cycle)
    emb_out[0:3] = [430, 470, 510, 550]

  Layer  Total   
  -----  ------  
  L1        8cy
  L2        8cy
  L3        8cy
  L4        8cy
  L5        8cy
  L6        8cy
  L7        8cy
  L8        8cy
  L9        8cy
  L10       8cy
  L11       8cy
  L12       8cy

  [MEDUSA]     3 draft token predictions (3 cycles)
    Predicted tokens: [94, 189, 28]

================================================================
  MINI IMPRINT INFERENCE RESULTS (ALL measured)
================================================================

  STAGE                    CYCLES    TIME @100MHz
  -----                    ------    ------------
  Imprint Embedding           1 cy      10 ns
  12x Mini Core Layers       96 cy     960 ns
    Per-layer average         8 cy      80 ns
  MEDUSA Prediction           3 cy      30 ns
  -----------------------------------------
  TOTAL INFERENCE           112 cy    1120 ns

  Throughput:
    Single token:    112 cycles = 1120 ns = 1.120 us
    Tokens/second:   ~892857 (100 MHz FPGA)
    MEDUSA draft:    3 tokens predicted -> effective 2678571 tok/s

[PASS] Test 1: MINI imprint embedding active and non-zero
[PASS] Test 2: 12 layers completed at fixed 8-cycle latency
[PASS] Test 3: Data transformed across layers
[PASS] Test 4: MEDUSA produced predictions
[PASS] Test 5: Total inference cycles in expected range

================================================================
  MINI Imprint Inference Tests: 5 / 5 PASSED
================================================================
D:\Projects\BitbyBit\custom_gpu_project\tb\integration\full_model_inference_imprint_tb.v:349: $finish called at 1460000 (1ps)
Running paired compare workload 2/20, pass 8/25 (measured) [token=8, pos=1]...

Compiling demo_full_model_base_w2_r8 ...
Running demo_full_model_base_w2_r8 ...

================================================================
  GPT-2 12-LAYER INFERENCE EMULATION
  Architecture: 12 transformer layers, 8-dim, 4Q/2KV heads
  Pipeline: Embedding ΓåÆ 12├ù reused [RoPEΓåÆGQAΓåÆSMΓåÆGELUΓåÆKVQΓåÆComp] ΓåÆ MEDUSA
  Clock: 100 MHz | ALL numbers from simulation
================================================================

--- Loading Model Weights ---
  Loaded: 16 token embeddings x 8 dims
  Loaded: 8 position embeddings x 8 dims
  Loaded: 3 MEDUSA head weights x 8 dims

================================================================
  INFERENCE: Token ID = 8, Position = 1
================================================================

  [Embedding]  Token 5 ΓåÆ embedding vector (2 cycle)
    emb_out[0:3] = [430, 470, 510, 550]
    emb_out[4:7] = [590, 630, 670, 710]

  Layer  RoPE     GQA    SM     GELU   KVQ    Comp   Total   
  -----  ------   ----   ----   ----   ----   ----   ------  
  L1        8cy     3cy    9cy    3cy    3cy    3cy    23cy
  L2        8cy     3cy    9cy    3cy    3cy    3cy    23cy
  L3        8cy     3cy    9cy    3cy    3cy    3cy    23cy
  L4        8cy     3cy    9cy    3cy    3cy    3cy    23cy
  L5        8cy     3cy    9cy    3cy    3cy    3cy    23cy
  L6        8cy     3cy    9cy    3cy    3cy    3cy    23cy
  L7        8cy     3cy    9cy    3cy    3cy    3cy    23cy
  L8        8cy     3cy    9cy    3cy    3cy    3cy    23cy
  L9        8cy     3cy    9cy    3cy    3cy    3cy    23cy
  L10       8cy     3cy    9cy    3cy    3cy    3cy    23cy
  L11       8cy     3cy    9cy    3cy    3cy    3cy    23cy
  L12       8cy     3cy    9cy    3cy    3cy    3cy    23cy

  Total layer processing: 276 cycles across 12 sequential layer passes

  [MEDUSA]     3 draft token predictions (3 cycles)
    Predicted tokens: [188, 120, 53]

================================================================
  12-LAYER INFERENCE EMULATION RESULTS (ALL measured)
================================================================

  STAGE                    CYCLES    TIME @100MHz
  -----                    ------    ------------
  Embedding Lookup            2 cy      20 ns
  12x Transformer Layers    276 cy    2760 ns
    Per-layer average        23 cy     230 ns
  MEDUSA Prediction           3 cy      30 ns
  -----------------------------------------
  TOTAL INFERENCE           358 cy    3580 ns

  Throughput:
    Single token:    358 cycles = 3580 ns = 3.580 us
    Tokens/second:   ~279329 (100 MHz FPGA)
    MEDUSA draft:    3 tokens predicted ΓåÆ effective 837988 tok/s

  DATA TRANSFORMATION PROOF:
    Input:  Token ID 8 ΓåÆ emb = [430, 470, 510, 550, ...]
    After L1:  [382, 510, 392, 1764, ...]
    After L6:  [96, 629, -1386, 3780, ...]
    After L12: [-271, 575, -4034, -276, ...]
    Output:    Token predictions = [188, 120, 53]

  HARDWARE USED:
    Multipliers:     0 (BitNet ternary)
    KV heads:        2 shared (vs 4 in standard)
    KV precision:    4-bit (INT4 quantized)
    Activations:     8-bit compressed
    Position enc:    Hardware RoPE
    Draft decoding:  MEDUSA 3-head

[PASS] Test 1: Embedding produced non-zero vector
[PASS] Test 2: All 12 layers completed (276 total cycles)
[PASS] Test 3: Data transforms across layers (L0 != L1 != L12)
[PASS] Test 4: MEDUSA produced 3 draft token predictions
[PASS] Test 5: Total inference = 358 cycles (reasonable for 12-layer model)

================================================================
  12-Layer Inference Emulation Tests: 5 / 5 PASSED
================================================================
TB_RESULT pass=5 fail=0
D:\Projects\BitbyBit\custom_gpu_project\tb\integration\full_model_inference_tb.v:445: $finish called at 5860000 (1ps)

Compiling demo_full_model_imprint_w2_r8 ...
Running demo_full_model_imprint_w2_r8 ...

================================================================
  MINI IMPRINT 12-LAYER INFERENCE EMULATION
  Architecture: hardwired embedding + 12x fixed-latency mini core
  Pipeline: Imprint Embedding -> 12x Mini Core -> MEDUSA
  Clock: 100 MHz | ALL numbers from simulation
================================================================

  [Embedding]  Token 8 -> imprint vector (1 cycle)
    emb_out[0:3] = [430, 470, 510, 550]

  Layer  Total   
  -----  ------  
  L1        8cy
  L2        8cy
  L3        8cy
  L4        8cy
  L5        8cy
  L6        8cy
  L7        8cy
  L8        8cy
  L9        8cy
  L10       8cy
  L11       8cy
  L12       8cy

  [MEDUSA]     3 draft token predictions (3 cycles)
    Predicted tokens: [94, 189, 28]

================================================================
  MINI IMPRINT INFERENCE RESULTS (ALL measured)
================================================================

  STAGE                    CYCLES    TIME @100MHz
  -----                    ------    ------------
  Imprint Embedding           1 cy      10 ns
  12x Mini Core Layers       96 cy     960 ns
    Per-layer average         8 cy      80 ns
  MEDUSA Prediction           3 cy      30 ns
  -----------------------------------------
  TOTAL INFERENCE           112 cy    1120 ns

  Throughput:
    Single token:    112 cycles = 1120 ns = 1.120 us
    Tokens/second:   ~892857 (100 MHz FPGA)
    MEDUSA draft:    3 tokens predicted -> effective 2678571 tok/s

[PASS] Test 1: MINI imprint embedding active and non-zero
[PASS] Test 2: 12 layers completed at fixed 8-cycle latency
[PASS] Test 3: Data transformed across layers
[PASS] Test 4: MEDUSA produced predictions
[PASS] Test 5: Total inference cycles in expected range

================================================================
  MINI Imprint Inference Tests: 5 / 5 PASSED
================================================================
D:\Projects\BitbyBit\custom_gpu_project\tb\integration\full_model_inference_imprint_tb.v:349: $finish called at 1460000 (1ps)
Running paired compare workload 2/20, pass 9/25 (measured) [token=8, pos=1]...

Compiling demo_full_model_base_w2_r9 ...
Running demo_full_model_base_w2_r9 ...

================================================================
  GPT-2 12-LAYER INFERENCE EMULATION
  Architecture: 12 transformer layers, 8-dim, 4Q/2KV heads
  Pipeline: Embedding ΓåÆ 12├ù reused [RoPEΓåÆGQAΓåÆSMΓåÆGELUΓåÆKVQΓåÆComp] ΓåÆ MEDUSA
  Clock: 100 MHz | ALL numbers from simulation
================================================================

--- Loading Model Weights ---
  Loaded: 16 token embeddings x 8 dims
  Loaded: 8 position embeddings x 8 dims
  Loaded: 3 MEDUSA head weights x 8 dims

================================================================
  INFERENCE: Token ID = 8, Position = 1
================================================================

  [Embedding]  Token 5 ΓåÆ embedding vector (2 cycle)
    emb_out[0:3] = [430, 470, 510, 550]
    emb_out[4:7] = [590, 630, 670, 710]

  Layer  RoPE     GQA    SM     GELU   KVQ    Comp   Total   
  -----  ------   ----   ----   ----   ----   ----   ------  
  L1        8cy     3cy    9cy    3cy    3cy    3cy    23cy
  L2        8cy     3cy    9cy    3cy    3cy    3cy    23cy
  L3        8cy     3cy    9cy    3cy    3cy    3cy    23cy
  L4        8cy     3cy    9cy    3cy    3cy    3cy    23cy
  L5        8cy     3cy    9cy    3cy    3cy    3cy    23cy
  L6        8cy     3cy    9cy    3cy    3cy    3cy    23cy
  L7        8cy     3cy    9cy    3cy    3cy    3cy    23cy
  L8        8cy     3cy    9cy    3cy    3cy    3cy    23cy
  L9        8cy     3cy    9cy    3cy    3cy    3cy    23cy
  L10       8cy     3cy    9cy    3cy    3cy    3cy    23cy
  L11       8cy     3cy    9cy    3cy    3cy    3cy    23cy
  L12       8cy     3cy    9cy    3cy    3cy    3cy    23cy

  Total layer processing: 276 cycles across 12 sequential layer passes

  [MEDUSA]     3 draft token predictions (3 cycles)
    Predicted tokens: [188, 120, 53]

================================================================
  12-LAYER INFERENCE EMULATION RESULTS (ALL measured)
================================================================

  STAGE                    CYCLES    TIME @100MHz
  -----                    ------    ------------
  Embedding Lookup            2 cy      20 ns
  12x Transformer Layers    276 cy    2760 ns
    Per-layer average        23 cy     230 ns
  MEDUSA Prediction           3 cy      30 ns
  -----------------------------------------
  TOTAL INFERENCE           358 cy    3580 ns

  Throughput:
    Single token:    358 cycles = 3580 ns = 3.580 us
    Tokens/second:   ~279329 (100 MHz FPGA)
    MEDUSA draft:    3 tokens predicted ΓåÆ effective 837988 tok/s

  DATA TRANSFORMATION PROOF:
    Input:  Token ID 8 ΓåÆ emb = [430, 470, 510, 550, ...]
    After L1:  [382, 510, 392, 1764, ...]
    After L6:  [96, 629, -1386, 3780, ...]
    After L12: [-271, 575, -4034, -276, ...]
    Output:    Token predictions = [188, 120, 53]

  HARDWARE USED:
    Multipliers:     0 (BitNet ternary)
    KV heads:        2 shared (vs 4 in standard)
    KV precision:    4-bit (INT4 quantized)
    Activations:     8-bit compressed
    Position enc:    Hardware RoPE
    Draft decoding:  MEDUSA 3-head

[PASS] Test 1: Embedding produced non-zero vector
[PASS] Test 2: All 12 layers completed (276 total cycles)
[PASS] Test 3: Data transforms across layers (L0 != L1 != L12)
[PASS] Test 4: MEDUSA produced 3 draft token predictions
[PASS] Test 5: Total inference = 358 cycles (reasonable for 12-layer model)

================================================================
  12-Layer Inference Emulation Tests: 5 / 5 PASSED
================================================================
TB_RESULT pass=5 fail=0
D:\Projects\BitbyBit\custom_gpu_project\tb\integration\full_model_inference_tb.v:445: $finish called at 5860000 (1ps)

Compiling demo_full_model_imprint_w2_r9 ...
Running demo_full_model_imprint_w2_r9 ...

================================================================
  MINI IMPRINT 12-LAYER INFERENCE EMULATION
  Architecture: hardwired embedding + 12x fixed-latency mini core
  Pipeline: Imprint Embedding -> 12x Mini Core -> MEDUSA
  Clock: 100 MHz | ALL numbers from simulation
================================================================

  [Embedding]  Token 8 -> imprint vector (1 cycle)
    emb_out[0:3] = [430, 470, 510, 550]

  Layer  Total   
  -----  ------  
  L1        8cy
  L2        8cy
  L3        8cy
  L4        8cy
  L5        8cy
  L6        8cy
  L7        8cy
  L8        8cy
  L9        8cy
  L10       8cy
  L11       8cy
  L12       8cy

  [MEDUSA]     3 draft token predictions (3 cycles)
    Predicted tokens: [94, 189, 28]

================================================================
  MINI IMPRINT INFERENCE RESULTS (ALL measured)
================================================================

  STAGE                    CYCLES    TIME @100MHz
  -----                    ------    ------------
  Imprint Embedding           1 cy      10 ns
  12x Mini Core Layers       96 cy     960 ns
    Per-layer average         8 cy      80 ns
  MEDUSA Prediction           3 cy      30 ns
  -----------------------------------------
  TOTAL INFERENCE           112 cy    1120 ns

  Throughput:
    Single token:    112 cycles = 1120 ns = 1.120 us
    Tokens/second:   ~892857 (100 MHz FPGA)
    MEDUSA draft:    3 tokens predicted -> effective 2678571 tok/s

[PASS] Test 1: MINI imprint embedding active and non-zero
[PASS] Test 2: 12 layers completed at fixed 8-cycle latency
[PASS] Test 3: Data transformed across layers
[PASS] Test 4: MEDUSA produced predictions
[PASS] Test 5: Total inference cycles in expected range

================================================================
  MINI Imprint Inference Tests: 5 / 5 PASSED
================================================================
D:\Projects\BitbyBit\custom_gpu_project\tb\integration\full_model_inference_imprint_tb.v:349: $finish called at 1460000 (1ps)
Running paired compare workload 2/20, pass 10/25 (measured) [token=8, pos=1]...

Compiling demo_full_model_base_w2_r10 ...
Running demo_full_model_base_w2_r10 ...

================================================================
  GPT-2 12-LAYER INFERENCE EMULATION
  Architecture: 12 transformer layers, 8-dim, 4Q/2KV heads
  Pipeline: Embedding ΓåÆ 12├ù reused [RoPEΓåÆGQAΓåÆSMΓåÆGELUΓåÆKVQΓåÆComp] ΓåÆ MEDUSA
  Clock: 100 MHz | ALL numbers from simulation
================================================================

--- Loading Model Weights ---
  Loaded: 16 token embeddings x 8 dims
  Loaded: 8 position embeddings x 8 dims
  Loaded: 3 MEDUSA head weights x 8 dims

================================================================
  INFERENCE: Token ID = 8, Position = 1
================================================================

  [Embedding]  Token 5 ΓåÆ embedding vector (2 cycle)
    emb_out[0:3] = [430, 470, 510, 550]
    emb_out[4:7] = [590, 630, 670, 710]

  Layer  RoPE     GQA    SM     GELU   KVQ    Comp   Total   
  -----  ------   ----   ----   ----   ----   ----   ------  
  L1        8cy     3cy    9cy    3cy    3cy    3cy    23cy
  L2        8cy     3cy    9cy    3cy    3cy    3cy    23cy
  L3        8cy     3cy    9cy    3cy    3cy    3cy    23cy
  L4        8cy     3cy    9cy    3cy    3cy    3cy    23cy
  L5        8cy     3cy    9cy    3cy    3cy    3cy    23cy
  L6        8cy     3cy    9cy    3cy    3cy    3cy    23cy
  L7        8cy     3cy    9cy    3cy    3cy    3cy    23cy
  L8        8cy     3cy    9cy    3cy    3cy    3cy    23cy
  L9        8cy     3cy    9cy    3cy    3cy    3cy    23cy
  L10       8cy     3cy    9cy    3cy    3cy    3cy    23cy
  L11       8cy     3cy    9cy    3cy    3cy    3cy    23cy
  L12       8cy     3cy    9cy    3cy    3cy    3cy    23cy

  Total layer processing: 276 cycles across 12 sequential layer passes

  [MEDUSA]     3 draft token predictions (3 cycles)
    Predicted tokens: [188, 120, 53]

================================================================
  12-LAYER INFERENCE EMULATION RESULTS (ALL measured)
================================================================

  STAGE                    CYCLES    TIME @100MHz
  -----                    ------    ------------
  Embedding Lookup            2 cy      20 ns
  12x Transformer Layers    276 cy    2760 ns
    Per-layer average        23 cy     230 ns
  MEDUSA Prediction           3 cy      30 ns
  -----------------------------------------
  TOTAL INFERENCE           358 cy    3580 ns

  Throughput:
    Single token:    358 cycles = 3580 ns = 3.580 us
    Tokens/second:   ~279329 (100 MHz FPGA)
    MEDUSA draft:    3 tokens predicted ΓåÆ effective 837988 tok/s

  DATA TRANSFORMATION PROOF:
    Input:  Token ID 8 ΓåÆ emb = [430, 470, 510, 550, ...]
    After L1:  [382, 510, 392, 1764, ...]
    After L6:  [96, 629, -1386, 3780, ...]
    After L12: [-271, 575, -4034, -276, ...]
    Output:    Token predictions = [188, 120, 53]

  HARDWARE USED:
    Multipliers:     0 (BitNet ternary)
    KV heads:        2 shared (vs 4 in standard)
    KV precision:    4-bit (INT4 quantized)
    Activations:     8-bit compressed
    Position enc:    Hardware RoPE
    Draft decoding:  MEDUSA 3-head

[PASS] Test 1: Embedding produced non-zero vector
[PASS] Test 2: All 12 layers completed (276 total cycles)
[PASS] Test 3: Data transforms across layers (L0 != L1 != L12)
[PASS] Test 4: MEDUSA produced 3 draft token predictions
[PASS] Test 5: Total inference = 358 cycles (reasonable for 12-layer model)

================================================================
  12-Layer Inference Emulation Tests: 5 / 5 PASSED
================================================================
TB_RESULT pass=5 fail=0
D:\Projects\BitbyBit\custom_gpu_project\tb\integration\full_model_inference_tb.v:445: $finish called at 5860000 (1ps)

Compiling demo_full_model_imprint_w2_r10 ...
Running demo_full_model_imprint_w2_r10 ...

================================================================
  MINI IMPRINT 12-LAYER INFERENCE EMULATION
  Architecture: hardwired embedding + 12x fixed-latency mini core
  Pipeline: Imprint Embedding -> 12x Mini Core -> MEDUSA
  Clock: 100 MHz | ALL numbers from simulation
================================================================

  [Embedding]  Token 8 -> imprint vector (1 cycle)
    emb_out[0:3] = [430, 470, 510, 550]

  Layer  Total   
  -----  ------  
  L1        8cy
  L2        8cy
  L3        8cy
  L4        8cy
  L5        8cy
  L6        8cy
  L7        8cy
  L8        8cy
  L9        8cy
  L10       8cy
  L11       8cy
  L12       8cy

  [MEDUSA]     3 draft token predictions (3 cycles)
    Predicted tokens: [94, 189, 28]

================================================================
  MINI IMPRINT INFERENCE RESULTS (ALL measured)
================================================================

  STAGE                    CYCLES    TIME @100MHz
  -----                    ------    ------------
  Imprint Embedding           1 cy      10 ns
  12x Mini Core Layers       96 cy     960 ns
    Per-layer average         8 cy      80 ns
  MEDUSA Prediction           3 cy      30 ns
  -----------------------------------------
  TOTAL INFERENCE           112 cy    1120 ns

  Throughput:
    Single token:    112 cycles = 1120 ns = 1.120 us
    Tokens/second:   ~892857 (100 MHz FPGA)
    MEDUSA draft:    3 tokens predicted -> effective 2678571 tok/s

[PASS] Test 1: MINI imprint embedding active and non-zero
[PASS] Test 2: 12 layers completed at fixed 8-cycle latency
[PASS] Test 3: Data transformed across layers
[PASS] Test 4: MEDUSA produced predictions
[PASS] Test 5: Total inference cycles in expected range

================================================================
  MINI Imprint Inference Tests: 5 / 5 PASSED
================================================================
D:\Projects\BitbyBit\custom_gpu_project\tb\integration\full_model_inference_imprint_tb.v:349: $finish called at 1460000 (1ps)
Running paired compare workload 2/20, pass 11/25 (measured) [token=8, pos=1]...

Compiling demo_full_model_base_w2_r11 ...
Running demo_full_model_base_w2_r11 ...

================================================================
  GPT-2 12-LAYER INFERENCE EMULATION
  Architecture: 12 transformer layers, 8-dim, 4Q/2KV heads
  Pipeline: Embedding ΓåÆ 12├ù reused [RoPEΓåÆGQAΓåÆSMΓåÆGELUΓåÆKVQΓåÆComp] ΓåÆ MEDUSA
  Clock: 100 MHz | ALL numbers from simulation
================================================================

--- Loading Model Weights ---
  Loaded: 16 token embeddings x 8 dims
  Loaded: 8 position embeddings x 8 dims
  Loaded: 3 MEDUSA head weights x 8 dims

================================================================
  INFERENCE: Token ID = 8, Position = 1
================================================================

  [Embedding]  Token 5 ΓåÆ embedding vector (2 cycle)
    emb_out[0:3] = [430, 470, 510, 550]
    emb_out[4:7] = [590, 630, 670, 710]

  Layer  RoPE     GQA    SM     GELU   KVQ    Comp   Total   
  -----  ------   ----   ----   ----   ----   ----   ------  
  L1        8cy     3cy    9cy    3cy    3cy    3cy    23cy
  L2        8cy     3cy    9cy    3cy    3cy    3cy    23cy
  L3        8cy     3cy    9cy    3cy    3cy    3cy    23cy
  L4        8cy     3cy    9cy    3cy    3cy    3cy    23cy
  L5        8cy     3cy    9cy    3cy    3cy    3cy    23cy
  L6        8cy     3cy    9cy    3cy    3cy    3cy    23cy
  L7        8cy     3cy    9cy    3cy    3cy    3cy    23cy
  L8        8cy     3cy    9cy    3cy    3cy    3cy    23cy
  L9        8cy     3cy    9cy    3cy    3cy    3cy    23cy
  L10       8cy     3cy    9cy    3cy    3cy    3cy    23cy
  L11       8cy     3cy    9cy    3cy    3cy    3cy    23cy
  L12       8cy     3cy    9cy    3cy    3cy    3cy    23cy

  Total layer processing: 276 cycles across 12 sequential layer passes

  [MEDUSA]     3 draft token predictions (3 cycles)
    Predicted tokens: [188, 120, 53]

================================================================
  12-LAYER INFERENCE EMULATION RESULTS (ALL measured)
================================================================

  STAGE                    CYCLES    TIME @100MHz
  -----                    ------    ------------
  Embedding Lookup            2 cy      20 ns
  12x Transformer Layers    276 cy    2760 ns
    Per-layer average        23 cy     230 ns
  MEDUSA Prediction           3 cy      30 ns
  -----------------------------------------
  TOTAL INFERENCE           358 cy    3580 ns

  Throughput:
    Single token:    358 cycles = 3580 ns = 3.580 us
    Tokens/second:   ~279329 (100 MHz FPGA)
    MEDUSA draft:    3 tokens predicted ΓåÆ effective 837988 tok/s

  DATA TRANSFORMATION PROOF:
    Input:  Token ID 8 ΓåÆ emb = [430, 470, 510, 550, ...]
    After L1:  [382, 510, 392, 1764, ...]
    After L6:  [96, 629, -1386, 3780, ...]
    After L12: [-271, 575, -4034, -276, ...]
    Output:    Token predictions = [188, 120, 53]

  HARDWARE USED:
    Multipliers:     0 (BitNet ternary)
    KV heads:        2 shared (vs 4 in standard)
    KV precision:    4-bit (INT4 quantized)
    Activations:     8-bit compressed
    Position enc:    Hardware RoPE
    Draft decoding:  MEDUSA 3-head

[PASS] Test 1: Embedding produced non-zero vector
[PASS] Test 2: All 12 layers completed (276 total cycles)
[PASS] Test 3: Data transforms across layers (L0 != L1 != L12)
[PASS] Test 4: MEDUSA produced 3 draft token predictions
[PASS] Test 5: Total inference = 358 cycles (reasonable for 12-layer model)

================================================================
  12-Layer Inference Emulation Tests: 5 / 5 PASSED
================================================================
TB_RESULT pass=5 fail=0
D:\Projects\BitbyBit\custom_gpu_project\tb\integration\full_model_inference_tb.v:445: $finish called at 5860000 (1ps)

Compiling demo_full_model_imprint_w2_r11 ...
Running demo_full_model_imprint_w2_r11 ...

================================================================
  MINI IMPRINT 12-LAYER INFERENCE EMULATION
  Architecture: hardwired embedding + 12x fixed-latency mini core
  Pipeline: Imprint Embedding -> 12x Mini Core -> MEDUSA
  Clock: 100 MHz | ALL numbers from simulation
================================================================

  [Embedding]  Token 8 -> imprint vector (1 cycle)
    emb_out[0:3] = [430, 470, 510, 550]

  Layer  Total   
  -----  ------  
  L1        8cy
  L2        8cy
  L3        8cy
  L4        8cy
  L5        8cy
  L6        8cy
  L7        8cy
  L8        8cy
  L9        8cy
  L10       8cy
  L11       8cy
  L12       8cy

  [MEDUSA]     3 draft token predictions (3 cycles)
    Predicted tokens: [94, 189, 28]

================================================================
  MINI IMPRINT INFERENCE RESULTS (ALL measured)
================================================================

  STAGE                    CYCLES    TIME @100MHz
  -----                    ------    ------------
  Imprint Embedding           1 cy      10 ns
  12x Mini Core Layers       96 cy     960 ns
    Per-layer average         8 cy      80 ns
  MEDUSA Prediction           3 cy      30 ns
  -----------------------------------------
  TOTAL INFERENCE           112 cy    1120 ns

  Throughput:
    Single token:    112 cycles = 1120 ns = 1.120 us
    Tokens/second:   ~892857 (100 MHz FPGA)
    MEDUSA draft:    3 tokens predicted -> effective 2678571 tok/s

[PASS] Test 1: MINI imprint embedding active and non-zero
[PASS] Test 2: 12 layers completed at fixed 8-cycle latency
[PASS] Test 3: Data transformed across layers
[PASS] Test 4: MEDUSA produced predictions
[PASS] Test 5: Total inference cycles in expected range

================================================================
  MINI Imprint Inference Tests: 5 / 5 PASSED
================================================================
D:\Projects\BitbyBit\custom_gpu_project\tb\integration\full_model_inference_imprint_tb.v:349: $finish called at 1460000 (1ps)
Running paired compare workload 2/20, pass 12/25 (measured) [token=8, pos=1]...

Compiling demo_full_model_base_w2_r12 ...
Running demo_full_model_base_w2_r12 ...

================================================================
  GPT-2 12-LAYER INFERENCE EMULATION
  Architecture: 12 transformer layers, 8-dim, 4Q/2KV heads
  Pipeline: Embedding ΓåÆ 12├ù reused [RoPEΓåÆGQAΓåÆSMΓåÆGELUΓåÆKVQΓåÆComp] ΓåÆ MEDUSA
  Clock: 100 MHz | ALL numbers from simulation
================================================================

--- Loading Model Weights ---
  Loaded: 16 token embeddings x 8 dims
  Loaded: 8 position embeddings x 8 dims
  Loaded: 3 MEDUSA head weights x 8 dims

================================================================
  INFERENCE: Token ID = 8, Position = 1
================================================================

  [Embedding]  Token 5 ΓåÆ embedding vector (2 cycle)
    emb_out[0:3] = [430, 470, 510, 550]
    emb_out[4:7] = [590, 630, 670, 710]

  Layer  RoPE     GQA    SM     GELU   KVQ    Comp   Total   
  -----  ------   ----   ----   ----   ----   ----   ------  
  L1        8cy     3cy    9cy    3cy    3cy    3cy    23cy
  L2        8cy     3cy    9cy    3cy    3cy    3cy    23cy
  L3        8cy     3cy    9cy    3cy    3cy    3cy    23cy
  L4        8cy     3cy    9cy    3cy    3cy    3cy    23cy
  L5        8cy     3cy    9cy    3cy    3cy    3cy    23cy
  L6        8cy     3cy    9cy    3cy    3cy    3cy    23cy
  L7        8cy     3cy    9cy    3cy    3cy    3cy    23cy
  L8        8cy     3cy    9cy    3cy    3cy    3cy    23cy
  L9        8cy     3cy    9cy    3cy    3cy    3cy    23cy
  L10       8cy     3cy    9cy    3cy    3cy    3cy    23cy
  L11       8cy     3cy    9cy    3cy    3cy    3cy    23cy
  L12       8cy     3cy    9cy    3cy    3cy    3cy    23cy

  Total layer processing: 276 cycles across 12 sequential layer passes

  [MEDUSA]     3 draft token predictions (3 cycles)
    Predicted tokens: [188, 120, 53]

================================================================
  12-LAYER INFERENCE EMULATION RESULTS (ALL measured)
================================================================

  STAGE                    CYCLES    TIME @100MHz
  -----                    ------    ------------
  Embedding Lookup            2 cy      20 ns
  12x Transformer Layers    276 cy    2760 ns
    Per-layer average        23 cy     230 ns
  MEDUSA Prediction           3 cy      30 ns
  -----------------------------------------
  TOTAL INFERENCE           358 cy    3580 ns

  Throughput:
    Single token:    358 cycles = 3580 ns = 3.580 us
    Tokens/second:   ~279329 (100 MHz FPGA)
    MEDUSA draft:    3 tokens predicted ΓåÆ effective 837988 tok/s

  DATA TRANSFORMATION PROOF:
    Input:  Token ID 8 ΓåÆ emb = [430, 470, 510, 550, ...]
    After L1:  [382, 510, 392, 1764, ...]
    After L6:  [96, 629, -1386, 3780, ...]
    After L12: [-271, 575, -4034, -276, ...]
    Output:    Token predictions = [188, 120, 53]

  HARDWARE USED:
    Multipliers:     0 (BitNet ternary)
    KV heads:        2 shared (vs 4 in standard)
    KV precision:    4-bit (INT4 quantized)
    Activations:     8-bit compressed
    Position enc:    Hardware RoPE
    Draft decoding:  MEDUSA 3-head

[PASS] Test 1: Embedding produced non-zero vector
[PASS] Test 2: All 12 layers completed (276 total cycles)
[PASS] Test 3: Data transforms across layers (L0 != L1 != L12)
[PASS] Test 4: MEDUSA produced 3 draft token predictions
[PASS] Test 5: Total inference = 358 cycles (reasonable for 12-layer model)

================================================================
  12-Layer Inference Emulation Tests: 5 / 5 PASSED
================================================================
TB_RESULT pass=5 fail=0
D:\Projects\BitbyBit\custom_gpu_project\tb\integration\full_model_inference_tb.v:445: $finish called at 5860000 (1ps)

Compiling demo_full_model_imprint_w2_r12 ...
Running demo_full_model_imprint_w2_r12 ...

================================================================
  MINI IMPRINT 12-LAYER INFERENCE EMULATION
  Architecture: hardwired embedding + 12x fixed-latency mini core
  Pipeline: Imprint Embedding -> 12x Mini Core -> MEDUSA
  Clock: 100 MHz | ALL numbers from simulation
================================================================

  [Embedding]  Token 8 -> imprint vector (1 cycle)
    emb_out[0:3] = [430, 470, 510, 550]

  Layer  Total   
  -----  ------  
  L1        8cy
  L2        8cy
  L3        8cy
  L4        8cy
  L5        8cy
  L6        8cy
  L7        8cy
  L8        8cy
  L9        8cy
  L10       8cy
  L11       8cy
  L12       8cy

  [MEDUSA]     3 draft token predictions (3 cycles)
    Predicted tokens: [94, 189, 28]

================================================================
  MINI IMPRINT INFERENCE RESULTS (ALL measured)
================================================================

  STAGE                    CYCLES    TIME @100MHz
  -----                    ------    ------------
  Imprint Embedding           1 cy      10 ns
  12x Mini Core Layers       96 cy     960 ns
    Per-layer average         8 cy      80 ns
  MEDUSA Prediction           3 cy      30 ns
  -----------------------------------------
  TOTAL INFERENCE           112 cy    1120 ns

  Throughput:
    Single token:    112 cycles = 1120 ns = 1.120 us
    Tokens/second:   ~892857 (100 MHz FPGA)
    MEDUSA draft:    3 tokens predicted -> effective 2678571 tok/s

[PASS] Test 1: MINI imprint embedding active and non-zero
[PASS] Test 2: 12 layers completed at fixed 8-cycle latency
[PASS] Test 3: Data transformed across layers
[PASS] Test 4: MEDUSA produced predictions
[PASS] Test 5: Total inference cycles in expected range

================================================================
  MINI Imprint Inference Tests: 5 / 5 PASSED
================================================================
D:\Projects\BitbyBit\custom_gpu_project\tb\integration\full_model_inference_imprint_tb.v:349: $finish called at 1460000 (1ps)
Running paired compare workload 2/20, pass 13/25 (measured) [token=8, pos=1]...

Compiling demo_full_model_base_w2_r13 ...
Running demo_full_model_base_w2_r13 ...

================================================================
  GPT-2 12-LAYER INFERENCE EMULATION
  Architecture: 12 transformer layers, 8-dim, 4Q/2KV heads
  Pipeline: Embedding ΓåÆ 12├ù reused [RoPEΓåÆGQAΓåÆSMΓåÆGELUΓåÆKVQΓåÆComp] ΓåÆ MEDUSA
  Clock: 100 MHz | ALL numbers from simulation
================================================================

--- Loading Model Weights ---
  Loaded: 16 token embeddings x 8 dims
  Loaded: 8 position embeddings x 8 dims
  Loaded: 3 MEDUSA head weights x 8 dims

================================================================
  INFERENCE: Token ID = 8, Position = 1
================================================================

  [Embedding]  Token 5 ΓåÆ embedding vector (2 cycle)
    emb_out[0:3] = [430, 470, 510, 550]
    emb_out[4:7] = [590, 630, 670, 710]

  Layer  RoPE     GQA    SM     GELU   KVQ    Comp   Total   
  -----  ------   ----   ----   ----   ----   ----   ------  
  L1        8cy     3cy    9cy    3cy    3cy    3cy    23cy
  L2        8cy     3cy    9cy    3cy    3cy    3cy    23cy
  L3        8cy     3cy    9cy    3cy    3cy    3cy    23cy
  L4        8cy     3cy    9cy    3cy    3cy    3cy    23cy
  L5        8cy     3cy    9cy    3cy    3cy    3cy    23cy
  L6        8cy     3cy    9cy    3cy    3cy    3cy    23cy
  L7        8cy     3cy    9cy    3cy    3cy    3cy    23cy
  L8        8cy     3cy    9cy    3cy    3cy    3cy    23cy
  L9        8cy     3cy    9cy    3cy    3cy    3cy    23cy
  L10       8cy     3cy    9cy    3cy    3cy    3cy    23cy
  L11       8cy     3cy    9cy    3cy    3cy    3cy    23cy
  L12       8cy     3cy    9cy    3cy    3cy    3cy    23cy

  Total layer processing: 276 cycles across 12 sequential layer passes

  [MEDUSA]     3 draft token predictions (3 cycles)
    Predicted tokens: [188, 120, 53]

================================================================
  12-LAYER INFERENCE EMULATION RESULTS (ALL measured)
================================================================

  STAGE                    CYCLES    TIME @100MHz
  -----                    ------    ------------
  Embedding Lookup            2 cy      20 ns
  12x Transformer Layers    276 cy    2760 ns
    Per-layer average        23 cy     230 ns
  MEDUSA Prediction           3 cy      30 ns
  -----------------------------------------
  TOTAL INFERENCE           358 cy    3580 ns

  Throughput:
    Single token:    358 cycles = 3580 ns = 3.580 us
    Tokens/second:   ~279329 (100 MHz FPGA)
    MEDUSA draft:    3 tokens predicted ΓåÆ effective 837988 tok/s

  DATA TRANSFORMATION PROOF:
    Input:  Token ID 8 ΓåÆ emb = [430, 470, 510, 550, ...]
    After L1:  [382, 510, 392, 1764, ...]
    After L6:  [96, 629, -1386, 3780, ...]
    After L12: [-271, 575, -4034, -276, ...]
    Output:    Token predictions = [188, 120, 53]

  HARDWARE USED:
    Multipliers:     0 (BitNet ternary)
    KV heads:        2 shared (vs 4 in standard)
    KV precision:    4-bit (INT4 quantized)
    Activations:     8-bit compressed
    Position enc:    Hardware RoPE
    Draft decoding:  MEDUSA 3-head

[PASS] Test 1: Embedding produced non-zero vector
[PASS] Test 2: All 12 layers completed (276 total cycles)
[PASS] Test 3: Data transforms across layers (L0 != L1 != L12)
[PASS] Test 4: MEDUSA produced 3 draft token predictions
[PASS] Test 5: Total inference = 358 cycles (reasonable for 12-layer model)

================================================================
  12-Layer Inference Emulation Tests: 5 / 5 PASSED
================================================================
TB_RESULT pass=5 fail=0
D:\Projects\BitbyBit\custom_gpu_project\tb\integration\full_model_inference_tb.v:445: $finish called at 5860000 (1ps)

Compiling demo_full_model_imprint_w2_r13 ...
Running demo_full_model_imprint_w2_r13 ...

================================================================
  MINI IMPRINT 12-LAYER INFERENCE EMULATION
  Architecture: hardwired embedding + 12x fixed-latency mini core
  Pipeline: Imprint Embedding -> 12x Mini Core -> MEDUSA
  Clock: 100 MHz | ALL numbers from simulation
================================================================

  [Embedding]  Token 8 -> imprint vector (1 cycle)
    emb_out[0:3] = [430, 470, 510, 550]

  Layer  Total   
  -----  ------  
  L1        8cy
  L2        8cy
  L3        8cy
  L4        8cy
  L5        8cy
  L6        8cy
  L7        8cy
  L8        8cy
  L9        8cy
  L10       8cy
  L11       8cy
  L12       8cy

  [MEDUSA]     3 draft token predictions (3 cycles)
    Predicted tokens: [94, 189, 28]

================================================================
  MINI IMPRINT INFERENCE RESULTS (ALL measured)
================================================================

  STAGE                    CYCLES    TIME @100MHz
  -----                    ------    ------------
  Imprint Embedding           1 cy      10 ns
  12x Mini Core Layers       96 cy     960 ns
    Per-layer average         8 cy      80 ns
  MEDUSA Prediction           3 cy      30 ns
  -----------------------------------------
  TOTAL INFERENCE           112 cy    1120 ns

  Throughput:
    Single token:    112 cycles = 1120 ns = 1.120 us
    Tokens/second:   ~892857 (100 MHz FPGA)
    MEDUSA draft:    3 tokens predicted -> effective 2678571 tok/s

[PASS] Test 1: MINI imprint embedding active and non-zero
[PASS] Test 2: 12 layers completed at fixed 8-cycle latency
[PASS] Test 3: Data transformed across layers
[PASS] Test 4: MEDUSA produced predictions
[PASS] Test 5: Total inference cycles in expected range

================================================================
  MINI Imprint Inference Tests: 5 / 5 PASSED
================================================================
D:\Projects\BitbyBit\custom_gpu_project\tb\integration\full_model_inference_imprint_tb.v:349: $finish called at 1460000 (1ps)
Running paired compare workload 2/20, pass 14/25 (measured) [token=8, pos=1]...

Compiling demo_full_model_base_w2_r14 ...
Running demo_full_model_base_w2_r14 ...

================================================================
  GPT-2 12-LAYER INFERENCE EMULATION
  Architecture: 12 transformer layers, 8-dim, 4Q/2KV heads
  Pipeline: Embedding ΓåÆ 12├ù reused [RoPEΓåÆGQAΓåÆSMΓåÆGELUΓåÆKVQΓåÆComp] ΓåÆ MEDUSA
  Clock: 100 MHz | ALL numbers from simulation
================================================================

--- Loading Model Weights ---
  Loaded: 16 token embeddings x 8 dims
  Loaded: 8 position embeddings x 8 dims
  Loaded: 3 MEDUSA head weights x 8 dims

================================================================
  INFERENCE: Token ID = 8, Position = 1
================================================================

  [Embedding]  Token 5 ΓåÆ embedding vector (2 cycle)
    emb_out[0:3] = [430, 470, 510, 550]
    emb_out[4:7] = [590, 630, 670, 710]

  Layer  RoPE     GQA    SM     GELU   KVQ    Comp   Total   
  -----  ------   ----   ----   ----   ----   ----   ------  
  L1        8cy     3cy    9cy    3cy    3cy    3cy    23cy
  L2        8cy     3cy    9cy    3cy    3cy    3cy    23cy
  L3        8cy     3cy    9cy    3cy    3cy    3cy    23cy
  L4        8cy     3cy    9cy    3cy    3cy    3cy    23cy
  L5        8cy     3cy    9cy    3cy    3cy    3cy    23cy
  L6        8cy     3cy    9cy    3cy    3cy    3cy    23cy
  L7        8cy     3cy    9cy    3cy    3cy    3cy    23cy
  L8        8cy     3cy    9cy    3cy    3cy    3cy    23cy
  L9        8cy     3cy    9cy    3cy    3cy    3cy    23cy
  L10       8cy     3cy    9cy    3cy    3cy    3cy    23cy
  L11       8cy     3cy    9cy    3cy    3cy    3cy    23cy
  L12       8cy     3cy    9cy    3cy    3cy    3cy    23cy

  Total layer processing: 276 cycles across 12 sequential layer passes

  [MEDUSA]     3 draft token predictions (3 cycles)
    Predicted tokens: [188, 120, 53]

================================================================
  12-LAYER INFERENCE EMULATION RESULTS (ALL measured)
================================================================

  STAGE                    CYCLES    TIME @100MHz
  -----                    ------    ------------
  Embedding Lookup            2 cy      20 ns
  12x Transformer Layers    276 cy    2760 ns
    Per-layer average        23 cy     230 ns
  MEDUSA Prediction           3 cy      30 ns
  -----------------------------------------
  TOTAL INFERENCE           358 cy    3580 ns

  Throughput:
    Single token:    358 cycles = 3580 ns = 3.580 us
    Tokens/second:   ~279329 (100 MHz FPGA)
    MEDUSA draft:    3 tokens predicted ΓåÆ effective 837988 tok/s

  DATA TRANSFORMATION PROOF:
    Input:  Token ID 8 ΓåÆ emb = [430, 470, 510, 550, ...]
    After L1:  [382, 510, 392, 1764, ...]
    After L6:  [96, 629, -1386, 3780, ...]
    After L12: [-271, 575, -4034, -276, ...]
    Output:    Token predictions = [188, 120, 53]

  HARDWARE USED:
    Multipliers:     0 (BitNet ternary)
    KV heads:        2 shared (vs 4 in standard)
    KV precision:    4-bit (INT4 quantized)
    Activations:     8-bit compressed
    Position enc:    Hardware RoPE
    Draft decoding:  MEDUSA 3-head

[PASS] Test 1: Embedding produced non-zero vector
[PASS] Test 2: All 12 layers completed (276 total cycles)
[PASS] Test 3: Data transforms across layers (L0 != L1 != L12)
[PASS] Test 4: MEDUSA produced 3 draft token predictions
[PASS] Test 5: Total inference = 358 cycles (reasonable for 12-layer model)

================================================================
  12-Layer Inference Emulation Tests: 5 / 5 PASSED
================================================================
TB_RESULT pass=5 fail=0
D:\Projects\BitbyBit\custom_gpu_project\tb\integration\full_model_inference_tb.v:445: $finish called at 5860000 (1ps)

Compiling demo_full_model_imprint_w2_r14 ...
Running demo_full_model_imprint_w2_r14 ...

================================================================
  MINI IMPRINT 12-LAYER INFERENCE EMULATION
  Architecture: hardwired embedding + 12x fixed-latency mini core
  Pipeline: Imprint Embedding -> 12x Mini Core -> MEDUSA
  Clock: 100 MHz | ALL numbers from simulation
================================================================

  [Embedding]  Token 8 -> imprint vector (1 cycle)
    emb_out[0:3] = [430, 470, 510, 550]

  Layer  Total   
  -----  ------  
  L1        8cy
  L2        8cy
  L3        8cy
  L4        8cy
  L5        8cy
  L6        8cy
  L7        8cy
  L8        8cy
  L9        8cy
  L10       8cy
  L11       8cy
  L12       8cy

  [MEDUSA]     3 draft token predictions (3 cycles)
    Predicted tokens: [94, 189, 28]

================================================================
  MINI IMPRINT INFERENCE RESULTS (ALL measured)
================================================================

  STAGE                    CYCLES    TIME @100MHz
  -----                    ------    ------------
  Imprint Embedding           1 cy      10 ns
  12x Mini Core Layers       96 cy     960 ns
    Per-layer average         8 cy      80 ns
  MEDUSA Prediction           3 cy      30 ns
  -----------------------------------------
  TOTAL INFERENCE           112 cy    1120 ns

  Throughput:
    Single token:    112 cycles = 1120 ns = 1.120 us
    Tokens/second:   ~892857 (100 MHz FPGA)
    MEDUSA draft:    3 tokens predicted -> effective 2678571 tok/s

[PASS] Test 1: MINI imprint embedding active and non-zero
[PASS] Test 2: 12 layers completed at fixed 8-cycle latency
[PASS] Test 3: Data transformed across layers
[PASS] Test 4: MEDUSA produced predictions
[PASS] Test 5: Total inference cycles in expected range

================================================================
  MINI Imprint Inference Tests: 5 / 5 PASSED
================================================================
D:\Projects\BitbyBit\custom_gpu_project\tb\integration\full_model_inference_imprint_tb.v:349: $finish called at 1460000 (1ps)
Running paired compare workload 2/20, pass 15/25 (measured) [token=8, pos=1]...

Compiling demo_full_model_base_w2_r15 ...
Running demo_full_model_base_w2_r15 ...

================================================================
  GPT-2 12-LAYER INFERENCE EMULATION
  Architecture: 12 transformer layers, 8-dim, 4Q/2KV heads
  Pipeline: Embedding ΓåÆ 12├ù reused [RoPEΓåÆGQAΓåÆSMΓåÆGELUΓåÆKVQΓåÆComp] ΓåÆ MEDUSA
  Clock: 100 MHz | ALL numbers from simulation
================================================================

--- Loading Model Weights ---
  Loaded: 16 token embeddings x 8 dims
  Loaded: 8 position embeddings x 8 dims
  Loaded: 3 MEDUSA head weights x 8 dims

================================================================
  INFERENCE: Token ID = 8, Position = 1
================================================================

  [Embedding]  Token 5 ΓåÆ embedding vector (2 cycle)
    emb_out[0:3] = [430, 470, 510, 550]
    emb_out[4:7] = [590, 630, 670, 710]

  Layer  RoPE     GQA    SM     GELU   KVQ    Comp   Total   
  -----  ------   ----   ----   ----   ----   ----   ------  
  L1        8cy     3cy    9cy    3cy    3cy    3cy    23cy
  L2        8cy     3cy    9cy    3cy    3cy    3cy    23cy
  L3        8cy     3cy    9cy    3cy    3cy    3cy    23cy
  L4        8cy     3cy    9cy    3cy    3cy    3cy    23cy
  L5        8cy     3cy    9cy    3cy    3cy    3cy    23cy
  L6        8cy     3cy    9cy    3cy    3cy    3cy    23cy
  L7        8cy     3cy    9cy    3cy    3cy    3cy    23cy
  L8        8cy     3cy    9cy    3cy    3cy    3cy    23cy
  L9        8cy     3cy    9cy    3cy    3cy    3cy    23cy
  L10       8cy     3cy    9cy    3cy    3cy    3cy    23cy
  L11       8cy     3cy    9cy    3cy    3cy    3cy    23cy
  L12       8cy     3cy    9cy    3cy    3cy    3cy    23cy

  Total layer processing: 276 cycles across 12 sequential layer passes

  [MEDUSA]     3 draft token predictions (3 cycles)
    Predicted tokens: [188, 120, 53]

================================================================
  12-LAYER INFERENCE EMULATION RESULTS (ALL measured)
================================================================

  STAGE                    CYCLES    TIME @100MHz
  -----                    ------    ------------
  Embedding Lookup            2 cy      20 ns
  12x Transformer Layers    276 cy    2760 ns
    Per-layer average        23 cy     230 ns
  MEDUSA Prediction           3 cy      30 ns
  -----------------------------------------
  TOTAL INFERENCE           358 cy    3580 ns

  Throughput:
    Single token:    358 cycles = 3580 ns = 3.580 us
    Tokens/second:   ~279329 (100 MHz FPGA)
    MEDUSA draft:    3 tokens predicted ΓåÆ effective 837988 tok/s

  DATA TRANSFORMATION PROOF:
    Input:  Token ID 8 ΓåÆ emb = [430, 470, 510, 550, ...]
    After L1:  [382, 510, 392, 1764, ...]
    After L6:  [96, 629, -1386, 3780, ...]
    After L12: [-271, 575, -4034, -276, ...]
    Output:    Token predictions = [188, 120, 53]

  HARDWARE USED:
    Multipliers:     0 (BitNet ternary)
    KV heads:        2 shared (vs 4 in standard)
    KV precision:    4-bit (INT4 quantized)
    Activations:     8-bit compressed
    Position enc:    Hardware RoPE
    Draft decoding:  MEDUSA 3-head

[PASS] Test 1: Embedding produced non-zero vector
[PASS] Test 2: All 12 layers completed (276 total cycles)
[PASS] Test 3: Data transforms across layers (L0 != L1 != L12)
[PASS] Test 4: MEDUSA produced 3 draft token predictions
[PASS] Test 5: Total inference = 358 cycles (reasonable for 12-layer model)

================================================================
  12-Layer Inference Emulation Tests: 5 / 5 PASSED
================================================================
TB_RESULT pass=5 fail=0
D:\Projects\BitbyBit\custom_gpu_project\tb\integration\full_model_inference_tb.v:445: $finish called at 5860000 (1ps)

Compiling demo_full_model_imprint_w2_r15 ...
Running demo_full_model_imprint_w2_r15 ...

================================================================
  MINI IMPRINT 12-LAYER INFERENCE EMULATION
  Architecture: hardwired embedding + 12x fixed-latency mini core
  Pipeline: Imprint Embedding -> 12x Mini Core -> MEDUSA
  Clock: 100 MHz | ALL numbers from simulation
================================================================

  [Embedding]  Token 8 -> imprint vector (1 cycle)
    emb_out[0:3] = [430, 470, 510, 550]

  Layer  Total   
  -----  ------  
  L1        8cy
  L2        8cy
  L3        8cy
  L4        8cy
  L5        8cy
  L6        8cy
  L7        8cy
  L8        8cy
  L9        8cy
  L10       8cy
  L11       8cy
  L12       8cy

  [MEDUSA]     3 draft token predictions (3 cycles)
    Predicted tokens: [94, 189, 28]

================================================================
  MINI IMPRINT INFERENCE RESULTS (ALL measured)
================================================================

  STAGE                    CYCLES    TIME @100MHz
  -----                    ------    ------------
  Imprint Embedding           1 cy      10 ns
  12x Mini Core Layers       96 cy     960 ns
    Per-layer average         8 cy      80 ns
  MEDUSA Prediction           3 cy      30 ns
  -----------------------------------------
  TOTAL INFERENCE           112 cy    1120 ns

  Throughput:
    Single token:    112 cycles = 1120 ns = 1.120 us
    Tokens/second:   ~892857 (100 MHz FPGA)
    MEDUSA draft:    3 tokens predicted -> effective 2678571 tok/s

[PASS] Test 1: MINI imprint embedding active and non-zero
[PASS] Test 2: 12 layers completed at fixed 8-cycle latency
[PASS] Test 3: Data transformed across layers
[PASS] Test 4: MEDUSA produced predictions
[PASS] Test 5: Total inference cycles in expected range

================================================================
  MINI Imprint Inference Tests: 5 / 5 PASSED
================================================================
D:\Projects\BitbyBit\custom_gpu_project\tb\integration\full_model_inference_imprint_tb.v:349: $finish called at 1460000 (1ps)
Running paired compare workload 2/20, pass 16/25 (measured) [token=8, pos=1]...

Compiling demo_full_model_base_w2_r16 ...
Running demo_full_model_base_w2_r16 ...

================================================================
  GPT-2 12-LAYER INFERENCE EMULATION
  Architecture: 12 transformer layers, 8-dim, 4Q/2KV heads
  Pipeline: Embedding ΓåÆ 12├ù reused [RoPEΓåÆGQAΓåÆSMΓåÆGELUΓåÆKVQΓåÆComp] ΓåÆ MEDUSA
  Clock: 100 MHz | ALL numbers from simulation
================================================================

--- Loading Model Weights ---
  Loaded: 16 token embeddings x 8 dims
  Loaded: 8 position embeddings x 8 dims
  Loaded: 3 MEDUSA head weights x 8 dims

================================================================
  INFERENCE: Token ID = 8, Position = 1
================================================================

  [Embedding]  Token 5 ΓåÆ embedding vector (2 cycle)
    emb_out[0:3] = [430, 470, 510, 550]
    emb_out[4:7] = [590, 630, 670, 710]

  Layer  RoPE     GQA    SM     GELU   KVQ    Comp   Total   
  -----  ------   ----   ----   ----   ----   ----   ------  
  L1        8cy     3cy    9cy    3cy    3cy    3cy    23cy
  L2        8cy     3cy    9cy    3cy    3cy    3cy    23cy
  L3        8cy     3cy    9cy    3cy    3cy    3cy    23cy
  L4        8cy     3cy    9cy    3cy    3cy    3cy    23cy
  L5        8cy     3cy    9cy    3cy    3cy    3cy    23cy
  L6        8cy     3cy    9cy    3cy    3cy    3cy    23cy
  L7        8cy     3cy    9cy    3cy    3cy    3cy    23cy
  L8        8cy     3cy    9cy    3cy    3cy    3cy    23cy
  L9        8cy     3cy    9cy    3cy    3cy    3cy    23cy
  L10       8cy     3cy    9cy    3cy    3cy    3cy    23cy
  L11       8cy     3cy    9cy    3cy    3cy    3cy    23cy
  L12       8cy     3cy    9cy    3cy    3cy    3cy    23cy

  Total layer processing: 276 cycles across 12 sequential layer passes

  [MEDUSA]     3 draft token predictions (3 cycles)
    Predicted tokens: [188, 120, 53]

================================================================
  12-LAYER INFERENCE EMULATION RESULTS (ALL measured)
================================================================

  STAGE                    CYCLES    TIME @100MHz
  -----                    ------    ------------
  Embedding Lookup            2 cy      20 ns
  12x Transformer Layers    276 cy    2760 ns
    Per-layer average        23 cy     230 ns
  MEDUSA Prediction           3 cy      30 ns
  -----------------------------------------
  TOTAL INFERENCE           358 cy    3580 ns

  Throughput:
    Single token:    358 cycles = 3580 ns = 3.580 us
    Tokens/second:   ~279329 (100 MHz FPGA)
    MEDUSA draft:    3 tokens predicted ΓåÆ effective 837988 tok/s

  DATA TRANSFORMATION PROOF:
    Input:  Token ID 8 ΓåÆ emb = [430, 470, 510, 550, ...]
    After L1:  [382, 510, 392, 1764, ...]
    After L6:  [96, 629, -1386, 3780, ...]
    After L12: [-271, 575, -4034, -276, ...]
    Output:    Token predictions = [188, 120, 53]

  HARDWARE USED:
    Multipliers:     0 (BitNet ternary)
    KV heads:        2 shared (vs 4 in standard)
    KV precision:    4-bit (INT4 quantized)
    Activations:     8-bit compressed
    Position enc:    Hardware RoPE
    Draft decoding:  MEDUSA 3-head

[PASS] Test 1: Embedding produced non-zero vector
[PASS] Test 2: All 12 layers completed (276 total cycles)
[PASS] Test 3: Data transforms across layers (L0 != L1 != L12)
[PASS] Test 4: MEDUSA produced 3 draft token predictions
[PASS] Test 5: Total inference = 358 cycles (reasonable for 12-layer model)

================================================================
  12-Layer Inference Emulation Tests: 5 / 5 PASSED
================================================================
TB_RESULT pass=5 fail=0
D:\Projects\BitbyBit\custom_gpu_project\tb\integration\full_model_inference_tb.v:445: $finish called at 5860000 (1ps)

Compiling demo_full_model_imprint_w2_r16 ...
Running demo_full_model_imprint_w2_r16 ...

================================================================
  MINI IMPRINT 12-LAYER INFERENCE EMULATION
  Architecture: hardwired embedding + 12x fixed-latency mini core
  Pipeline: Imprint Embedding -> 12x Mini Core -> MEDUSA
  Clock: 100 MHz | ALL numbers from simulation
================================================================

  [Embedding]  Token 8 -> imprint vector (1 cycle)
    emb_out[0:3] = [430, 470, 510, 550]

  Layer  Total   
  -----  ------  
  L1        8cy
  L2        8cy
  L3        8cy
  L4        8cy
  L5        8cy
  L6        8cy
  L7        8cy
  L8        8cy
  L9        8cy
  L10       8cy
  L11       8cy
  L12       8cy

  [MEDUSA]     3 draft token predictions (3 cycles)
    Predicted tokens: [94, 189, 28]

================================================================
  MINI IMPRINT INFERENCE RESULTS (ALL measured)
================================================================

  STAGE                    CYCLES    TIME @100MHz
  -----                    ------    ------------
  Imprint Embedding           1 cy      10 ns
  12x Mini Core Layers       96 cy     960 ns
    Per-layer average         8 cy      80 ns
  MEDUSA Prediction           3 cy      30 ns
  -----------------------------------------
  TOTAL INFERENCE           112 cy    1120 ns

  Throughput:
    Single token:    112 cycles = 1120 ns = 1.120 us
    Tokens/second:   ~892857 (100 MHz FPGA)
    MEDUSA draft:    3 tokens predicted -> effective 2678571 tok/s

[PASS] Test 1: MINI imprint embedding active and non-zero
[PASS] Test 2: 12 layers completed at fixed 8-cycle latency
[PASS] Test 3: Data transformed across layers
[PASS] Test 4: MEDUSA produced predictions
[PASS] Test 5: Total inference cycles in expected range

================================================================
  MINI Imprint Inference Tests: 5 / 5 PASSED
================================================================
D:\Projects\BitbyBit\custom_gpu_project\tb\integration\full_model_inference_imprint_tb.v:349: $finish called at 1460000 (1ps)
Running paired compare workload 2/20, pass 17/25 (measured) [token=8, pos=1]...

Compiling demo_full_model_base_w2_r17 ...
Running demo_full_model_base_w2_r17 ...

================================================================
  GPT-2 12-LAYER INFERENCE EMULATION
  Architecture: 12 transformer layers, 8-dim, 4Q/2KV heads
  Pipeline: Embedding ΓåÆ 12├ù reused [RoPEΓåÆGQAΓåÆSMΓåÆGELUΓåÆKVQΓåÆComp] ΓåÆ MEDUSA
  Clock: 100 MHz | ALL numbers from simulation
================================================================

--- Loading Model Weights ---
  Loaded: 16 token embeddings x 8 dims
  Loaded: 8 position embeddings x 8 dims
  Loaded: 3 MEDUSA head weights x 8 dims

================================================================
  INFERENCE: Token ID = 8, Position = 1
================================================================

  [Embedding]  Token 5 ΓåÆ embedding vector (2 cycle)
    emb_out[0:3] = [430, 470, 510, 550]
    emb_out[4:7] = [590, 630, 670, 710]

  Layer  RoPE     GQA    SM     GELU   KVQ    Comp   Total   
  -----  ------   ----   ----   ----   ----   ----   ------  
  L1        8cy     3cy    9cy    3cy    3cy    3cy    23cy
  L2        8cy     3cy    9cy    3cy    3cy    3cy    23cy
  L3        8cy     3cy    9cy    3cy    3cy    3cy    23cy
  L4        8cy     3cy    9cy    3cy    3cy    3cy    23cy
  L5        8cy     3cy    9cy    3cy    3cy    3cy    23cy
  L6        8cy     3cy    9cy    3cy    3cy    3cy    23cy
  L7        8cy     3cy    9cy    3cy    3cy    3cy    23cy
  L8        8cy     3cy    9cy    3cy    3cy    3cy    23cy
  L9        8cy     3cy    9cy    3cy    3cy    3cy    23cy
  L10       8cy     3cy    9cy    3cy    3cy    3cy    23cy
  L11       8cy     3cy    9cy    3cy    3cy    3cy    23cy
  L12       8cy     3cy    9cy    3cy    3cy    3cy    23cy

  Total layer processing: 276 cycles across 12 sequential layer passes

  [MEDUSA]     3 draft token predictions (3 cycles)
    Predicted tokens: [188, 120, 53]

================================================================
  12-LAYER INFERENCE EMULATION RESULTS (ALL measured)
================================================================

  STAGE                    CYCLES    TIME @100MHz
  -----                    ------    ------------
  Embedding Lookup            2 cy      20 ns
  12x Transformer Layers    276 cy    2760 ns
    Per-layer average        23 cy     230 ns
  MEDUSA Prediction           3 cy      30 ns
  -----------------------------------------
  TOTAL INFERENCE           358 cy    3580 ns

  Throughput:
    Single token:    358 cycles = 3580 ns = 3.580 us
    Tokens/second:   ~279329 (100 MHz FPGA)
    MEDUSA draft:    3 tokens predicted ΓåÆ effective 837988 tok/s

  DATA TRANSFORMATION PROOF:
    Input:  Token ID 8 ΓåÆ emb = [430, 470, 510, 550, ...]
    After L1:  [382, 510, 392, 1764, ...]
    After L6:  [96, 629, -1386, 3780, ...]
    After L12: [-271, 575, -4034, -276, ...]
    Output:    Token predictions = [188, 120, 53]

  HARDWARE USED:
    Multipliers:     0 (BitNet ternary)
    KV heads:        2 shared (vs 4 in standard)
    KV precision:    4-bit (INT4 quantized)
    Activations:     8-bit compressed
    Position enc:    Hardware RoPE
    Draft decoding:  MEDUSA 3-head

[PASS] Test 1: Embedding produced non-zero vector
[PASS] Test 2: All 12 layers completed (276 total cycles)
[PASS] Test 3: Data transforms across layers (L0 != L1 != L12)
[PASS] Test 4: MEDUSA produced 3 draft token predictions
[PASS] Test 5: Total inference = 358 cycles (reasonable for 12-layer model)

================================================================
  12-Layer Inference Emulation Tests: 5 / 5 PASSED
================================================================
TB_RESULT pass=5 fail=0
D:\Projects\BitbyBit\custom_gpu_project\tb\integration\full_model_inference_tb.v:445: $finish called at 5860000 (1ps)

Compiling demo_full_model_imprint_w2_r17 ...
Running demo_full_model_imprint_w2_r17 ...

================================================================
  MINI IMPRINT 12-LAYER INFERENCE EMULATION
  Architecture: hardwired embedding + 12x fixed-latency mini core
  Pipeline: Imprint Embedding -> 12x Mini Core -> MEDUSA
  Clock: 100 MHz | ALL numbers from simulation
================================================================

  [Embedding]  Token 8 -> imprint vector (1 cycle)
    emb_out[0:3] = [430, 470, 510, 550]

  Layer  Total   
  -----  ------  
  L1        8cy
  L2        8cy
  L3        8cy
  L4        8cy
  L5        8cy
  L6        8cy
  L7        8cy
  L8        8cy
  L9        8cy
  L10       8cy
  L11       8cy
  L12       8cy

  [MEDUSA]     3 draft token predictions (3 cycles)
    Predicted tokens: [94, 189, 28]

================================================================
  MINI IMPRINT INFERENCE RESULTS (ALL measured)
================================================================

  STAGE                    CYCLES    TIME @100MHz
  -----                    ------    ------------
  Imprint Embedding           1 cy      10 ns
  12x Mini Core Layers       96 cy     960 ns
    Per-layer average         8 cy      80 ns
  MEDUSA Prediction           3 cy      30 ns
  -----------------------------------------
  TOTAL INFERENCE           112 cy    1120 ns

  Throughput:
    Single token:    112 cycles = 1120 ns = 1.120 us
    Tokens/second:   ~892857 (100 MHz FPGA)
    MEDUSA draft:    3 tokens predicted -> effective 2678571 tok/s

[PASS] Test 1: MINI imprint embedding active and non-zero
[PASS] Test 2: 12 layers completed at fixed 8-cycle latency
[PASS] Test 3: Data transformed across layers
[PASS] Test 4: MEDUSA produced predictions
[PASS] Test 5: Total inference cycles in expected range

================================================================
  MINI Imprint Inference Tests: 5 / 5 PASSED
================================================================
D:\Projects\BitbyBit\custom_gpu_project\tb\integration\full_model_inference_imprint_tb.v:349: $finish called at 1460000 (1ps)
Running paired compare workload 2/20, pass 18/25 (measured) [token=8, pos=1]...

Compiling demo_full_model_base_w2_r18 ...
Running demo_full_model_base_w2_r18 ...

================================================================
  GPT-2 12-LAYER INFERENCE EMULATION
  Architecture: 12 transformer layers, 8-dim, 4Q/2KV heads
  Pipeline: Embedding ΓåÆ 12├ù reused [RoPEΓåÆGQAΓåÆSMΓåÆGELUΓåÆKVQΓåÆComp] ΓåÆ MEDUSA
  Clock: 100 MHz | ALL numbers from simulation
================================================================

--- Loading Model Weights ---
  Loaded: 16 token embeddings x 8 dims
  Loaded: 8 position embeddings x 8 dims
  Loaded: 3 MEDUSA head weights x 8 dims

================================================================
  INFERENCE: Token ID = 8, Position = 1
================================================================

  [Embedding]  Token 5 ΓåÆ embedding vector (2 cycle)
    emb_out[0:3] = [430, 470, 510, 550]
    emb_out[4:7] = [590, 630, 670, 710]

  Layer  RoPE     GQA    SM     GELU   KVQ    Comp   Total   
  -----  ------   ----   ----   ----   ----   ----   ------  
  L1        8cy     3cy    9cy    3cy    3cy    3cy    23cy
  L2        8cy     3cy    9cy    3cy    3cy    3cy    23cy
  L3        8cy     3cy    9cy    3cy    3cy    3cy    23cy
  L4        8cy     3cy    9cy    3cy    3cy    3cy    23cy
  L5        8cy     3cy    9cy    3cy    3cy    3cy    23cy
  L6        8cy     3cy    9cy    3cy    3cy    3cy    23cy
  L7        8cy     3cy    9cy    3cy    3cy    3cy    23cy
  L8        8cy     3cy    9cy    3cy    3cy    3cy    23cy
  L9        8cy     3cy    9cy    3cy    3cy    3cy    23cy
  L10       8cy     3cy    9cy    3cy    3cy    3cy    23cy
  L11       8cy     3cy    9cy    3cy    3cy    3cy    23cy
  L12       8cy     3cy    9cy    3cy    3cy    3cy    23cy

  Total layer processing: 276 cycles across 12 sequential layer passes

  [MEDUSA]     3 draft token predictions (3 cycles)
    Predicted tokens: [188, 120, 53]

================================================================
  12-LAYER INFERENCE EMULATION RESULTS (ALL measured)
================================================================

  STAGE                    CYCLES    TIME @100MHz
  -----                    ------    ------------
  Embedding Lookup            2 cy      20 ns
  12x Transformer Layers    276 cy    2760 ns
    Per-layer average        23 cy     230 ns
  MEDUSA Prediction           3 cy      30 ns
  -----------------------------------------
  TOTAL INFERENCE           358 cy    3580 ns

  Throughput:
    Single token:    358 cycles = 3580 ns = 3.580 us
    Tokens/second:   ~279329 (100 MHz FPGA)
    MEDUSA draft:    3 tokens predicted ΓåÆ effective 837988 tok/s

  DATA TRANSFORMATION PROOF:
    Input:  Token ID 8 ΓåÆ emb = [430, 470, 510, 550, ...]
    After L1:  [382, 510, 392, 1764, ...]
    After L6:  [96, 629, -1386, 3780, ...]
    After L12: [-271, 575, -4034, -276, ...]
    Output:    Token predictions = [188, 120, 53]

  HARDWARE USED:
    Multipliers:     0 (BitNet ternary)
    KV heads:        2 shared (vs 4 in standard)
    KV precision:    4-bit (INT4 quantized)
    Activations:     8-bit compressed
    Position enc:    Hardware RoPE
    Draft decoding:  MEDUSA 3-head

[PASS] Test 1: Embedding produced non-zero vector
[PASS] Test 2: All 12 layers completed (276 total cycles)
[PASS] Test 3: Data transforms across layers (L0 != L1 != L12)
[PASS] Test 4: MEDUSA produced 3 draft token predictions
[PASS] Test 5: Total inference = 358 cycles (reasonable for 12-layer model)

================================================================
  12-Layer Inference Emulation Tests: 5 / 5 PASSED
================================================================
TB_RESULT pass=5 fail=0
D:\Projects\BitbyBit\custom_gpu_project\tb\integration\full_model_inference_tb.v:445: $finish called at 5860000 (1ps)

Compiling demo_full_model_imprint_w2_r18 ...
Running demo_full_model_imprint_w2_r18 ...

================================================================
  MINI IMPRINT 12-LAYER INFERENCE EMULATION
  Architecture: hardwired embedding + 12x fixed-latency mini core
  Pipeline: Imprint Embedding -> 12x Mini Core -> MEDUSA
  Clock: 100 MHz | ALL numbers from simulation
================================================================

  [Embedding]  Token 8 -> imprint vector (1 cycle)
    emb_out[0:3] = [430, 470, 510, 550]

  Layer  Total   
  -----  ------  
  L1        8cy
  L2        8cy
  L3        8cy
  L4        8cy
  L5        8cy
  L6        8cy
  L7        8cy
  L8        8cy
  L9        8cy
  L10       8cy
  L11       8cy
  L12       8cy

  [MEDUSA]     3 draft token predictions (3 cycles)
    Predicted tokens: [94, 189, 28]

================================================================
  MINI IMPRINT INFERENCE RESULTS (ALL measured)
================================================================

  STAGE                    CYCLES    TIME @100MHz
  -----                    ------    ------------
  Imprint Embedding           1 cy      10 ns
  12x Mini Core Layers       96 cy     960 ns
    Per-layer average         8 cy      80 ns
  MEDUSA Prediction           3 cy      30 ns
  -----------------------------------------
  TOTAL INFERENCE           112 cy    1120 ns

  Throughput:
    Single token:    112 cycles = 1120 ns = 1.120 us
    Tokens/second:   ~892857 (100 MHz FPGA)
    MEDUSA draft:    3 tokens predicted -> effective 2678571 tok/s

[PASS] Test 1: MINI imprint embedding active and non-zero
[PASS] Test 2: 12 layers completed at fixed 8-cycle latency
[PASS] Test 3: Data transformed across layers
[PASS] Test 4: MEDUSA produced predictions
[PASS] Test 5: Total inference cycles in expected range

================================================================
  MINI Imprint Inference Tests: 5 / 5 PASSED
================================================================
D:\Projects\BitbyBit\custom_gpu_project\tb\integration\full_model_inference_imprint_tb.v:349: $finish called at 1460000 (1ps)
Running paired compare workload 2/20, pass 19/25 (measured) [token=8, pos=1]...

Compiling demo_full_model_base_w2_r19 ...
Running demo_full_model_base_w2_r19 ...

================================================================
  GPT-2 12-LAYER INFERENCE EMULATION
  Architecture: 12 transformer layers, 8-dim, 4Q/2KV heads
  Pipeline: Embedding ΓåÆ 12├ù reused [RoPEΓåÆGQAΓåÆSMΓåÆGELUΓåÆKVQΓåÆComp] ΓåÆ MEDUSA
  Clock: 100 MHz | ALL numbers from simulation
================================================================

--- Loading Model Weights ---
  Loaded: 16 token embeddings x 8 dims
  Loaded: 8 position embeddings x 8 dims
  Loaded: 3 MEDUSA head weights x 8 dims

================================================================
  INFERENCE: Token ID = 8, Position = 1
================================================================

  [Embedding]  Token 5 ΓåÆ embedding vector (2 cycle)
    emb_out[0:3] = [430, 470, 510, 550]
    emb_out[4:7] = [590, 630, 670, 710]

  Layer  RoPE     GQA    SM     GELU   KVQ    Comp   Total   
  -----  ------   ----   ----   ----   ----   ----   ------  
  L1        8cy     3cy    9cy    3cy    3cy    3cy    23cy
  L2        8cy     3cy    9cy    3cy    3cy    3cy    23cy
  L3        8cy     3cy    9cy    3cy    3cy    3cy    23cy
  L4        8cy     3cy    9cy    3cy    3cy    3cy    23cy
  L5        8cy     3cy    9cy    3cy    3cy    3cy    23cy
  L6        8cy     3cy    9cy    3cy    3cy    3cy    23cy
  L7        8cy     3cy    9cy    3cy    3cy    3cy    23cy
  L8        8cy     3cy    9cy    3cy    3cy    3cy    23cy
  L9        8cy     3cy    9cy    3cy    3cy    3cy    23cy
  L10       8cy     3cy    9cy    3cy    3cy    3cy    23cy
  L11       8cy     3cy    9cy    3cy    3cy    3cy    23cy
  L12       8cy     3cy    9cy    3cy    3cy    3cy    23cy

  Total layer processing: 276 cycles across 12 sequential layer passes

  [MEDUSA]     3 draft token predictions (3 cycles)
    Predicted tokens: [188, 120, 53]

================================================================
  12-LAYER INFERENCE EMULATION RESULTS (ALL measured)
================================================================

  STAGE                    CYCLES    TIME @100MHz
  -----                    ------    ------------
  Embedding Lookup            2 cy      20 ns
  12x Transformer Layers    276 cy    2760 ns
    Per-layer average        23 cy     230 ns
  MEDUSA Prediction           3 cy      30 ns
  -----------------------------------------
  TOTAL INFERENCE           358 cy    3580 ns

  Throughput:
    Single token:    358 cycles = 3580 ns = 3.580 us
    Tokens/second:   ~279329 (100 MHz FPGA)
    MEDUSA draft:    3 tokens predicted ΓåÆ effective 837988 tok/s

  DATA TRANSFORMATION PROOF:
    Input:  Token ID 8 ΓåÆ emb = [430, 470, 510, 550, ...]
    After L1:  [382, 510, 392, 1764, ...]
    After L6:  [96, 629, -1386, 3780, ...]
    After L12: [-271, 575, -4034, -276, ...]
    Output:    Token predictions = [188, 120, 53]

  HARDWARE USED:
    Multipliers:     0 (BitNet ternary)
    KV heads:        2 shared (vs 4 in standard)
    KV precision:    4-bit (INT4 quantized)
    Activations:     8-bit compressed
    Position enc:    Hardware RoPE
    Draft decoding:  MEDUSA 3-head

[PASS] Test 1: Embedding produced non-zero vector
[PASS] Test 2: All 12 layers completed (276 total cycles)
[PASS] Test 3: Data transforms across layers (L0 != L1 != L12)
[PASS] Test 4: MEDUSA produced 3 draft token predictions
[PASS] Test 5: Total inference = 358 cycles (reasonable for 12-layer model)

================================================================
  12-Layer Inference Emulation Tests: 5 / 5 PASSED
================================================================
TB_RESULT pass=5 fail=0
D:\Projects\BitbyBit\custom_gpu_project\tb\integration\full_model_inference_tb.v:445: $finish called at 5860000 (1ps)

Compiling demo_full_model_imprint_w2_r19 ...
Running demo_full_model_imprint_w2_r19 ...

================================================================
  MINI IMPRINT 12-LAYER INFERENCE EMULATION
  Architecture: hardwired embedding + 12x fixed-latency mini core
  Pipeline: Imprint Embedding -> 12x Mini Core -> MEDUSA
  Clock: 100 MHz | ALL numbers from simulation
================================================================

  [Embedding]  Token 8 -> imprint vector (1 cycle)
    emb_out[0:3] = [430, 470, 510, 550]

  Layer  Total   
  -----  ------  
  L1        8cy
  L2        8cy
  L3        8cy
  L4        8cy
  L5        8cy
  L6        8cy
  L7        8cy
  L8        8cy
  L9        8cy
  L10       8cy
  L11       8cy
  L12       8cy

  [MEDUSA]     3 draft token predictions (3 cycles)
    Predicted tokens: [94, 189, 28]

================================================================
  MINI IMPRINT INFERENCE RESULTS (ALL measured)
================================================================

  STAGE                    CYCLES    TIME @100MHz
  -----                    ------    ------------
  Imprint Embedding           1 cy      10 ns
  12x Mini Core Layers       96 cy     960 ns
    Per-layer average         8 cy      80 ns
  MEDUSA Prediction           3 cy      30 ns
  -----------------------------------------
  TOTAL INFERENCE           112 cy    1120 ns

  Throughput:
    Single token:    112 cycles = 1120 ns = 1.120 us
    Tokens/second:   ~892857 (100 MHz FPGA)
    MEDUSA draft:    3 tokens predicted -> effective 2678571 tok/s

[PASS] Test 1: MINI imprint embedding active and non-zero
[PASS] Test 2: 12 layers completed at fixed 8-cycle latency
[PASS] Test 3: Data transformed across layers
[PASS] Test 4: MEDUSA produced predictions
[PASS] Test 5: Total inference cycles in expected range

================================================================
  MINI Imprint Inference Tests: 5 / 5 PASSED
================================================================
D:\Projects\BitbyBit\custom_gpu_project\tb\integration\full_model_inference_imprint_tb.v:349: $finish called at 1460000 (1ps)
Running paired compare workload 2/20, pass 20/25 (measured) [token=8, pos=1]...

Compiling demo_full_model_base_w2_r20 ...
Running demo_full_model_base_w2_r20 ...

================================================================
  GPT-2 12-LAYER INFERENCE EMULATION
  Architecture: 12 transformer layers, 8-dim, 4Q/2KV heads
  Pipeline: Embedding ΓåÆ 12├ù reused [RoPEΓåÆGQAΓåÆSMΓåÆGELUΓåÆKVQΓåÆComp] ΓåÆ MEDUSA
  Clock: 100 MHz | ALL numbers from simulation
================================================================

--- Loading Model Weights ---
  Loaded: 16 token embeddings x 8 dims
  Loaded: 8 position embeddings x 8 dims
  Loaded: 3 MEDUSA head weights x 8 dims

================================================================
  INFERENCE: Token ID = 8, Position = 1
================================================================

  [Embedding]  Token 5 ΓåÆ embedding vector (2 cycle)
    emb_out[0:3] = [430, 470, 510, 550]
    emb_out[4:7] = [590, 630, 670, 710]

  Layer  RoPE     GQA    SM     GELU   KVQ    Comp   Total   
  -----  ------   ----   ----   ----   ----   ----   ------  
  L1        8cy     3cy    9cy    3cy    3cy    3cy    23cy
  L2        8cy     3cy    9cy    3cy    3cy    3cy    23cy
  L3        8cy     3cy    9cy    3cy    3cy    3cy    23cy
  L4        8cy     3cy    9cy    3cy    3cy    3cy    23cy
  L5        8cy     3cy    9cy    3cy    3cy    3cy    23cy
  L6        8cy     3cy    9cy    3cy    3cy    3cy    23cy
  L7        8cy     3cy    9cy    3cy    3cy    3cy    23cy
  L8        8cy     3cy    9cy    3cy    3cy    3cy    23cy
  L9        8cy     3cy    9cy    3cy    3cy    3cy    23cy
  L10       8cy     3cy    9cy    3cy    3cy    3cy    23cy
  L11       8cy     3cy    9cy    3cy    3cy    3cy    23cy
  L12       8cy     3cy    9cy    3cy    3cy    3cy    23cy

  Total layer processing: 276 cycles across 12 sequential layer passes

  [MEDUSA]     3 draft token predictions (3 cycles)
    Predicted tokens: [188, 120, 53]

================================================================
  12-LAYER INFERENCE EMULATION RESULTS (ALL measured)
================================================================

  STAGE                    CYCLES    TIME @100MHz
  -----                    ------    ------------
  Embedding Lookup            2 cy      20 ns
  12x Transformer Layers    276 cy    2760 ns
    Per-layer average        23 cy     230 ns
  MEDUSA Prediction           3 cy      30 ns
  -----------------------------------------
  TOTAL INFERENCE           358 cy    3580 ns

  Throughput:
    Single token:    358 cycles = 3580 ns = 3.580 us
    Tokens/second:   ~279329 (100 MHz FPGA)
    MEDUSA draft:    3 tokens predicted ΓåÆ effective 837988 tok/s

  DATA TRANSFORMATION PROOF:
    Input:  Token ID 8 ΓåÆ emb = [430, 470, 510, 550, ...]
    After L1:  [382, 510, 392, 1764, ...]
    After L6:  [96, 629, -1386, 3780, ...]
    After L12: [-271, 575, -4034, -276, ...]
    Output:    Token predictions = [188, 120, 53]

  HARDWARE USED:
    Multipliers:     0 (BitNet ternary)
    KV heads:        2 shared (vs 4 in standard)
    KV precision:    4-bit (INT4 quantized)
    Activations:     8-bit compressed
    Position enc:    Hardware RoPE
    Draft decoding:  MEDUSA 3-head

[PASS] Test 1: Embedding produced non-zero vector
[PASS] Test 2: All 12 layers completed (276 total cycles)
[PASS] Test 3: Data transforms across layers (L0 != L1 != L12)
[PASS] Test 4: MEDUSA produced 3 draft token predictions
[PASS] Test 5: Total inference = 358 cycles (reasonable for 12-layer model)

================================================================
  12-Layer Inference Emulation Tests: 5 / 5 PASSED
================================================================
TB_RESULT pass=5 fail=0
D:\Projects\BitbyBit\custom_gpu_project\tb\integration\full_model_inference_tb.v:445: $finish called at 5860000 (1ps)

Compiling demo_full_model_imprint_w2_r20 ...
Running demo_full_model_imprint_w2_r20 ...

================================================================
  MINI IMPRINT 12-LAYER INFERENCE EMULATION
  Architecture: hardwired embedding + 12x fixed-latency mini core
  Pipeline: Imprint Embedding -> 12x Mini Core -> MEDUSA
  Clock: 100 MHz | ALL numbers from simulation
================================================================

  [Embedding]  Token 8 -> imprint vector (1 cycle)
    emb_out[0:3] = [430, 470, 510, 550]

  Layer  Total   
  -----  ------  
  L1        8cy
  L2        8cy
  L3        8cy
  L4        8cy
  L5        8cy
  L6        8cy
  L7        8cy
  L8        8cy
  L9        8cy
  L10       8cy
  L11       8cy
  L12       8cy

  [MEDUSA]     3 draft token predictions (3 cycles)
    Predicted tokens: [94, 189, 28]

================================================================
  MINI IMPRINT INFERENCE RESULTS (ALL measured)
================================================================

  STAGE                    CYCLES    TIME @100MHz
  -----                    ------    ------------
  Imprint Embedding           1 cy      10 ns
  12x Mini Core Layers       96 cy     960 ns
    Per-layer average         8 cy      80 ns
  MEDUSA Prediction           3 cy      30 ns
  -----------------------------------------
  TOTAL INFERENCE           112 cy    1120 ns

  Throughput:
    Single token:    112 cycles = 1120 ns = 1.120 us
    Tokens/second:   ~892857 (100 MHz FPGA)
    MEDUSA draft:    3 tokens predicted -> effective 2678571 tok/s

[PASS] Test 1: MINI imprint embedding active and non-zero
[PASS] Test 2: 12 layers completed at fixed 8-cycle latency
[PASS] Test 3: Data transformed across layers
[PASS] Test 4: MEDUSA produced predictions
[PASS] Test 5: Total inference cycles in expected range

================================================================
  MINI Imprint Inference Tests: 5 / 5 PASSED
================================================================
D:\Projects\BitbyBit\custom_gpu_project\tb\integration\full_model_inference_imprint_tb.v:349: $finish called at 1460000 (1ps)
Running paired compare workload 2/20, pass 21/25 (measured) [token=8, pos=1]...

Compiling demo_full_model_base_w2_r21 ...
Running demo_full_model_base_w2_r21 ...

================================================================
  GPT-2 12-LAYER INFERENCE EMULATION
  Architecture: 12 transformer layers, 8-dim, 4Q/2KV heads
  Pipeline: Embedding ΓåÆ 12├ù reused [RoPEΓåÆGQAΓåÆSMΓåÆGELUΓåÆKVQΓåÆComp] ΓåÆ MEDUSA
  Clock: 100 MHz | ALL numbers from simulation
================================================================

--- Loading Model Weights ---
  Loaded: 16 token embeddings x 8 dims
  Loaded: 8 position embeddings x 8 dims
  Loaded: 3 MEDUSA head weights x 8 dims

================================================================
  INFERENCE: Token ID = 8, Position = 1
================================================================

  [Embedding]  Token 5 ΓåÆ embedding vector (2 cycle)
    emb_out[0:3] = [430, 470, 510, 550]
    emb_out[4:7] = [590, 630, 670, 710]

  Layer  RoPE     GQA    SM     GELU   KVQ    Comp   Total   
  -----  ------   ----   ----   ----   ----   ----   ------  
  L1        8cy     3cy    9cy    3cy    3cy    3cy    23cy
  L2        8cy     3cy    9cy    3cy    3cy    3cy    23cy
  L3        8cy     3cy    9cy    3cy    3cy    3cy    23cy
  L4        8cy     3cy    9cy    3cy    3cy    3cy    23cy
  L5        8cy     3cy    9cy    3cy    3cy    3cy    23cy
  L6        8cy     3cy    9cy    3cy    3cy    3cy    23cy
  L7        8cy     3cy    9cy    3cy    3cy    3cy    23cy
  L8        8cy     3cy    9cy    3cy    3cy    3cy    23cy
  L9        8cy     3cy    9cy    3cy    3cy    3cy    23cy
  L10       8cy     3cy    9cy    3cy    3cy    3cy    23cy
  L11       8cy     3cy    9cy    3cy    3cy    3cy    23cy
  L12       8cy     3cy    9cy    3cy    3cy    3cy    23cy

  Total layer processing: 276 cycles across 12 sequential layer passes

  [MEDUSA]     3 draft token predictions (3 cycles)
    Predicted tokens: [188, 120, 53]

================================================================
  12-LAYER INFERENCE EMULATION RESULTS (ALL measured)
================================================================

  STAGE                    CYCLES    TIME @100MHz
  -----                    ------    ------------
  Embedding Lookup            2 cy      20 ns
  12x Transformer Layers    276 cy    2760 ns
    Per-layer average        23 cy     230 ns
  MEDUSA Prediction           3 cy      30 ns
  -----------------------------------------
  TOTAL INFERENCE           358 cy    3580 ns

  Throughput:
    Single token:    358 cycles = 3580 ns = 3.580 us
    Tokens/second:   ~279329 (100 MHz FPGA)
    MEDUSA draft:    3 tokens predicted ΓåÆ effective 837988 tok/s

  DATA TRANSFORMATION PROOF:
    Input:  Token ID 8 ΓåÆ emb = [430, 470, 510, 550, ...]
    After L1:  [382, 510, 392, 1764, ...]
    After L6:  [96, 629, -1386, 3780, ...]
    After L12: [-271, 575, -4034, -276, ...]
    Output:    Token predictions = [188, 120, 53]

  HARDWARE USED:
    Multipliers:     0 (BitNet ternary)
    KV heads:        2 shared (vs 4 in standard)
    KV precision:    4-bit (INT4 quantized)
    Activations:     8-bit compressed
    Position enc:    Hardware RoPE
    Draft decoding:  MEDUSA 3-head

[PASS] Test 1: Embedding produced non-zero vector
[PASS] Test 2: All 12 layers completed (276 total cycles)
[PASS] Test 3: Data transforms across layers (L0 != L1 != L12)
[PASS] Test 4: MEDUSA produced 3 draft token predictions
[PASS] Test 5: Total inference = 358 cycles (reasonable for 12-layer model)

================================================================
  12-Layer Inference Emulation Tests: 5 / 5 PASSED
================================================================
TB_RESULT pass=5 fail=0
D:\Projects\BitbyBit\custom_gpu_project\tb\integration\full_model_inference_tb.v:445: $finish called at 5860000 (1ps)

Compiling demo_full_model_imprint_w2_r21 ...
Running demo_full_model_imprint_w2_r21 ...

================================================================
  MINI IMPRINT 12-LAYER INFERENCE EMULATION
  Architecture: hardwired embedding + 12x fixed-latency mini core
  Pipeline: Imprint Embedding -> 12x Mini Core -> MEDUSA
  Clock: 100 MHz | ALL numbers from simulation
================================================================

  [Embedding]  Token 8 -> imprint vector (1 cycle)
    emb_out[0:3] = [430, 470, 510, 550]

  Layer  Total   
  -----  ------  
  L1        8cy
  L2        8cy
  L3        8cy
  L4        8cy
  L5        8cy
  L6        8cy
  L7        8cy
  L8        8cy
  L9        8cy
  L10       8cy
  L11       8cy
  L12       8cy

  [MEDUSA]     3 draft token predictions (3 cycles)
    Predicted tokens: [94, 189, 28]

================================================================
  MINI IMPRINT INFERENCE RESULTS (ALL measured)
================================================================

  STAGE                    CYCLES    TIME @100MHz
  -----                    ------    ------------
  Imprint Embedding           1 cy      10 ns
  12x Mini Core Layers       96 cy     960 ns
    Per-layer average         8 cy      80 ns
  MEDUSA Prediction           3 cy      30 ns
  -----------------------------------------
  TOTAL INFERENCE           112 cy    1120 ns

  Throughput:
    Single token:    112 cycles = 1120 ns = 1.120 us
    Tokens/second:   ~892857 (100 MHz FPGA)
    MEDUSA draft:    3 tokens predicted -> effective 2678571 tok/s

[PASS] Test 1: MINI imprint embedding active and non-zero
[PASS] Test 2: 12 layers completed at fixed 8-cycle latency
[PASS] Test 3: Data transformed across layers
[PASS] Test 4: MEDUSA produced predictions
[PASS] Test 5: Total inference cycles in expected range

================================================================
  MINI Imprint Inference Tests: 5 / 5 PASSED
================================================================
D:\Projects\BitbyBit\custom_gpu_project\tb\integration\full_model_inference_imprint_tb.v:349: $finish called at 1460000 (1ps)
Running paired compare workload 2/20, pass 22/25 (measured) [token=8, pos=1]...

Compiling demo_full_model_base_w2_r22 ...
Running demo_full_model_base_w2_r22 ...

================================================================
  GPT-2 12-LAYER INFERENCE EMULATION
  Architecture: 12 transformer layers, 8-dim, 4Q/2KV heads
  Pipeline: Embedding ΓåÆ 12├ù reused [RoPEΓåÆGQAΓåÆSMΓåÆGELUΓåÆKVQΓåÆComp] ΓåÆ MEDUSA
  Clock: 100 MHz | ALL numbers from simulation
================================================================

--- Loading Model Weights ---
  Loaded: 16 token embeddings x 8 dims
  Loaded: 8 position embeddings x 8 dims
  Loaded: 3 MEDUSA head weights x 8 dims

================================================================
  INFERENCE: Token ID = 8, Position = 1
================================================================

  [Embedding]  Token 5 ΓåÆ embedding vector (2 cycle)
    emb_out[0:3] = [430, 470, 510, 550]
    emb_out[4:7] = [590, 630, 670, 710]

  Layer  RoPE     GQA    SM     GELU   KVQ    Comp   Total   
  -----  ------   ----   ----   ----   ----   ----   ------  
  L1        8cy     3cy    9cy    3cy    3cy    3cy    23cy
  L2        8cy     3cy    9cy    3cy    3cy    3cy    23cy
  L3        8cy     3cy    9cy    3cy    3cy    3cy    23cy
  L4        8cy     3cy    9cy    3cy    3cy    3cy    23cy
  L5        8cy     3cy    9cy    3cy    3cy    3cy    23cy
  L6        8cy     3cy    9cy    3cy    3cy    3cy    23cy
  L7        8cy     3cy    9cy    3cy    3cy    3cy    23cy
  L8        8cy     3cy    9cy    3cy    3cy    3cy    23cy
  L9        8cy     3cy    9cy    3cy    3cy    3cy    23cy
  L10       8cy     3cy    9cy    3cy    3cy    3cy    23cy
  L11       8cy     3cy    9cy    3cy    3cy    3cy    23cy
  L12       8cy     3cy    9cy    3cy    3cy    3cy    23cy

  Total layer processing: 276 cycles across 12 sequential layer passes

  [MEDUSA]     3 draft token predictions (3 cycles)
    Predicted tokens: [188, 120, 53]

================================================================
  12-LAYER INFERENCE EMULATION RESULTS (ALL measured)
================================================================

  STAGE                    CYCLES    TIME @100MHz
  -----                    ------    ------------
  Embedding Lookup            2 cy      20 ns
  12x Transformer Layers    276 cy    2760 ns
    Per-layer average        23 cy     230 ns
  MEDUSA Prediction           3 cy      30 ns
  -----------------------------------------
  TOTAL INFERENCE           358 cy    3580 ns

  Throughput:
    Single token:    358 cycles = 3580 ns = 3.580 us
    Tokens/second:   ~279329 (100 MHz FPGA)
    MEDUSA draft:    3 tokens predicted ΓåÆ effective 837988 tok/s

  DATA TRANSFORMATION PROOF:
    Input:  Token ID 8 ΓåÆ emb = [430, 470, 510, 550, ...]
    After L1:  [382, 510, 392, 1764, ...]
    After L6:  [96, 629, -1386, 3780, ...]
    After L12: [-271, 575, -4034, -276, ...]
    Output:    Token predictions = [188, 120, 53]

  HARDWARE USED:
    Multipliers:     0 (BitNet ternary)
    KV heads:        2 shared (vs 4 in standard)
    KV precision:    4-bit (INT4 quantized)
    Activations:     8-bit compressed
    Position enc:    Hardware RoPE
    Draft decoding:  MEDUSA 3-head

[PASS] Test 1: Embedding produced non-zero vector
[PASS] Test 2: All 12 layers completed (276 total cycles)
[PASS] Test 3: Data transforms across layers (L0 != L1 != L12)
[PASS] Test 4: MEDUSA produced 3 draft token predictions
[PASS] Test 5: Total inference = 358 cycles (reasonable for 12-layer model)

================================================================
  12-Layer Inference Emulation Tests: 5 / 5 PASSED
================================================================
TB_RESULT pass=5 fail=0
D:\Projects\BitbyBit\custom_gpu_project\tb\integration\full_model_inference_tb.v:445: $finish called at 5860000 (1ps)

Compiling demo_full_model_imprint_w2_r22 ...
Running demo_full_model_imprint_w2_r22 ...

================================================================
  MINI IMPRINT 12-LAYER INFERENCE EMULATION
  Architecture: hardwired embedding + 12x fixed-latency mini core
  Pipeline: Imprint Embedding -> 12x Mini Core -> MEDUSA
  Clock: 100 MHz | ALL numbers from simulation
================================================================

  [Embedding]  Token 8 -> imprint vector (1 cycle)
    emb_out[0:3] = [430, 470, 510, 550]

  Layer  Total   
  -----  ------  
  L1        8cy
  L2        8cy
  L3        8cy
  L4        8cy
  L5        8cy
  L6        8cy
  L7        8cy
  L8        8cy
  L9        8cy
  L10       8cy
  L11       8cy
  L12       8cy

  [MEDUSA]     3 draft token predictions (3 cycles)
    Predicted tokens: [94, 189, 28]

================================================================
  MINI IMPRINT INFERENCE RESULTS (ALL measured)
================================================================

  STAGE                    CYCLES    TIME @100MHz
  -----                    ------    ------------
  Imprint Embedding           1 cy      10 ns
  12x Mini Core Layers       96 cy     960 ns
    Per-layer average         8 cy      80 ns
  MEDUSA Prediction           3 cy      30 ns
  -----------------------------------------
  TOTAL INFERENCE           112 cy    1120 ns

  Throughput:
    Single token:    112 cycles = 1120 ns = 1.120 us
    Tokens/second:   ~892857 (100 MHz FPGA)
    MEDUSA draft:    3 tokens predicted -> effective 2678571 tok/s

[PASS] Test 1: MINI imprint embedding active and non-zero
[PASS] Test 2: 12 layers completed at fixed 8-cycle latency
[PASS] Test 3: Data transformed across layers
[PASS] Test 4: MEDUSA produced predictions
[PASS] Test 5: Total inference cycles in expected range

================================================================
  MINI Imprint Inference Tests: 5 / 5 PASSED
================================================================
D:\Projects\BitbyBit\custom_gpu_project\tb\integration\full_model_inference_imprint_tb.v:349: $finish called at 1460000 (1ps)
Running paired compare workload 2/20, pass 23/25 (measured) [token=8, pos=1]...

Compiling demo_full_model_base_w2_r23 ...
Running demo_full_model_base_w2_r23 ...

================================================================
  GPT-2 12-LAYER INFERENCE EMULATION
  Architecture: 12 transformer layers, 8-dim, 4Q/2KV heads
  Pipeline: Embedding ΓåÆ 12├ù reused [RoPEΓåÆGQAΓåÆSMΓåÆGELUΓåÆKVQΓåÆComp] ΓåÆ MEDUSA
  Clock: 100 MHz | ALL numbers from simulation
================================================================

--- Loading Model Weights ---
  Loaded: 16 token embeddings x 8 dims
  Loaded: 8 position embeddings x 8 dims
  Loaded: 3 MEDUSA head weights x 8 dims

================================================================
  INFERENCE: Token ID = 8, Position = 1
================================================================

  [Embedding]  Token 5 ΓåÆ embedding vector (2 cycle)
    emb_out[0:3] = [430, 470, 510, 550]
    emb_out[4:7] = [590, 630, 670, 710]

  Layer  RoPE     GQA    SM     GELU   KVQ    Comp   Total   
  -----  ------   ----   ----   ----   ----   ----   ------  
  L1        8cy     3cy    9cy    3cy    3cy    3cy    23cy
  L2        8cy     3cy    9cy    3cy    3cy    3cy    23cy
  L3        8cy     3cy    9cy    3cy    3cy    3cy    23cy
  L4        8cy     3cy    9cy    3cy    3cy    3cy    23cy
  L5        8cy     3cy    9cy    3cy    3cy    3cy    23cy
  L6        8cy     3cy    9cy    3cy    3cy    3cy    23cy
  L7        8cy     3cy    9cy    3cy    3cy    3cy    23cy
  L8        8cy     3cy    9cy    3cy    3cy    3cy    23cy
  L9        8cy     3cy    9cy    3cy    3cy    3cy    23cy
  L10       8cy     3cy    9cy    3cy    3cy    3cy    23cy
  L11       8cy     3cy    9cy    3cy    3cy    3cy    23cy
  L12       8cy     3cy    9cy    3cy    3cy    3cy    23cy

  Total layer processing: 276 cycles across 12 sequential layer passes

  [MEDUSA]     3 draft token predictions (3 cycles)
    Predicted tokens: [188, 120, 53]

================================================================
  12-LAYER INFERENCE EMULATION RESULTS (ALL measured)
================================================================

  STAGE                    CYCLES    TIME @100MHz
  -----                    ------    ------------
  Embedding Lookup            2 cy      20 ns
  12x Transformer Layers    276 cy    2760 ns
    Per-layer average        23 cy     230 ns
  MEDUSA Prediction           3 cy      30 ns
  -----------------------------------------
  TOTAL INFERENCE           358 cy    3580 ns

  Throughput:
    Single token:    358 cycles = 3580 ns = 3.580 us
    Tokens/second:   ~279329 (100 MHz FPGA)
    MEDUSA draft:    3 tokens predicted ΓåÆ effective 837988 tok/s

  DATA TRANSFORMATION PROOF:
    Input:  Token ID 8 ΓåÆ emb = [430, 470, 510, 550, ...]
    After L1:  [382, 510, 392, 1764, ...]
    After L6:  [96, 629, -1386, 3780, ...]
    After L12: [-271, 575, -4034, -276, ...]
    Output:    Token predictions = [188, 120, 53]

  HARDWARE USED:
    Multipliers:     0 (BitNet ternary)
    KV heads:        2 shared (vs 4 in standard)
    KV precision:    4-bit (INT4 quantized)
    Activations:     8-bit compressed
    Position enc:    Hardware RoPE
    Draft decoding:  MEDUSA 3-head

[PASS] Test 1: Embedding produced non-zero vector
[PASS] Test 2: All 12 layers completed (276 total cycles)
[PASS] Test 3: Data transforms across layers (L0 != L1 != L12)
[PASS] Test 4: MEDUSA produced 3 draft token predictions
[PASS] Test 5: Total inference = 358 cycles (reasonable for 12-layer model)

================================================================
  12-Layer Inference Emulation Tests: 5 / 5 PASSED
================================================================
TB_RESULT pass=5 fail=0
D:\Projects\BitbyBit\custom_gpu_project\tb\integration\full_model_inference_tb.v:445: $finish called at 5860000 (1ps)

Compiling demo_full_model_imprint_w2_r23 ...
Running demo_full_model_imprint_w2_r23 ...

================================================================
  MINI IMPRINT 12-LAYER INFERENCE EMULATION
  Architecture: hardwired embedding + 12x fixed-latency mini core
  Pipeline: Imprint Embedding -> 12x Mini Core -> MEDUSA
  Clock: 100 MHz | ALL numbers from simulation
================================================================

  [Embedding]  Token 8 -> imprint vector (1 cycle)
    emb_out[0:3] = [430, 470, 510, 550]

  Layer  Total   
  -----  ------  
  L1        8cy
  L2        8cy
  L3        8cy
  L4        8cy
  L5        8cy
  L6        8cy
  L7        8cy
  L8        8cy
  L9        8cy
  L10       8cy
  L11       8cy
  L12       8cy

  [MEDUSA]     3 draft token predictions (3 cycles)
    Predicted tokens: [94, 189, 28]

================================================================
  MINI IMPRINT INFERENCE RESULTS (ALL measured)
================================================================

  STAGE                    CYCLES    TIME @100MHz
  -----                    ------    ------------
  Imprint Embedding           1 cy      10 ns
  12x Mini Core Layers       96 cy     960 ns
    Per-layer average         8 cy      80 ns
  MEDUSA Prediction           3 cy      30 ns
  -----------------------------------------
  TOTAL INFERENCE           112 cy    1120 ns

  Throughput:
    Single token:    112 cycles = 1120 ns = 1.120 us
    Tokens/second:   ~892857 (100 MHz FPGA)
    MEDUSA draft:    3 tokens predicted -> effective 2678571 tok/s

[PASS] Test 1: MINI imprint embedding active and non-zero
[PASS] Test 2: 12 layers completed at fixed 8-cycle latency
[PASS] Test 3: Data transformed across layers
[PASS] Test 4: MEDUSA produced predictions
[PASS] Test 5: Total inference cycles in expected range

================================================================
  MINI Imprint Inference Tests: 5 / 5 PASSED
================================================================
D:\Projects\BitbyBit\custom_gpu_project\tb\integration\full_model_inference_imprint_tb.v:349: $finish called at 1460000 (1ps)
Running paired compare workload 2/20, pass 24/25 (measured) [token=8, pos=1]...

Compiling demo_full_model_base_w2_r24 ...
Running demo_full_model_base_w2_r24 ...

================================================================
  GPT-2 12-LAYER INFERENCE EMULATION
  Architecture: 12 transformer layers, 8-dim, 4Q/2KV heads
  Pipeline: Embedding ΓåÆ 12├ù reused [RoPEΓåÆGQAΓåÆSMΓåÆGELUΓåÆKVQΓåÆComp] ΓåÆ MEDUSA
  Clock: 100 MHz | ALL numbers from simulation
================================================================

--- Loading Model Weights ---
  Loaded: 16 token embeddings x 8 dims
  Loaded: 8 position embeddings x 8 dims
  Loaded: 3 MEDUSA head weights x 8 dims

================================================================
  INFERENCE: Token ID = 8, Position = 1
================================================================

  [Embedding]  Token 5 ΓåÆ embedding vector (2 cycle)
    emb_out[0:3] = [430, 470, 510, 550]
    emb_out[4:7] = [590, 630, 670, 710]

  Layer  RoPE     GQA    SM     GELU   KVQ    Comp   Total   
  -----  ------   ----   ----   ----   ----   ----   ------  
  L1        8cy     3cy    9cy    3cy    3cy    3cy    23cy
  L2        8cy     3cy    9cy    3cy    3cy    3cy    23cy
  L3        8cy     3cy    9cy    3cy    3cy    3cy    23cy
  L4        8cy     3cy    9cy    3cy    3cy    3cy    23cy
  L5        8cy     3cy    9cy    3cy    3cy    3cy    23cy
  L6        8cy     3cy    9cy    3cy    3cy    3cy    23cy
  L7        8cy     3cy    9cy    3cy    3cy    3cy    23cy
  L8        8cy     3cy    9cy    3cy    3cy    3cy    23cy
  L9        8cy     3cy    9cy    3cy    3cy    3cy    23cy
  L10       8cy     3cy    9cy    3cy    3cy    3cy    23cy
  L11       8cy     3cy    9cy    3cy    3cy    3cy    23cy
  L12       8cy     3cy    9cy    3cy    3cy    3cy    23cy

  Total layer processing: 276 cycles across 12 sequential layer passes

  [MEDUSA]     3 draft token predictions (3 cycles)
    Predicted tokens: [188, 120, 53]

================================================================
  12-LAYER INFERENCE EMULATION RESULTS (ALL measured)
================================================================

  STAGE                    CYCLES    TIME @100MHz
  -----                    ------    ------------
  Embedding Lookup            2 cy      20 ns
  12x Transformer Layers    276 cy    2760 ns
    Per-layer average        23 cy     230 ns
  MEDUSA Prediction           3 cy      30 ns
  -----------------------------------------
  TOTAL INFERENCE           358 cy    3580 ns

  Throughput:
    Single token:    358 cycles = 3580 ns = 3.580 us
    Tokens/second:   ~279329 (100 MHz FPGA)
    MEDUSA draft:    3 tokens predicted ΓåÆ effective 837988 tok/s

  DATA TRANSFORMATION PROOF:
    Input:  Token ID 8 ΓåÆ emb = [430, 470, 510, 550, ...]
    After L1:  [382, 510, 392, 1764, ...]
    After L6:  [96, 629, -1386, 3780, ...]
    After L12: [-271, 575, -4034, -276, ...]
    Output:    Token predictions = [188, 120, 53]

  HARDWARE USED:
    Multipliers:     0 (BitNet ternary)
    KV heads:        2 shared (vs 4 in standard)
    KV precision:    4-bit (INT4 quantized)
    Activations:     8-bit compressed
    Position enc:    Hardware RoPE
    Draft decoding:  MEDUSA 3-head

[PASS] Test 1: Embedding produced non-zero vector
[PASS] Test 2: All 12 layers completed (276 total cycles)
[PASS] Test 3: Data transforms across layers (L0 != L1 != L12)
[PASS] Test 4: MEDUSA produced 3 draft token predictions
[PASS] Test 5: Total inference = 358 cycles (reasonable for 12-layer model)

================================================================
  12-Layer Inference Emulation Tests: 5 / 5 PASSED
================================================================
TB_RESULT pass=5 fail=0
D:\Projects\BitbyBit\custom_gpu_project\tb\integration\full_model_inference_tb.v:445: $finish called at 5860000 (1ps)

Compiling demo_full_model_imprint_w2_r24 ...
Running demo_full_model_imprint_w2_r24 ...

================================================================
  MINI IMPRINT 12-LAYER INFERENCE EMULATION
  Architecture: hardwired embedding + 12x fixed-latency mini core
  Pipeline: Imprint Embedding -> 12x Mini Core -> MEDUSA
  Clock: 100 MHz | ALL numbers from simulation
================================================================

  [Embedding]  Token 8 -> imprint vector (1 cycle)
    emb_out[0:3] = [430, 470, 510, 550]

  Layer  Total   
  -----  ------  
  L1        8cy
  L2        8cy
  L3        8cy
  L4        8cy
  L5        8cy
  L6        8cy
  L7        8cy
  L8        8cy
  L9        8cy
  L10       8cy
  L11       8cy
  L12       8cy

  [MEDUSA]     3 draft token predictions (3 cycles)
    Predicted tokens: [94, 189, 28]

================================================================
  MINI IMPRINT INFERENCE RESULTS (ALL measured)
================================================================

  STAGE                    CYCLES    TIME @100MHz
  -----                    ------    ------------
  Imprint Embedding           1 cy      10 ns
  12x Mini Core Layers       96 cy     960 ns
    Per-layer average         8 cy      80 ns
  MEDUSA Prediction           3 cy      30 ns
  -----------------------------------------
  TOTAL INFERENCE           112 cy    1120 ns

  Throughput:
    Single token:    112 cycles = 1120 ns = 1.120 us
    Tokens/second:   ~892857 (100 MHz FPGA)
    MEDUSA draft:    3 tokens predicted -> effective 2678571 tok/s

[PASS] Test 1: MINI imprint embedding active and non-zero
[PASS] Test 2: 12 layers completed at fixed 8-cycle latency
[PASS] Test 3: Data transformed across layers
[PASS] Test 4: MEDUSA produced predictions
[PASS] Test 5: Total inference cycles in expected range

================================================================
  MINI Imprint Inference Tests: 5 / 5 PASSED
================================================================
D:\Projects\BitbyBit\custom_gpu_project\tb\integration\full_model_inference_imprint_tb.v:349: $finish called at 1460000 (1ps)
Running paired compare workload 2/20, pass 25/25 (measured) [token=8, pos=1]...

Compiling demo_full_model_base_w2_r25 ...
Running demo_full_model_base_w2_r25 ...

================================================================
  GPT-2 12-LAYER INFERENCE EMULATION
  Architecture: 12 transformer layers, 8-dim, 4Q/2KV heads
  Pipeline: Embedding ΓåÆ 12├ù reused [RoPEΓåÆGQAΓåÆSMΓåÆGELUΓåÆKVQΓåÆComp] ΓåÆ MEDUSA
  Clock: 100 MHz | ALL numbers from simulation
================================================================

--- Loading Model Weights ---
  Loaded: 16 token embeddings x 8 dims
  Loaded: 8 position embeddings x 8 dims
  Loaded: 3 MEDUSA head weights x 8 dims

================================================================
  INFERENCE: Token ID = 8, Position = 1
================================================================

  [Embedding]  Token 5 ΓåÆ embedding vector (2 cycle)
    emb_out[0:3] = [430, 470, 510, 550]
    emb_out[4:7] = [590, 630, 670, 710]

  Layer  RoPE     GQA    SM     GELU   KVQ    Comp   Total   
  -----  ------   ----   ----   ----   ----   ----   ------  
  L1        8cy     3cy    9cy    3cy    3cy    3cy    23cy
  L2        8cy     3cy    9cy    3cy    3cy    3cy    23cy
  L3        8cy     3cy    9cy    3cy    3cy    3cy    23cy
  L4        8cy     3cy    9cy    3cy    3cy    3cy    23cy
  L5        8cy     3cy    9cy    3cy    3cy    3cy    23cy
  L6        8cy     3cy    9cy    3cy    3cy    3cy    23cy
  L7        8cy     3cy    9cy    3cy    3cy    3cy    23cy
  L8        8cy     3cy    9cy    3cy    3cy    3cy    23cy
  L9        8cy     3cy    9cy    3cy    3cy    3cy    23cy
  L10       8cy     3cy    9cy    3cy    3cy    3cy    23cy
  L11       8cy     3cy    9cy    3cy    3cy    3cy    23cy
  L12       8cy     3cy    9cy    3cy    3cy    3cy    23cy

  Total layer processing: 276 cycles across 12 sequential layer passes

  [MEDUSA]     3 draft token predictions (3 cycles)
    Predicted tokens: [188, 120, 53]

================================================================
  12-LAYER INFERENCE EMULATION RESULTS (ALL measured)
================================================================

  STAGE                    CYCLES    TIME @100MHz
  -----                    ------    ------------
  Embedding Lookup            2 cy      20 ns
  12x Transformer Layers    276 cy    2760 ns
    Per-layer average        23 cy     230 ns
  MEDUSA Prediction           3 cy      30 ns
  -----------------------------------------
  TOTAL INFERENCE           358 cy    3580 ns

  Throughput:
    Single token:    358 cycles = 3580 ns = 3.580 us
    Tokens/second:   ~279329 (100 MHz FPGA)
    MEDUSA draft:    3 tokens predicted ΓåÆ effective 837988 tok/s

  DATA TRANSFORMATION PROOF:
    Input:  Token ID 8 ΓåÆ emb = [430, 470, 510, 550, ...]
    After L1:  [382, 510, 392, 1764, ...]
    After L6:  [96, 629, -1386, 3780, ...]
    After L12: [-271, 575, -4034, -276, ...]
    Output:    Token predictions = [188, 120, 53]

  HARDWARE USED:
    Multipliers:     0 (BitNet ternary)
    KV heads:        2 shared (vs 4 in standard)
    KV precision:    4-bit (INT4 quantized)
    Activations:     8-bit compressed
    Position enc:    Hardware RoPE
    Draft decoding:  MEDUSA 3-head

[PASS] Test 1: Embedding produced non-zero vector
[PASS] Test 2: All 12 layers completed (276 total cycles)
[PASS] Test 3: Data transforms across layers (L0 != L1 != L12)
[PASS] Test 4: MEDUSA produced 3 draft token predictions
[PASS] Test 5: Total inference = 358 cycles (reasonable for 12-layer model)

================================================================
  12-Layer Inference Emulation Tests: 5 / 5 PASSED
================================================================
TB_RESULT pass=5 fail=0
D:\Projects\BitbyBit\custom_gpu_project\tb\integration\full_model_inference_tb.v:445: $finish called at 5860000 (1ps)

Compiling demo_full_model_imprint_w2_r25 ...
Running demo_full_model_imprint_w2_r25 ...

================================================================
  MINI IMPRINT 12-LAYER INFERENCE EMULATION
  Architecture: hardwired embedding + 12x fixed-latency mini core
  Pipeline: Imprint Embedding -> 12x Mini Core -> MEDUSA
  Clock: 100 MHz | ALL numbers from simulation
================================================================

  [Embedding]  Token 8 -> imprint vector (1 cycle)
    emb_out[0:3] = [430, 470, 510, 550]

  Layer  Total   
  -----  ------  
  L1        8cy
  L2        8cy
  L3        8cy
  L4        8cy
  L5        8cy
  L6        8cy
  L7        8cy
  L8        8cy
  L9        8cy
  L10       8cy
  L11       8cy
  L12       8cy

  [MEDUSA]     3 draft token predictions (3 cycles)
    Predicted tokens: [94, 189, 28]

================================================================
  MINI IMPRINT INFERENCE RESULTS (ALL measured)
================================================================

  STAGE                    CYCLES    TIME @100MHz
  -----                    ------    ------------
  Imprint Embedding           1 cy      10 ns
  12x Mini Core Layers       96 cy     960 ns
    Per-layer average         8 cy      80 ns
  MEDUSA Prediction           3 cy      30 ns
  -----------------------------------------
  TOTAL INFERENCE           112 cy    1120 ns

  Throughput:
    Single token:    112 cycles = 1120 ns = 1.120 us
    Tokens/second:   ~892857 (100 MHz FPGA)
    MEDUSA draft:    3 tokens predicted -> effective 2678571 tok/s

[PASS] Test 1: MINI imprint embedding active and non-zero
[PASS] Test 2: 12 layers completed at fixed 8-cycle latency
[PASS] Test 3: Data transformed across layers
[PASS] Test 4: MEDUSA produced predictions
[PASS] Test 5: Total inference cycles in expected range

================================================================
  MINI Imprint Inference Tests: 5 / 5 PASSED
================================================================
D:\Projects\BitbyBit\custom_gpu_project\tb\integration\full_model_inference_imprint_tb.v:349: $finish called at 1460000 (1ps)
Running paired compare workload 3/20, pass 1/25 (warmup) [token=13, pos=7]...

Compiling demo_full_model_base_w3_r1 ...
Running demo_full_model_base_w3_r1 ...

================================================================
  GPT-2 12-LAYER INFERENCE EMULATION
  Architecture: 12 transformer layers, 8-dim, 4Q/2KV heads
  Pipeline: Embedding ΓåÆ 12├ù reused [RoPEΓåÆGQAΓåÆSMΓåÆGELUΓåÆKVQΓåÆComp] ΓåÆ MEDUSA
  Clock: 100 MHz | ALL numbers from simulation
================================================================

--- Loading Model Weights ---
  Loaded: 16 token embeddings x 8 dims
  Loaded: 8 position embeddings x 8 dims
  Loaded: 3 MEDUSA head weights x 8 dims

================================================================
  INFERENCE: Token ID = 13, Position = 7
================================================================

  [Embedding]  Token 5 ΓåÆ embedding vector (2 cycle)
    emb_out[0:3] = [800, 840, 880, 920]
    emb_out[4:7] = [960, 1000, 1040, 1080]

  Layer  RoPE     GQA    SM     GELU   KVQ    Comp   Total   
  -----  ------   ----   ----   ----   ----   ----   ------  
  L1        8cy     3cy    9cy    3cy    3cy    3cy    23cy
  L2        8cy     3cy    9cy    3cy    3cy    3cy    23cy
  L3        8cy     3cy    9cy    3cy    3cy    3cy    23cy
  L4        8cy     3cy    9cy    3cy    3cy    3cy    23cy
  L5        8cy     3cy    9cy    3cy    3cy    3cy    23cy
  L6        8cy     3cy    9cy    3cy    3cy    3cy    23cy
  L7        8cy     3cy    9cy    3cy    3cy    3cy    23cy
  L8        8cy     3cy    9cy    3cy    3cy    3cy    23cy
  L9        8cy     3cy    9cy    3cy    3cy    3cy    23cy
  L10       8cy     3cy    9cy    3cy    3cy    3cy    23cy
  L11       8cy     3cy    9cy    3cy    3cy    3cy    23cy
  L12       8cy     3cy    9cy    3cy    3cy    3cy    23cy

  Total layer processing: 276 cycles across 12 sequential layer passes

  [MEDUSA]     3 draft token predictions (3 cycles)
    Predicted tokens: [29, 59, 89]

================================================================
  12-LAYER INFERENCE EMULATION RESULTS (ALL measured)
================================================================

  STAGE                    CYCLES    TIME @100MHz
  -----                    ------    ------------
  Embedding Lookup            2 cy      20 ns
  12x Transformer Layers    276 cy    2760 ns
    Per-layer average        23 cy     230 ns
  MEDUSA Prediction           3 cy      30 ns
  -----------------------------------------
  TOTAL INFERENCE           358 cy    3580 ns

  Throughput:
    Single token:    358 cycles = 3580 ns = 3.580 us
    Tokens/second:   ~279329 (100 MHz FPGA)
    MEDUSA draft:    3 tokens predicted ΓåÆ effective 837988 tok/s

  DATA TRANSFORMATION PROOF:
    Input:  Token ID 13 ΓåÆ emb = [800, 840, 880, 920, ...]
    After L1:  [84, 1152, -731, 3780, ...]
    After L6:  [256, -1106, -4605, 3780, ...]
    After L12: [-1039, 385, -4606, 3780, ...]
    Output:    Token predictions = [29, 59, 89]

  HARDWARE USED:
    Multipliers:     0 (BitNet ternary)
    KV heads:        2 shared (vs 4 in standard)
    KV precision:    4-bit (INT4 quantized)
    Activations:     8-bit compressed
    Position enc:    Hardware RoPE
    Draft decoding:  MEDUSA 3-head

[PASS] Test 1: Embedding produced non-zero vector
[PASS] Test 2: All 12 layers completed (276 total cycles)
[PASS] Test 3: Data transforms across layers (L0 != L1 != L12)
[PASS] Test 4: MEDUSA produced 3 draft token predictions
[PASS] Test 5: Total inference = 358 cycles (reasonable for 12-layer model)

================================================================
  12-Layer Inference Emulation Tests: 5 / 5 PASSED
================================================================
TB_RESULT pass=5 fail=0
D:\Projects\BitbyBit\custom_gpu_project\tb\integration\full_model_inference_tb.v:445: $finish called at 5860000 (1ps)

Compiling demo_full_model_imprint_w3_r1 ...
Running demo_full_model_imprint_w3_r1 ...

================================================================
  MINI IMPRINT 12-LAYER INFERENCE EMULATION
  Architecture: hardwired embedding + 12x fixed-latency mini core
  Pipeline: Imprint Embedding -> 12x Mini Core -> MEDUSA
  Clock: 100 MHz | ALL numbers from simulation
================================================================

  [Embedding]  Token 13 -> imprint vector (1 cycle)
    emb_out[0:3] = [800, 840, 880, 920]

  Layer  Total   
  -----  ------  
  L1        8cy
  L2        8cy
  L3        8cy
  L4        8cy
  L5        8cy
  L6        8cy
  L7        8cy
  L8        8cy
  L9        8cy
  L10       8cy
  L11       8cy
  L12       8cy

  [MEDUSA]     3 draft token predictions (3 cycles)
    Predicted tokens: [199, 143, 87]

================================================================
  MINI IMPRINT INFERENCE RESULTS (ALL measured)
================================================================

  STAGE                    CYCLES    TIME @100MHz
  -----                    ------    ------------
  Imprint Embedding           1 cy      10 ns
  12x Mini Core Layers       96 cy     960 ns
    Per-layer average         8 cy      80 ns
  MEDUSA Prediction           3 cy      30 ns
  -----------------------------------------
  TOTAL INFERENCE           112 cy    1120 ns

  Throughput:
    Single token:    112 cycles = 1120 ns = 1.120 us
    Tokens/second:   ~892857 (100 MHz FPGA)
    MEDUSA draft:    3 tokens predicted -> effective 2678571 tok/s

[PASS] Test 1: MINI imprint embedding active and non-zero
[PASS] Test 2: 12 layers completed at fixed 8-cycle latency
[PASS] Test 3: Data transformed across layers
[PASS] Test 4: MEDUSA produced predictions
[PASS] Test 5: Total inference cycles in expected range

================================================================
  MINI Imprint Inference Tests: 5 / 5 PASSED
================================================================
D:\Projects\BitbyBit\custom_gpu_project\tb\integration\full_model_inference_imprint_tb.v:349: $finish called at 1460000 (1ps)
Running paired compare workload 3/20, pass 2/25 (warmup) [token=13, pos=7]...

Compiling demo_full_model_base_w3_r2 ...
Running demo_full_model_base_w3_r2 ...

================================================================
  GPT-2 12-LAYER INFERENCE EMULATION
  Architecture: 12 transformer layers, 8-dim, 4Q/2KV heads
  Pipeline: Embedding ΓåÆ 12├ù reused [RoPEΓåÆGQAΓåÆSMΓåÆGELUΓåÆKVQΓåÆComp] ΓåÆ MEDUSA
  Clock: 100 MHz | ALL numbers from simulation
================================================================

--- Loading Model Weights ---
  Loaded: 16 token embeddings x 8 dims
  Loaded: 8 position embeddings x 8 dims
  Loaded: 3 MEDUSA head weights x 8 dims

================================================================
  INFERENCE: Token ID = 13, Position = 7
================================================================

  [Embedding]  Token 5 ΓåÆ embedding vector (2 cycle)
    emb_out[0:3] = [800, 840, 880, 920]
    emb_out[4:7] = [960, 1000, 1040, 1080]

  Layer  RoPE     GQA    SM     GELU   KVQ    Comp   Total   
  -----  ------   ----   ----   ----   ----   ----   ------  
  L1        8cy     3cy    9cy    3cy    3cy    3cy    23cy
  L2        8cy     3cy    9cy    3cy    3cy    3cy    23cy
  L3        8cy     3cy    9cy    3cy    3cy    3cy    23cy
  L4        8cy     3cy    9cy    3cy    3cy    3cy    23cy
  L5        8cy     3cy    9cy    3cy    3cy    3cy    23cy
  L6        8cy     3cy    9cy    3cy    3cy    3cy    23cy
  L7        8cy     3cy    9cy    3cy    3cy    3cy    23cy
  L8        8cy     3cy    9cy    3cy    3cy    3cy    23cy
  L9        8cy     3cy    9cy    3cy    3cy    3cy    23cy
  L10       8cy     3cy    9cy    3cy    3cy    3cy    23cy
  L11       8cy     3cy    9cy    3cy    3cy    3cy    23cy
  L12       8cy     3cy    9cy    3cy    3cy    3cy    23cy

  Total layer processing: 276 cycles across 12 sequential layer passes

  [MEDUSA]     3 draft token predictions (3 cycles)
    Predicted tokens: [29, 59, 89]

================================================================
  12-LAYER INFERENCE EMULATION RESULTS (ALL measured)
================================================================

  STAGE                    CYCLES    TIME @100MHz
  -----                    ------    ------------
  Embedding Lookup            2 cy      20 ns
  12x Transformer Layers    276 cy    2760 ns
    Per-layer average        23 cy     230 ns
  MEDUSA Prediction           3 cy      30 ns
  -----------------------------------------
  TOTAL INFERENCE           358 cy    3580 ns

  Throughput:
    Single token:    358 cycles = 3580 ns = 3.580 us
    Tokens/second:   ~279329 (100 MHz FPGA)
    MEDUSA draft:    3 tokens predicted ΓåÆ effective 837988 tok/s

  DATA TRANSFORMATION PROOF:
    Input:  Token ID 13 ΓåÆ emb = [800, 840, 880, 920, ...]
    After L1:  [84, 1152, -731, 3780, ...]
    After L6:  [256, -1106, -4605, 3780, ...]
    After L12: [-1039, 385, -4606, 3780, ...]
    Output:    Token predictions = [29, 59, 89]

  HARDWARE USED:
    Multipliers:     0 (BitNet ternary)
    KV heads:        2 shared (vs 4 in standard)
    KV precision:    4-bit (INT4 quantized)
    Activations:     8-bit compressed
    Position enc:    Hardware RoPE
    Draft decoding:  MEDUSA 3-head

[PASS] Test 1: Embedding produced non-zero vector
[PASS] Test 2: All 12 layers completed (276 total cycles)
[PASS] Test 3: Data transforms across layers (L0 != L1 != L12)
[PASS] Test 4: MEDUSA produced 3 draft token predictions
[PASS] Test 5: Total inference = 358 cycles (reasonable for 12-layer model)

================================================================
  12-Layer Inference Emulation Tests: 5 / 5 PASSED
================================================================
TB_RESULT pass=5 fail=0
D:\Projects\BitbyBit\custom_gpu_project\tb\integration\full_model_inference_tb.v:445: $finish called at 5860000 (1ps)

Compiling demo_full_model_imprint_w3_r2 ...
Running demo_full_model_imprint_w3_r2 ...

================================================================
  MINI IMPRINT 12-LAYER INFERENCE EMULATION
  Architecture: hardwired embedding + 12x fixed-latency mini core
  Pipeline: Imprint Embedding -> 12x Mini Core -> MEDUSA
  Clock: 100 MHz | ALL numbers from simulation
================================================================

  [Embedding]  Token 13 -> imprint vector (1 cycle)
    emb_out[0:3] = [800, 840, 880, 920]

  Layer  Total   
  -----  ------  
  L1        8cy
  L2        8cy
  L3        8cy
  L4        8cy
  L5        8cy
  L6        8cy
  L7        8cy
  L8        8cy
  L9        8cy
  L10       8cy
  L11       8cy
  L12       8cy

  [MEDUSA]     3 draft token predictions (3 cycles)
    Predicted tokens: [199, 143, 87]

================================================================
  MINI IMPRINT INFERENCE RESULTS (ALL measured)
================================================================

  STAGE                    CYCLES    TIME @100MHz
  -----                    ------    ------------
  Imprint Embedding           1 cy      10 ns
  12x Mini Core Layers       96 cy     960 ns
    Per-layer average         8 cy      80 ns
  MEDUSA Prediction           3 cy      30 ns
  -----------------------------------------
  TOTAL INFERENCE           112 cy    1120 ns

  Throughput:
    Single token:    112 cycles = 1120 ns = 1.120 us
    Tokens/second:   ~892857 (100 MHz FPGA)
    MEDUSA draft:    3 tokens predicted -> effective 2678571 tok/s

[PASS] Test 1: MINI imprint embedding active and non-zero
[PASS] Test 2: 12 layers completed at fixed 8-cycle latency
[PASS] Test 3: Data transformed across layers
[PASS] Test 4: MEDUSA produced predictions
[PASS] Test 5: Total inference cycles in expected range

================================================================
  MINI Imprint Inference Tests: 5 / 5 PASSED
================================================================
D:\Projects\BitbyBit\custom_gpu_project\tb\integration\full_model_inference_imprint_tb.v:349: $finish called at 1460000 (1ps)
Running paired compare workload 3/20, pass 3/25 (warmup) [token=13, pos=7]...

Compiling demo_full_model_base_w3_r3 ...
Running demo_full_model_base_w3_r3 ...

================================================================
  GPT-2 12-LAYER INFERENCE EMULATION
  Architecture: 12 transformer layers, 8-dim, 4Q/2KV heads
  Pipeline: Embedding ΓåÆ 12├ù reused [RoPEΓåÆGQAΓåÆSMΓåÆGELUΓåÆKVQΓåÆComp] ΓåÆ MEDUSA
  Clock: 100 MHz | ALL numbers from simulation
================================================================

--- Loading Model Weights ---
  Loaded: 16 token embeddings x 8 dims
  Loaded: 8 position embeddings x 8 dims
  Loaded: 3 MEDUSA head weights x 8 dims

================================================================
  INFERENCE: Token ID = 13, Position = 7
================================================================

  [Embedding]  Token 5 ΓåÆ embedding vector (2 cycle)
    emb_out[0:3] = [800, 840, 880, 920]
    emb_out[4:7] = [960, 1000, 1040, 1080]

  Layer  RoPE     GQA    SM     GELU   KVQ    Comp   Total   
  -----  ------   ----   ----   ----   ----   ----   ------  
  L1        8cy     3cy    9cy    3cy    3cy    3cy    23cy
  L2        8cy     3cy    9cy    3cy    3cy    3cy    23cy
  L3        8cy     3cy    9cy    3cy    3cy    3cy    23cy
  L4        8cy     3cy    9cy    3cy    3cy    3cy    23cy
  L5        8cy     3cy    9cy    3cy    3cy    3cy    23cy
  L6        8cy     3cy    9cy    3cy    3cy    3cy    23cy
  L7        8cy     3cy    9cy    3cy    3cy    3cy    23cy
  L8        8cy     3cy    9cy    3cy    3cy    3cy    23cy
  L9        8cy     3cy    9cy    3cy    3cy    3cy    23cy
  L10       8cy     3cy    9cy    3cy    3cy    3cy    23cy
  L11       8cy     3cy    9cy    3cy    3cy    3cy    23cy
  L12       8cy     3cy    9cy    3cy    3cy    3cy    23cy

  Total layer processing: 276 cycles across 12 sequential layer passes

  [MEDUSA]     3 draft token predictions (3 cycles)
    Predicted tokens: [29, 59, 89]

================================================================
  12-LAYER INFERENCE EMULATION RESULTS (ALL measured)
================================================================

  STAGE                    CYCLES    TIME @100MHz
  -----                    ------    ------------
  Embedding Lookup            2 cy      20 ns
  12x Transformer Layers    276 cy    2760 ns
    Per-layer average        23 cy     230 ns
  MEDUSA Prediction           3 cy      30 ns
  -----------------------------------------
  TOTAL INFERENCE           358 cy    3580 ns

  Throughput:
    Single token:    358 cycles = 3580 ns = 3.580 us
    Tokens/second:   ~279329 (100 MHz FPGA)
    MEDUSA draft:    3 tokens predicted ΓåÆ effective 837988 tok/s

  DATA TRANSFORMATION PROOF:
    Input:  Token ID 13 ΓåÆ emb = [800, 840, 880, 920, ...]
    After L1:  [84, 1152, -731, 3780, ...]
    After L6:  [256, -1106, -4605, 3780, ...]
    After L12: [-1039, 385, -4606, 3780, ...]
    Output:    Token predictions = [29, 59, 89]

  HARDWARE USED:
    Multipliers:     0 (BitNet ternary)
    KV heads:        2 shared (vs 4 in standard)
    KV precision:    4-bit (INT4 quantized)
    Activations:     8-bit compressed
    Position enc:    Hardware RoPE
    Draft decoding:  MEDUSA 3-head

[PASS] Test 1: Embedding produced non-zero vector
[PASS] Test 2: All 12 layers completed (276 total cycles)
[PASS] Test 3: Data transforms across layers (L0 != L1 != L12)
[PASS] Test 4: MEDUSA produced 3 draft token predictions
[PASS] Test 5: Total inference = 358 cycles (reasonable for 12-layer model)

================================================================
  12-Layer Inference Emulation Tests: 5 / 5 PASSED
================================================================
TB_RESULT pass=5 fail=0
D:\Projects\BitbyBit\custom_gpu_project\tb\integration\full_model_inference_tb.v:445: $finish called at 5860000 (1ps)

Compiling demo_full_model_imprint_w3_r3 ...
Running demo_full_model_imprint_w3_r3 ...

================================================================
  MINI IMPRINT 12-LAYER INFERENCE EMULATION
  Architecture: hardwired embedding + 12x fixed-latency mini core
  Pipeline: Imprint Embedding -> 12x Mini Core -> MEDUSA
  Clock: 100 MHz | ALL numbers from simulation
================================================================

  [Embedding]  Token 13 -> imprint vector (1 cycle)
    emb_out[0:3] = [800, 840, 880, 920]

  Layer  Total   
  -----  ------  
  L1        8cy
  L2        8cy
  L3        8cy
  L4        8cy
  L5        8cy
  L6        8cy
  L7        8cy
  L8        8cy
  L9        8cy
  L10       8cy
  L11       8cy
  L12       8cy

  [MEDUSA]     3 draft token predictions (3 cycles)
    Predicted tokens: [199, 143, 87]

================================================================
  MINI IMPRINT INFERENCE RESULTS (ALL measured)
================================================================

  STAGE                    CYCLES    TIME @100MHz
  -----                    ------    ------------
  Imprint Embedding           1 cy      10 ns
  12x Mini Core Layers       96 cy     960 ns
    Per-layer average         8 cy      80 ns
  MEDUSA Prediction           3 cy      30 ns
  -----------------------------------------
  TOTAL INFERENCE           112 cy    1120 ns

  Throughput:
    Single token:    112 cycles = 1120 ns = 1.120 us
    Tokens/second:   ~892857 (100 MHz FPGA)
    MEDUSA draft:    3 tokens predicted -> effective 2678571 tok/s

[PASS] Test 1: MINI imprint embedding active and non-zero
[PASS] Test 2: 12 layers completed at fixed 8-cycle latency
[PASS] Test 3: Data transformed across layers
[PASS] Test 4: MEDUSA produced predictions
[PASS] Test 5: Total inference cycles in expected range

================================================================
  MINI Imprint Inference Tests: 5 / 5 PASSED
================================================================
D:\Projects\BitbyBit\custom_gpu_project\tb\integration\full_model_inference_imprint_tb.v:349: $finish called at 1460000 (1ps)
Running paired compare workload 3/20, pass 4/25 (warmup) [token=13, pos=7]...

Compiling demo_full_model_base_w3_r4 ...
Running demo_full_model_base_w3_r4 ...

================================================================
  GPT-2 12-LAYER INFERENCE EMULATION
  Architecture: 12 transformer layers, 8-dim, 4Q/2KV heads
  Pipeline: Embedding ΓåÆ 12├ù reused [RoPEΓåÆGQAΓåÆSMΓåÆGELUΓåÆKVQΓåÆComp] ΓåÆ MEDUSA
  Clock: 100 MHz | ALL numbers from simulation
================================================================

--- Loading Model Weights ---
  Loaded: 16 token embeddings x 8 dims
  Loaded: 8 position embeddings x 8 dims
  Loaded: 3 MEDUSA head weights x 8 dims

================================================================
  INFERENCE: Token ID = 13, Position = 7
================================================================

  [Embedding]  Token 5 ΓåÆ embedding vector (2 cycle)
    emb_out[0:3] = [800, 840, 880, 920]
    emb_out[4:7] = [960, 1000, 1040, 1080]

  Layer  RoPE     GQA    SM     GELU   KVQ    Comp   Total   
  -----  ------   ----   ----   ----   ----   ----   ------  
  L1        8cy     3cy    9cy    3cy    3cy    3cy    23cy
  L2        8cy     3cy    9cy    3cy    3cy    3cy    23cy
  L3        8cy     3cy    9cy    3cy    3cy    3cy    23cy
  L4        8cy     3cy    9cy    3cy    3cy    3cy    23cy
  L5        8cy     3cy    9cy    3cy    3cy    3cy    23cy
  L6        8cy     3cy    9cy    3cy    3cy    3cy    23cy
  L7        8cy     3cy    9cy    3cy    3cy    3cy    23cy
  L8        8cy     3cy    9cy    3cy    3cy    3cy    23cy
  L9        8cy     3cy    9cy    3cy    3cy    3cy    23cy
  L10       8cy     3cy    9cy    3cy    3cy    3cy    23cy
  L11       8cy     3cy    9cy    3cy    3cy    3cy    23cy
  L12       8cy     3cy    9cy    3cy    3cy    3cy    23cy

  Total layer processing: 276 cycles across 12 sequential layer passes

  [MEDUSA]     3 draft token predictions (3 cycles)
    Predicted tokens: [29, 59, 89]

================================================================
  12-LAYER INFERENCE EMULATION RESULTS (ALL measured)
================================================================

  STAGE                    CYCLES    TIME @100MHz
  -----                    ------    ------------
  Embedding Lookup            2 cy      20 ns
  12x Transformer Layers    276 cy    2760 ns
    Per-layer average        23 cy     230 ns
  MEDUSA Prediction           3 cy      30 ns
  -----------------------------------------
  TOTAL INFERENCE           358 cy    3580 ns

  Throughput:
    Single token:    358 cycles = 3580 ns = 3.580 us
    Tokens/second:   ~279329 (100 MHz FPGA)
    MEDUSA draft:    3 tokens predicted ΓåÆ effective 837988 tok/s

  DATA TRANSFORMATION PROOF:
    Input:  Token ID 13 ΓåÆ emb = [800, 840, 880, 920, ...]
    After L1:  [84, 1152, -731, 3780, ...]
    After L6:  [256, -1106, -4605, 3780, ...]
    After L12: [-1039, 385, -4606, 3780, ...]
    Output:    Token predictions = [29, 59, 89]

  HARDWARE USED:
    Multipliers:     0 (BitNet ternary)
    KV heads:        2 shared (vs 4 in standard)
    KV precision:    4-bit (INT4 quantized)
    Activations:     8-bit compressed
    Position enc:    Hardware RoPE
    Draft decoding:  MEDUSA 3-head

[PASS] Test 1: Embedding produced non-zero vector
[PASS] Test 2: All 12 layers completed (276 total cycles)
[PASS] Test 3: Data transforms across layers (L0 != L1 != L12)
[PASS] Test 4: MEDUSA produced 3 draft token predictions
[PASS] Test 5: Total inference = 358 cycles (reasonable for 12-layer model)

================================================================
  12-Layer Inference Emulation Tests: 5 / 5 PASSED
================================================================
TB_RESULT pass=5 fail=0
D:\Projects\BitbyBit\custom_gpu_project\tb\integration\full_model_inference_tb.v:445: $finish called at 5860000 (1ps)

Compiling demo_full_model_imprint_w3_r4 ...
Running demo_full_model_imprint_w3_r4 ...

================================================================
  MINI IMPRINT 12-LAYER INFERENCE EMULATION
  Architecture: hardwired embedding + 12x fixed-latency mini core
  Pipeline: Imprint Embedding -> 12x Mini Core -> MEDUSA
  Clock: 100 MHz | ALL numbers from simulation
================================================================

  [Embedding]  Token 13 -> imprint vector (1 cycle)
    emb_out[0:3] = [800, 840, 880, 920]

  Layer  Total   
  -----  ------  
  L1        8cy
  L2        8cy
  L3        8cy
  L4        8cy
  L5        8cy
  L6        8cy
  L7        8cy
  L8        8cy
  L9        8cy
  L10       8cy
  L11       8cy
  L12       8cy

  [MEDUSA]     3 draft token predictions (3 cycles)
    Predicted tokens: [199, 143, 87]

================================================================
  MINI IMPRINT INFERENCE RESULTS (ALL measured)
================================================================

  STAGE                    CYCLES    TIME @100MHz
  -----                    ------    ------------
  Imprint Embedding           1 cy      10 ns
  12x Mini Core Layers       96 cy     960 ns
    Per-layer average         8 cy      80 ns
  MEDUSA Prediction           3 cy      30 ns
  -----------------------------------------
  TOTAL INFERENCE           112 cy    1120 ns

  Throughput:
    Single token:    112 cycles = 1120 ns = 1.120 us
    Tokens/second:   ~892857 (100 MHz FPGA)
    MEDUSA draft:    3 tokens predicted -> effective 2678571 tok/s

[PASS] Test 1: MINI imprint embedding active and non-zero
[PASS] Test 2: 12 layers completed at fixed 8-cycle latency
[PASS] Test 3: Data transformed across layers
[PASS] Test 4: MEDUSA produced predictions
[PASS] Test 5: Total inference cycles in expected range

================================================================
  MINI Imprint Inference Tests: 5 / 5 PASSED
================================================================
D:\Projects\BitbyBit\custom_gpu_project\tb\integration\full_model_inference_imprint_tb.v:349: $finish called at 1460000 (1ps)
Running paired compare workload 3/20, pass 5/25 (warmup) [token=13, pos=7]...

Compiling demo_full_model_base_w3_r5 ...
Running demo_full_model_base_w3_r5 ...

================================================================
  GPT-2 12-LAYER INFERENCE EMULATION
  Architecture: 12 transformer layers, 8-dim, 4Q/2KV heads
  Pipeline: Embedding ΓåÆ 12├ù reused [RoPEΓåÆGQAΓåÆSMΓåÆGELUΓåÆKVQΓåÆComp] ΓåÆ MEDUSA
  Clock: 100 MHz | ALL numbers from simulation
================================================================

--- Loading Model Weights ---
  Loaded: 16 token embeddings x 8 dims
  Loaded: 8 position embeddings x 8 dims
  Loaded: 3 MEDUSA head weights x 8 dims

================================================================
  INFERENCE: Token ID = 13, Position = 7
================================================================

  [Embedding]  Token 5 ΓåÆ embedding vector (2 cycle)
    emb_out[0:3] = [800, 840, 880, 920]
    emb_out[4:7] = [960, 1000, 1040, 1080]

  Layer  RoPE     GQA    SM     GELU   KVQ    Comp   Total   
  -----  ------   ----   ----   ----   ----   ----   ------  
  L1        8cy     3cy    9cy    3cy    3cy    3cy    23cy
  L2        8cy     3cy    9cy    3cy    3cy    3cy    23cy
  L3        8cy     3cy    9cy    3cy    3cy    3cy    23cy
  L4        8cy     3cy    9cy    3cy    3cy    3cy    23cy
  L5        8cy     3cy    9cy    3cy    3cy    3cy    23cy
  L6        8cy     3cy    9cy    3cy    3cy    3cy    23cy
  L7        8cy     3cy    9cy    3cy    3cy    3cy    23cy
  L8        8cy     3cy    9cy    3cy    3cy    3cy    23cy
  L9        8cy     3cy    9cy    3cy    3cy    3cy    23cy
  L10       8cy     3cy    9cy    3cy    3cy    3cy    23cy
  L11       8cy     3cy    9cy    3cy    3cy    3cy    23cy
  L12       8cy     3cy    9cy    3cy    3cy    3cy    23cy

  Total layer processing: 276 cycles across 12 sequential layer passes

  [MEDUSA]     3 draft token predictions (3 cycles)
    Predicted tokens: [29, 59, 89]

================================================================
  12-LAYER INFERENCE EMULATION RESULTS (ALL measured)
================================================================

  STAGE                    CYCLES    TIME @100MHz
  -----                    ------    ------------
  Embedding Lookup            2 cy      20 ns
  12x Transformer Layers    276 cy    2760 ns
    Per-layer average        23 cy     230 ns
  MEDUSA Prediction           3 cy      30 ns
  -----------------------------------------
  TOTAL INFERENCE           358 cy    3580 ns

  Throughput:
    Single token:    358 cycles = 3580 ns = 3.580 us
    Tokens/second:   ~279329 (100 MHz FPGA)
    MEDUSA draft:    3 tokens predicted ΓåÆ effective 837988 tok/s

  DATA TRANSFORMATION PROOF:
    Input:  Token ID 13 ΓåÆ emb = [800, 840, 880, 920, ...]
    After L1:  [84, 1152, -731, 3780, ...]
    After L6:  [256, -1106, -4605, 3780, ...]
    After L12: [-1039, 385, -4606, 3780, ...]
    Output:    Token predictions = [29, 59, 89]

  HARDWARE USED:
    Multipliers:     0 (BitNet ternary)
    KV heads:        2 shared (vs 4 in standard)
    KV precision:    4-bit (INT4 quantized)
    Activations:     8-bit compressed
    Position enc:    Hardware RoPE
    Draft decoding:  MEDUSA 3-head

[PASS] Test 1: Embedding produced non-zero vector
[PASS] Test 2: All 12 layers completed (276 total cycles)
[PASS] Test 3: Data transforms across layers (L0 != L1 != L12)
[PASS] Test 4: MEDUSA produced 3 draft token predictions
[PASS] Test 5: Total inference = 358 cycles (reasonable for 12-layer model)

================================================================
  12-Layer Inference Emulation Tests: 5 / 5 PASSED
================================================================
TB_RESULT pass=5 fail=0
D:\Projects\BitbyBit\custom_gpu_project\tb\integration\full_model_inference_tb.v:445: $finish called at 5860000 (1ps)

Compiling demo_full_model_imprint_w3_r5 ...
Running demo_full_model_imprint_w3_r5 ...

================================================================
  MINI IMPRINT 12-LAYER INFERENCE EMULATION
  Architecture: hardwired embedding + 12x fixed-latency mini core
  Pipeline: Imprint Embedding -> 12x Mini Core -> MEDUSA
  Clock: 100 MHz | ALL numbers from simulation
================================================================

  [Embedding]  Token 13 -> imprint vector (1 cycle)
    emb_out[0:3] = [800, 840, 880, 920]

  Layer  Total   
  -----  ------  
  L1        8cy
  L2        8cy
  L3        8cy
  L4        8cy
  L5        8cy
  L6        8cy
  L7        8cy
  L8        8cy
  L9        8cy
  L10       8cy
  L11       8cy
  L12       8cy

  [MEDUSA]     3 draft token predictions (3 cycles)
    Predicted tokens: [199, 143, 87]

================================================================
  MINI IMPRINT INFERENCE RESULTS (ALL measured)
================================================================

  STAGE                    CYCLES    TIME @100MHz
  -----                    ------    ------------
  Imprint Embedding           1 cy      10 ns
  12x Mini Core Layers       96 cy     960 ns
    Per-layer average         8 cy      80 ns
  MEDUSA Prediction           3 cy      30 ns
  -----------------------------------------
  TOTAL INFERENCE           112 cy    1120 ns

  Throughput:
    Single token:    112 cycles = 1120 ns = 1.120 us
    Tokens/second:   ~892857 (100 MHz FPGA)
    MEDUSA draft:    3 tokens predicted -> effective 2678571 tok/s

[PASS] Test 1: MINI imprint embedding active and non-zero
[PASS] Test 2: 12 layers completed at fixed 8-cycle latency
[PASS] Test 3: Data transformed across layers
[PASS] Test 4: MEDUSA produced predictions
[PASS] Test 5: Total inference cycles in expected range

================================================================
  MINI Imprint Inference Tests: 5 / 5 PASSED
================================================================
D:\Projects\BitbyBit\custom_gpu_project\tb\integration\full_model_inference_imprint_tb.v:349: $finish called at 1460000 (1ps)
Running paired compare workload 3/20, pass 6/25 (measured) [token=13, pos=7]...

Compiling demo_full_model_base_w3_r6 ...
Running demo_full_model_base_w3_r6 ...

================================================================
  GPT-2 12-LAYER INFERENCE EMULATION
  Architecture: 12 transformer layers, 8-dim, 4Q/2KV heads
  Pipeline: Embedding ΓåÆ 12├ù reused [RoPEΓåÆGQAΓåÆSMΓåÆGELUΓåÆKVQΓåÆComp] ΓåÆ MEDUSA
  Clock: 100 MHz | ALL numbers from simulation
================================================================

--- Loading Model Weights ---
  Loaded: 16 token embeddings x 8 dims
  Loaded: 8 position embeddings x 8 dims
  Loaded: 3 MEDUSA head weights x 8 dims

================================================================
  INFERENCE: Token ID = 13, Position = 7
================================================================

  [Embedding]  Token 5 ΓåÆ embedding vector (2 cycle)
    emb_out[0:3] = [800, 840, 880, 920]
    emb_out[4:7] = [960, 1000, 1040, 1080]

  Layer  RoPE     GQA    SM     GELU   KVQ    Comp   Total   
  -----  ------   ----   ----   ----   ----   ----   ------  
  L1        8cy     3cy    9cy    3cy    3cy    3cy    23cy
  L2        8cy     3cy    9cy    3cy    3cy    3cy    23cy
  L3        8cy     3cy    9cy    3cy    3cy    3cy    23cy
  L4        8cy     3cy    9cy    3cy    3cy    3cy    23cy
  L5        8cy     3cy    9cy    3cy    3cy    3cy    23cy
  L6        8cy     3cy    9cy    3cy    3cy    3cy    23cy
  L7        8cy     3cy    9cy    3cy    3cy    3cy    23cy
  L8        8cy     3cy    9cy    3cy    3cy    3cy    23cy
  L9        8cy     3cy    9cy    3cy    3cy    3cy    23cy
  L10       8cy     3cy    9cy    3cy    3cy    3cy    23cy
  L11       8cy     3cy    9cy    3cy    3cy    3cy    23cy
  L12       8cy     3cy    9cy    3cy    3cy    3cy    23cy

  Total layer processing: 276 cycles across 12 sequential layer passes

  [MEDUSA]     3 draft token predictions (3 cycles)
    Predicted tokens: [29, 59, 89]

================================================================
  12-LAYER INFERENCE EMULATION RESULTS (ALL measured)
================================================================

  STAGE                    CYCLES    TIME @100MHz
  -----                    ------    ------------
  Embedding Lookup            2 cy      20 ns
  12x Transformer Layers    276 cy    2760 ns
    Per-layer average        23 cy     230 ns
  MEDUSA Prediction           3 cy      30 ns
  -----------------------------------------
  TOTAL INFERENCE           358 cy    3580 ns

  Throughput:
    Single token:    358 cycles = 3580 ns = 3.580 us
    Tokens/second:   ~279329 (100 MHz FPGA)
    MEDUSA draft:    3 tokens predicted ΓåÆ effective 837988 tok/s

  DATA TRANSFORMATION PROOF:
    Input:  Token ID 13 ΓåÆ emb = [800, 840, 880, 920, ...]
    After L1:  [84, 1152, -731, 3780, ...]
    After L6:  [256, -1106, -4605, 3780, ...]
    After L12: [-1039, 385, -4606, 3780, ...]
    Output:    Token predictions = [29, 59, 89]

  HARDWARE USED:
    Multipliers:     0 (BitNet ternary)
    KV heads:        2 shared (vs 4 in standard)
    KV precision:    4-bit (INT4 quantized)
    Activations:     8-bit compressed
    Position enc:    Hardware RoPE
    Draft decoding:  MEDUSA 3-head

[PASS] Test 1: Embedding produced non-zero vector
[PASS] Test 2: All 12 layers completed (276 total cycles)
[PASS] Test 3: Data transforms across layers (L0 != L1 != L12)
[PASS] Test 4: MEDUSA produced 3 draft token predictions
[PASS] Test 5: Total inference = 358 cycles (reasonable for 12-layer model)

================================================================
  12-Layer Inference Emulation Tests: 5 / 5 PASSED
================================================================
TB_RESULT pass=5 fail=0
D:\Projects\BitbyBit\custom_gpu_project\tb\integration\full_model_inference_tb.v:445: $finish called at 5860000 (1ps)

Compiling demo_full_model_imprint_w3_r6 ...
Running demo_full_model_imprint_w3_r6 ...

================================================================
  MINI IMPRINT 12-LAYER INFERENCE EMULATION
  Architecture: hardwired embedding + 12x fixed-latency mini core
  Pipeline: Imprint Embedding -> 12x Mini Core -> MEDUSA
  Clock: 100 MHz | ALL numbers from simulation
================================================================

  [Embedding]  Token 13 -> imprint vector (1 cycle)
    emb_out[0:3] = [800, 840, 880, 920]

  Layer  Total   
  -----  ------  
  L1        8cy
  L2        8cy
  L3        8cy
  L4        8cy
  L5        8cy
  L6        8cy
  L7        8cy
  L8        8cy
  L9        8cy
  L10       8cy
  L11       8cy
  L12       8cy

  [MEDUSA]     3 draft token predictions (3 cycles)
    Predicted tokens: [199, 143, 87]

================================================================
  MINI IMPRINT INFERENCE RESULTS (ALL measured)
================================================================

  STAGE                    CYCLES    TIME @100MHz
  -----                    ------    ------------
  Imprint Embedding           1 cy      10 ns
  12x Mini Core Layers       96 cy     960 ns
    Per-layer average         8 cy      80 ns
  MEDUSA Prediction           3 cy      30 ns
  -----------------------------------------
  TOTAL INFERENCE           112 cy    1120 ns

  Throughput:
    Single token:    112 cycles = 1120 ns = 1.120 us
    Tokens/second:   ~892857 (100 MHz FPGA)
    MEDUSA draft:    3 tokens predicted -> effective 2678571 tok/s

[PASS] Test 1: MINI imprint embedding active and non-zero
[PASS] Test 2: 12 layers completed at fixed 8-cycle latency
[PASS] Test 3: Data transformed across layers
[PASS] Test 4: MEDUSA produced predictions
[PASS] Test 5: Total inference cycles in expected range

================================================================
  MINI Imprint Inference Tests: 5 / 5 PASSED
================================================================
D:\Projects\BitbyBit\custom_gpu_project\tb\integration\full_model_inference_imprint_tb.v:349: $finish called at 1460000 (1ps)
Running paired compare workload 3/20, pass 7/25 (measured) [token=13, pos=7]...

Compiling demo_full_model_base_w3_r7 ...
Running demo_full_model_base_w3_r7 ...

================================================================
  GPT-2 12-LAYER INFERENCE EMULATION
  Architecture: 12 transformer layers, 8-dim, 4Q/2KV heads
  Pipeline: Embedding ΓåÆ 12├ù reused [RoPEΓåÆGQAΓåÆSMΓåÆGELUΓåÆKVQΓåÆComp] ΓåÆ MEDUSA
  Clock: 100 MHz | ALL numbers from simulation
================================================================

--- Loading Model Weights ---
  Loaded: 16 token embeddings x 8 dims
  Loaded: 8 position embeddings x 8 dims
  Loaded: 3 MEDUSA head weights x 8 dims

================================================================
  INFERENCE: Token ID = 13, Position = 7
================================================================

  [Embedding]  Token 5 ΓåÆ embedding vector (2 cycle)
    emb_out[0:3] = [800, 840, 880, 920]
    emb_out[4:7] = [960, 1000, 1040, 1080]

  Layer  RoPE     GQA    SM     GELU   KVQ    Comp   Total   
  -----  ------   ----   ----   ----   ----   ----   ------  
  L1        8cy     3cy    9cy    3cy    3cy    3cy    23cy
  L2        8cy     3cy    9cy    3cy    3cy    3cy    23cy
  L3        8cy     3cy    9cy    3cy    3cy    3cy    23cy
  L4        8cy     3cy    9cy    3cy    3cy    3cy    23cy
  L5        8cy     3cy    9cy    3cy    3cy    3cy    23cy
  L6        8cy     3cy    9cy    3cy    3cy    3cy    23cy
  L7        8cy     3cy    9cy    3cy    3cy    3cy    23cy
  L8        8cy     3cy    9cy    3cy    3cy    3cy    23cy
  L9        8cy     3cy    9cy    3cy    3cy    3cy    23cy
  L10       8cy     3cy    9cy    3cy    3cy    3cy    23cy
  L11       8cy     3cy    9cy    3cy    3cy    3cy    23cy
  L12       8cy     3cy    9cy    3cy    3cy    3cy    23cy

  Total layer processing: 276 cycles across 12 sequential layer passes

  [MEDUSA]     3 draft token predictions (3 cycles)
    Predicted tokens: [29, 59, 89]

================================================================
  12-LAYER INFERENCE EMULATION RESULTS (ALL measured)
================================================================

  STAGE                    CYCLES    TIME @100MHz
  -----                    ------    ------------
  Embedding Lookup            2 cy      20 ns
  12x Transformer Layers    276 cy    2760 ns
    Per-layer average        23 cy     230 ns
  MEDUSA Prediction           3 cy      30 ns
  -----------------------------------------
  TOTAL INFERENCE           358 cy    3580 ns

  Throughput:
    Single token:    358 cycles = 3580 ns = 3.580 us
    Tokens/second:   ~279329 (100 MHz FPGA)
    MEDUSA draft:    3 tokens predicted ΓåÆ effective 837988 tok/s

  DATA TRANSFORMATION PROOF:
    Input:  Token ID 13 ΓåÆ emb = [800, 840, 880, 920, ...]
    After L1:  [84, 1152, -731, 3780, ...]
    After L6:  [256, -1106, -4605, 3780, ...]
    After L12: [-1039, 385, -4606, 3780, ...]
    Output:    Token predictions = [29, 59, 89]

  HARDWARE USED:
    Multipliers:     0 (BitNet ternary)
    KV heads:        2 shared (vs 4 in standard)
    KV precision:    4-bit (INT4 quantized)
    Activations:     8-bit compressed
    Position enc:    Hardware RoPE
    Draft decoding:  MEDUSA 3-head

[PASS] Test 1: Embedding produced non-zero vector
[PASS] Test 2: All 12 layers completed (276 total cycles)
[PASS] Test 3: Data transforms across layers (L0 != L1 != L12)
[PASS] Test 4: MEDUSA produced 3 draft token predictions
[PASS] Test 5: Total inference = 358 cycles (reasonable for 12-layer model)

================================================================
  12-Layer Inference Emulation Tests: 5 / 5 PASSED
================================================================
TB_RESULT pass=5 fail=0
D:\Projects\BitbyBit\custom_gpu_project\tb\integration\full_model_inference_tb.v:445: $finish called at 5860000 (1ps)

Compiling demo_full_model_imprint_w3_r7 ...
Running demo_full_model_imprint_w3_r7 ...

================================================================
  MINI IMPRINT 12-LAYER INFERENCE EMULATION
  Architecture: hardwired embedding + 12x fixed-latency mini core
  Pipeline: Imprint Embedding -> 12x Mini Core -> MEDUSA
  Clock: 100 MHz | ALL numbers from simulation
================================================================

  [Embedding]  Token 13 -> imprint vector (1 cycle)
    emb_out[0:3] = [800, 840, 880, 920]

  Layer  Total   
  -----  ------  
  L1        8cy
  L2        8cy
  L3        8cy
  L4        8cy
  L5        8cy
  L6        8cy
  L7        8cy
  L8        8cy
  L9        8cy
  L10       8cy
  L11       8cy
  L12       8cy

  [MEDUSA]     3 draft token predictions (3 cycles)
    Predicted tokens: [199, 143, 87]

================================================================
  MINI IMPRINT INFERENCE RESULTS (ALL measured)
================================================================

  STAGE                    CYCLES    TIME @100MHz
  -----                    ------    ------------
  Imprint Embedding           1 cy      10 ns
  12x Mini Core Layers       96 cy     960 ns
    Per-layer average         8 cy      80 ns
  MEDUSA Prediction           3 cy      30 ns
  -----------------------------------------
  TOTAL INFERENCE           112 cy    1120 ns

  Throughput:
    Single token:    112 cycles = 1120 ns = 1.120 us
    Tokens/second:   ~892857 (100 MHz FPGA)
    MEDUSA draft:    3 tokens predicted -> effective 2678571 tok/s

[PASS] Test 1: MINI imprint embedding active and non-zero
[PASS] Test 2: 12 layers completed at fixed 8-cycle latency
[PASS] Test 3: Data transformed across layers
[PASS] Test 4: MEDUSA produced predictions
[PASS] Test 5: Total inference cycles in expected range

================================================================
  MINI Imprint Inference Tests: 5 / 5 PASSED
================================================================
D:\Projects\BitbyBit\custom_gpu_project\tb\integration\full_model_inference_imprint_tb.v:349: $finish called at 1460000 (1ps)
Running paired compare workload 3/20, pass 8/25 (measured) [token=13, pos=7]...

Compiling demo_full_model_base_w3_r8 ...
Running demo_full_model_base_w3_r8 ...

================================================================
  GPT-2 12-LAYER INFERENCE EMULATION
  Architecture: 12 transformer layers, 8-dim, 4Q/2KV heads
  Pipeline: Embedding ΓåÆ 12├ù reused [RoPEΓåÆGQAΓåÆSMΓåÆGELUΓåÆKVQΓåÆComp] ΓåÆ MEDUSA
  Clock: 100 MHz | ALL numbers from simulation
================================================================

--- Loading Model Weights ---
  Loaded: 16 token embeddings x 8 dims
  Loaded: 8 position embeddings x 8 dims
  Loaded: 3 MEDUSA head weights x 8 dims

================================================================
  INFERENCE: Token ID = 13, Position = 7
================================================================

  [Embedding]  Token 5 ΓåÆ embedding vector (2 cycle)
    emb_out[0:3] = [800, 840, 880, 920]
    emb_out[4:7] = [960, 1000, 1040, 1080]

  Layer  RoPE     GQA    SM     GELU   KVQ    Comp   Total   
  -----  ------   ----   ----   ----   ----   ----   ------  
  L1        8cy     3cy    9cy    3cy    3cy    3cy    23cy
  L2        8cy     3cy    9cy    3cy    3cy    3cy    23cy
  L3        8cy     3cy    9cy    3cy    3cy    3cy    23cy
  L4        8cy     3cy    9cy    3cy    3cy    3cy    23cy
  L5        8cy     3cy    9cy    3cy    3cy    3cy    23cy
  L6        8cy     3cy    9cy    3cy    3cy    3cy    23cy
  L7        8cy     3cy    9cy    3cy    3cy    3cy    23cy
  L8        8cy     3cy    9cy    3cy    3cy    3cy    23cy
  L9        8cy     3cy    9cy    3cy    3cy    3cy    23cy
  L10       8cy     3cy    9cy    3cy    3cy    3cy    23cy
  L11       8cy     3cy    9cy    3cy    3cy    3cy    23cy
  L12       8cy     3cy    9cy    3cy    3cy    3cy    23cy

  Total layer processing: 276 cycles across 12 sequential layer passes

  [MEDUSA]     3 draft token predictions (3 cycles)
    Predicted tokens: [29, 59, 89]

================================================================
  12-LAYER INFERENCE EMULATION RESULTS (ALL measured)
================================================================

  STAGE                    CYCLES    TIME @100MHz
  -----                    ------    ------------
  Embedding Lookup            2 cy      20 ns
  12x Transformer Layers    276 cy    2760 ns
    Per-layer average        23 cy     230 ns
  MEDUSA Prediction           3 cy      30 ns
  -----------------------------------------
  TOTAL INFERENCE           358 cy    3580 ns

  Throughput:
    Single token:    358 cycles = 3580 ns = 3.580 us
    Tokens/second:   ~279329 (100 MHz FPGA)
    MEDUSA draft:    3 tokens predicted ΓåÆ effective 837988 tok/s

  DATA TRANSFORMATION PROOF:
    Input:  Token ID 13 ΓåÆ emb = [800, 840, 880, 920, ...]
    After L1:  [84, 1152, -731, 3780, ...]
    After L6:  [256, -1106, -4605, 3780, ...]
    After L12: [-1039, 385, -4606, 3780, ...]
    Output:    Token predictions = [29, 59, 89]

  HARDWARE USED:
    Multipliers:     0 (BitNet ternary)
    KV heads:        2 shared (vs 4 in standard)
    KV precision:    4-bit (INT4 quantized)
    Activations:     8-bit compressed
    Position enc:    Hardware RoPE
    Draft decoding:  MEDUSA 3-head

[PASS] Test 1: Embedding produced non-zero vector
[PASS] Test 2: All 12 layers completed (276 total cycles)
[PASS] Test 3: Data transforms across layers (L0 != L1 != L12)
[PASS] Test 4: MEDUSA produced 3 draft token predictions
[PASS] Test 5: Total inference = 358 cycles (reasonable for 12-layer model)

================================================================
  12-Layer Inference Emulation Tests: 5 / 5 PASSED
================================================================
TB_RESULT pass=5 fail=0
D:\Projects\BitbyBit\custom_gpu_project\tb\integration\full_model_inference_tb.v:445: $finish called at 5860000 (1ps)

Compiling demo_full_model_imprint_w3_r8 ...
Running demo_full_model_imprint_w3_r8 ...

================================================================
  MINI IMPRINT 12-LAYER INFERENCE EMULATION
  Architecture: hardwired embedding + 12x fixed-latency mini core
  Pipeline: Imprint Embedding -> 12x Mini Core -> MEDUSA
  Clock: 100 MHz | ALL numbers from simulation
================================================================

  [Embedding]  Token 13 -> imprint vector (1 cycle)
    emb_out[0:3] = [800, 840, 880, 920]

  Layer  Total   
  -----  ------  
  L1        8cy
  L2        8cy
  L3        8cy
  L4        8cy
  L5        8cy
  L6        8cy
  L7        8cy
  L8        8cy
  L9        8cy
  L10       8cy
  L11       8cy
  L12       8cy

  [MEDUSA]     3 draft token predictions (3 cycles)
    Predicted tokens: [199, 143, 87]

================================================================
  MINI IMPRINT INFERENCE RESULTS (ALL measured)
================================================================

  STAGE                    CYCLES    TIME @100MHz
  -----                    ------    ------------
  Imprint Embedding           1 cy      10 ns
  12x Mini Core Layers       96 cy     960 ns
    Per-layer average         8 cy      80 ns
  MEDUSA Prediction           3 cy      30 ns
  -----------------------------------------
  TOTAL INFERENCE           112 cy    1120 ns

  Throughput:
    Single token:    112 cycles = 1120 ns = 1.120 us
    Tokens/second:   ~892857 (100 MHz FPGA)
    MEDUSA draft:    3 tokens predicted -> effective 2678571 tok/s

[PASS] Test 1: MINI imprint embedding active and non-zero
[PASS] Test 2: 12 layers completed at fixed 8-cycle latency
[PASS] Test 3: Data transformed across layers
[PASS] Test 4: MEDUSA produced predictions
[PASS] Test 5: Total inference cycles in expected range

================================================================
  MINI Imprint Inference Tests: 5 / 5 PASSED
================================================================
D:\Projects\BitbyBit\custom_gpu_project\tb\integration\full_model_inference_imprint_tb.v:349: $finish called at 1460000 (1ps)
Running paired compare workload 3/20, pass 9/25 (measured) [token=13, pos=7]...

Compiling demo_full_model_base_w3_r9 ...
Running demo_full_model_base_w3_r9 ...

================================================================
  GPT-2 12-LAYER INFERENCE EMULATION
  Architecture: 12 transformer layers, 8-dim, 4Q/2KV heads
  Pipeline: Embedding ΓåÆ 12├ù reused [RoPEΓåÆGQAΓåÆSMΓåÆGELUΓåÆKVQΓåÆComp] ΓåÆ MEDUSA
  Clock: 100 MHz | ALL numbers from simulation
================================================================

--- Loading Model Weights ---
  Loaded: 16 token embeddings x 8 dims
  Loaded: 8 position embeddings x 8 dims
  Loaded: 3 MEDUSA head weights x 8 dims

================================================================
  INFERENCE: Token ID = 13, Position = 7
================================================================

  [Embedding]  Token 5 ΓåÆ embedding vector (2 cycle)
    emb_out[0:3] = [800, 840, 880, 920]
    emb_out[4:7] = [960, 1000, 1040, 1080]

  Layer  RoPE     GQA    SM     GELU   KVQ    Comp   Total   
  -----  ------   ----   ----   ----   ----   ----   ------  
  L1        8cy     3cy    9cy    3cy    3cy    3cy    23cy
  L2        8cy     3cy    9cy    3cy    3cy    3cy    23cy
  L3        8cy     3cy    9cy    3cy    3cy    3cy    23cy
  L4        8cy     3cy    9cy    3cy    3cy    3cy    23cy
  L5        8cy     3cy    9cy    3cy    3cy    3cy    23cy
  L6        8cy     3cy    9cy    3cy    3cy    3cy    23cy
  L7        8cy     3cy    9cy    3cy    3cy    3cy    23cy
  L8        8cy     3cy    9cy    3cy    3cy    3cy    23cy
  L9        8cy     3cy    9cy    3cy    3cy    3cy    23cy
  L10       8cy     3cy    9cy    3cy    3cy    3cy    23cy
  L11       8cy     3cy    9cy    3cy    3cy    3cy    23cy
  L12       8cy     3cy    9cy    3cy    3cy    3cy    23cy

  Total layer processing: 276 cycles across 12 sequential layer passes

  [MEDUSA]     3 draft token predictions (3 cycles)
    Predicted tokens: [29, 59, 89]

================================================================
  12-LAYER INFERENCE EMULATION RESULTS (ALL measured)
================================================================

  STAGE                    CYCLES    TIME @100MHz
  -----                    ------    ------------
  Embedding Lookup            2 cy      20 ns
  12x Transformer Layers    276 cy    2760 ns
    Per-layer average        23 cy     230 ns
  MEDUSA Prediction           3 cy      30 ns
  -----------------------------------------
  TOTAL INFERENCE           358 cy    3580 ns

  Throughput:
    Single token:    358 cycles = 3580 ns = 3.580 us
    Tokens/second:   ~279329 (100 MHz FPGA)
    MEDUSA draft:    3 tokens predicted ΓåÆ effective 837988 tok/s

  DATA TRANSFORMATION PROOF:
    Input:  Token ID 13 ΓåÆ emb = [800, 840, 880, 920, ...]
    After L1:  [84, 1152, -731, 3780, ...]
    After L6:  [256, -1106, -4605, 3780, ...]
    After L12: [-1039, 385, -4606, 3780, ...]
    Output:    Token predictions = [29, 59, 89]

  HARDWARE USED:
    Multipliers:     0 (BitNet ternary)
    KV heads:        2 shared (vs 4 in standard)
    KV precision:    4-bit (INT4 quantized)
    Activations:     8-bit compressed
    Position enc:    Hardware RoPE
    Draft decoding:  MEDUSA 3-head

[PASS] Test 1: Embedding produced non-zero vector
[PASS] Test 2: All 12 layers completed (276 total cycles)
[PASS] Test 3: Data transforms across layers (L0 != L1 != L12)
[PASS] Test 4: MEDUSA produced 3 draft token predictions
[PASS] Test 5: Total inference = 358 cycles (reasonable for 12-layer model)

================================================================
  12-Layer Inference Emulation Tests: 5 / 5 PASSED
================================================================
TB_RESULT pass=5 fail=0
D:\Projects\BitbyBit\custom_gpu_project\tb\integration\full_model_inference_tb.v:445: $finish called at 5860000 (1ps)

Compiling demo_full_model_imprint_w3_r9 ...
Running demo_full_model_imprint_w3_r9 ...

================================================================
  MINI IMPRINT 12-LAYER INFERENCE EMULATION
  Architecture: hardwired embedding + 12x fixed-latency mini core
  Pipeline: Imprint Embedding -> 12x Mini Core -> MEDUSA
  Clock: 100 MHz | ALL numbers from simulation
================================================================

  [Embedding]  Token 13 -> imprint vector (1 cycle)
    emb_out[0:3] = [800, 840, 880, 920]

  Layer  Total   
  -----  ------  
  L1        8cy
  L2        8cy
  L3        8cy
  L4        8cy
  L5        8cy
  L6        8cy
  L7        8cy
  L8        8cy
  L9        8cy
  L10       8cy
  L11       8cy
  L12       8cy

  [MEDUSA]     3 draft token predictions (3 cycles)
    Predicted tokens: [199, 143, 87]

================================================================
  MINI IMPRINT INFERENCE RESULTS (ALL measured)
================================================================

  STAGE                    CYCLES    TIME @100MHz
  -----                    ------    ------------
  Imprint Embedding           1 cy      10 ns
  12x Mini Core Layers       96 cy     960 ns
    Per-layer average         8 cy      80 ns
  MEDUSA Prediction           3 cy      30 ns
  -----------------------------------------
  TOTAL INFERENCE           112 cy    1120 ns

  Throughput:
    Single token:    112 cycles = 1120 ns = 1.120 us
    Tokens/second:   ~892857 (100 MHz FPGA)
    MEDUSA draft:    3 tokens predicted -> effective 2678571 tok/s

[PASS] Test 1: MINI imprint embedding active and non-zero
[PASS] Test 2: 12 layers completed at fixed 8-cycle latency
[PASS] Test 3: Data transformed across layers
[PASS] Test 4: MEDUSA produced predictions
[PASS] Test 5: Total inference cycles in expected range

================================================================
  MINI Imprint Inference Tests: 5 / 5 PASSED
================================================================
D:\Projects\BitbyBit\custom_gpu_project\tb\integration\full_model_inference_imprint_tb.v:349: $finish called at 1460000 (1ps)
Running paired compare workload 3/20, pass 10/25 (measured) [token=13, pos=7]...

Compiling demo_full_model_base_w3_r10 ...
Running demo_full_model_base_w3_r10 ...

================================================================
  GPT-2 12-LAYER INFERENCE EMULATION
  Architecture: 12 transformer layers, 8-dim, 4Q/2KV heads
  Pipeline: Embedding ΓåÆ 12├ù reused [RoPEΓåÆGQAΓåÆSMΓåÆGELUΓåÆKVQΓåÆComp] ΓåÆ MEDUSA
  Clock: 100 MHz | ALL numbers from simulation
================================================================

--- Loading Model Weights ---
  Loaded: 16 token embeddings x 8 dims
  Loaded: 8 position embeddings x 8 dims
  Loaded: 3 MEDUSA head weights x 8 dims

================================================================
  INFERENCE: Token ID = 13, Position = 7
================================================================

  [Embedding]  Token 5 ΓåÆ embedding vector (2 cycle)
    emb_out[0:3] = [800, 840, 880, 920]
    emb_out[4:7] = [960, 1000, 1040, 1080]

  Layer  RoPE     GQA    SM     GELU   KVQ    Comp   Total   
  -----  ------   ----   ----   ----   ----   ----   ------  
  L1        8cy     3cy    9cy    3cy    3cy    3cy    23cy
  L2        8cy     3cy    9cy    3cy    3cy    3cy    23cy
  L3        8cy     3cy    9cy    3cy    3cy    3cy    23cy
  L4        8cy     3cy    9cy    3cy    3cy    3cy    23cy
  L5        8cy     3cy    9cy    3cy    3cy    3cy    23cy
  L6        8cy     3cy    9cy    3cy    3cy    3cy    23cy
  L7        8cy     3cy    9cy    3cy    3cy    3cy    23cy
  L8        8cy     3cy    9cy    3cy    3cy    3cy    23cy
  L9        8cy     3cy    9cy    3cy    3cy    3cy    23cy
  L10       8cy     3cy    9cy    3cy    3cy    3cy    23cy
  L11       8cy     3cy    9cy    3cy    3cy    3cy    23cy
  L12       8cy     3cy    9cy    3cy    3cy    3cy    23cy

  Total layer processing: 276 cycles across 12 sequential layer passes

  [MEDUSA]     3 draft token predictions (3 cycles)
    Predicted tokens: [29, 59, 89]

================================================================
  12-LAYER INFERENCE EMULATION RESULTS (ALL measured)
================================================================

  STAGE                    CYCLES    TIME @100MHz
  -----                    ------    ------------
  Embedding Lookup            2 cy      20 ns
  12x Transformer Layers    276 cy    2760 ns
    Per-layer average        23 cy     230 ns
  MEDUSA Prediction           3 cy      30 ns
  -----------------------------------------
  TOTAL INFERENCE           358 cy    3580 ns

  Throughput:
    Single token:    358 cycles = 3580 ns = 3.580 us
    Tokens/second:   ~279329 (100 MHz FPGA)
    MEDUSA draft:    3 tokens predicted ΓåÆ effective 837988 tok/s

  DATA TRANSFORMATION PROOF:
    Input:  Token ID 13 ΓåÆ emb = [800, 840, 880, 920, ...]
    After L1:  [84, 1152, -731, 3780, ...]
    After L6:  [256, -1106, -4605, 3780, ...]
    After L12: [-1039, 385, -4606, 3780, ...]
    Output:    Token predictions = [29, 59, 89]

  HARDWARE USED:
    Multipliers:     0 (BitNet ternary)
    KV heads:        2 shared (vs 4 in standard)
    KV precision:    4-bit (INT4 quantized)
    Activations:     8-bit compressed
    Position enc:    Hardware RoPE
    Draft decoding:  MEDUSA 3-head

[PASS] Test 1: Embedding produced non-zero vector
[PASS] Test 2: All 12 layers completed (276 total cycles)
[PASS] Test 3: Data transforms across layers (L0 != L1 != L12)
[PASS] Test 4: MEDUSA produced 3 draft token predictions
[PASS] Test 5: Total inference = 358 cycles (reasonable for 12-layer model)

================================================================
  12-Layer Inference Emulation Tests: 5 / 5 PASSED
================================================================
TB_RESULT pass=5 fail=0
D:\Projects\BitbyBit\custom_gpu_project\tb\integration\full_model_inference_tb.v:445: $finish called at 5860000 (1ps)

Compiling demo_full_model_imprint_w3_r10 ...
Running demo_full_model_imprint_w3_r10 ...

================================================================
  MINI IMPRINT 12-LAYER INFERENCE EMULATION
  Architecture: hardwired embedding + 12x fixed-latency mini core
  Pipeline: Imprint Embedding -> 12x Mini Core -> MEDUSA
  Clock: 100 MHz | ALL numbers from simulation
================================================================

  [Embedding]  Token 13 -> imprint vector (1 cycle)
    emb_out[0:3] = [800, 840, 880, 920]

  Layer  Total   
  -----  ------  
  L1        8cy
  L2        8cy
  L3        8cy
  L4        8cy
  L5        8cy
  L6        8cy
  L7        8cy
  L8        8cy
  L9        8cy
  L10       8cy
  L11       8cy
  L12       8cy

  [MEDUSA]     3 draft token predictions (3 cycles)
    Predicted tokens: [199, 143, 87]

================================================================
  MINI IMPRINT INFERENCE RESULTS (ALL measured)
================================================================

  STAGE                    CYCLES    TIME @100MHz
  -----                    ------    ------------
  Imprint Embedding           1 cy      10 ns
  12x Mini Core Layers       96 cy     960 ns
    Per-layer average         8 cy      80 ns
  MEDUSA Prediction           3 cy      30 ns
  -----------------------------------------
  TOTAL INFERENCE           112 cy    1120 ns

  Throughput:
    Single token:    112 cycles = 1120 ns = 1.120 us
    Tokens/second:   ~892857 (100 MHz FPGA)
    MEDUSA draft:    3 tokens predicted -> effective 2678571 tok/s

[PASS] Test 1: MINI imprint embedding active and non-zero
[PASS] Test 2: 12 layers completed at fixed 8-cycle latency
[PASS] Test 3: Data transformed across layers
[PASS] Test 4: MEDUSA produced predictions
[PASS] Test 5: Total inference cycles in expected range

================================================================
  MINI Imprint Inference Tests: 5 / 5 PASSED
================================================================
D:\Projects\BitbyBit\custom_gpu_project\tb\integration\full_model_inference_imprint_tb.v:349: $finish called at 1460000 (1ps)
Running paired compare workload 3/20, pass 11/25 (measured) [token=13, pos=7]...

Compiling demo_full_model_base_w3_r11 ...
Running demo_full_model_base_w3_r11 ...

================================================================
  GPT-2 12-LAYER INFERENCE EMULATION
  Architecture: 12 transformer layers, 8-dim, 4Q/2KV heads
  Pipeline: Embedding ΓåÆ 12├ù reused [RoPEΓåÆGQAΓåÆSMΓåÆGELUΓåÆKVQΓåÆComp] ΓåÆ MEDUSA
  Clock: 100 MHz | ALL numbers from simulation
================================================================

--- Loading Model Weights ---
  Loaded: 16 token embeddings x 8 dims
  Loaded: 8 position embeddings x 8 dims
  Loaded: 3 MEDUSA head weights x 8 dims

================================================================
  INFERENCE: Token ID = 13, Position = 7
================================================================

  [Embedding]  Token 5 ΓåÆ embedding vector (2 cycle)
    emb_out[0:3] = [800, 840, 880, 920]
    emb_out[4:7] = [960, 1000, 1040, 1080]

  Layer  RoPE     GQA    SM     GELU   KVQ    Comp   Total   
  -----  ------   ----   ----   ----   ----   ----   ------  
  L1        8cy     3cy    9cy    3cy    3cy    3cy    23cy
  L2        8cy     3cy    9cy    3cy    3cy    3cy    23cy
  L3        8cy     3cy    9cy    3cy    3cy    3cy    23cy
  L4        8cy     3cy    9cy    3cy    3cy    3cy    23cy
  L5        8cy     3cy    9cy    3cy    3cy    3cy    23cy
  L6        8cy     3cy    9cy    3cy    3cy    3cy    23cy
  L7        8cy     3cy    9cy    3cy    3cy    3cy    23cy
  L8        8cy     3cy    9cy    3cy    3cy    3cy    23cy
  L9        8cy     3cy    9cy    3cy    3cy    3cy    23cy
  L10       8cy     3cy    9cy    3cy    3cy    3cy    23cy
  L11       8cy     3cy    9cy    3cy    3cy    3cy    23cy
  L12       8cy     3cy    9cy    3cy    3cy    3cy    23cy

  Total layer processing: 276 cycles across 12 sequential layer passes

  [MEDUSA]     3 draft token predictions (3 cycles)
    Predicted tokens: [29, 59, 89]

================================================================
  12-LAYER INFERENCE EMULATION RESULTS (ALL measured)
================================================================

  STAGE                    CYCLES    TIME @100MHz
  -----                    ------    ------------
  Embedding Lookup            2 cy      20 ns
  12x Transformer Layers    276 cy    2760 ns
    Per-layer average        23 cy     230 ns
  MEDUSA Prediction           3 cy      30 ns
  -----------------------------------------
  TOTAL INFERENCE           358 cy    3580 ns

  Throughput:
    Single token:    358 cycles = 3580 ns = 3.580 us
    Tokens/second:   ~279329 (100 MHz FPGA)
    MEDUSA draft:    3 tokens predicted ΓåÆ effective 837988 tok/s

  DATA TRANSFORMATION PROOF:
    Input:  Token ID 13 ΓåÆ emb = [800, 840, 880, 920, ...]
    After L1:  [84, 1152, -731, 3780, ...]
    After L6:  [256, -1106, -4605, 3780, ...]
    After L12: [-1039, 385, -4606, 3780, ...]
    Output:    Token predictions = [29, 59, 89]

  HARDWARE USED:
    Multipliers:     0 (BitNet ternary)
    KV heads:        2 shared (vs 4 in standard)
    KV precision:    4-bit (INT4 quantized)
    Activations:     8-bit compressed
    Position enc:    Hardware RoPE
    Draft decoding:  MEDUSA 3-head

[PASS] Test 1: Embedding produced non-zero vector
[PASS] Test 2: All 12 layers completed (276 total cycles)
[PASS] Test 3: Data transforms across layers (L0 != L1 != L12)
[PASS] Test 4: MEDUSA produced 3 draft token predictions
[PASS] Test 5: Total inference = 358 cycles (reasonable for 12-layer model)

================================================================
  12-Layer Inference Emulation Tests: 5 / 5 PASSED
================================================================
TB_RESULT pass=5 fail=0
D:\Projects\BitbyBit\custom_gpu_project\tb\integration\full_model_inference_tb.v:445: $finish called at 5860000 (1ps)

Compiling demo_full_model_imprint_w3_r11 ...
Running demo_full_model_imprint_w3_r11 ...

================================================================
  MINI IMPRINT 12-LAYER INFERENCE EMULATION
  Architecture: hardwired embedding + 12x fixed-latency mini core
  Pipeline: Imprint Embedding -> 12x Mini Core -> MEDUSA
  Clock: 100 MHz | ALL numbers from simulation
================================================================

  [Embedding]  Token 13 -> imprint vector (1 cycle)
    emb_out[0:3] = [800, 840, 880, 920]

  Layer  Total   
  -----  ------  
  L1        8cy
  L2        8cy
  L3        8cy
  L4        8cy
  L5        8cy
  L6        8cy
  L7        8cy
  L8        8cy
  L9        8cy
  L10       8cy
  L11       8cy
  L12       8cy

  [MEDUSA]     3 draft token predictions (3 cycles)
    Predicted tokens: [199, 143, 87]

================================================================
  MINI IMPRINT INFERENCE RESULTS (ALL measured)
================================================================

  STAGE                    CYCLES    TIME @100MHz
  -----                    ------    ------------
  Imprint Embedding           1 cy      10 ns
  12x Mini Core Layers       96 cy     960 ns
    Per-layer average         8 cy      80 ns
  MEDUSA Prediction           3 cy      30 ns
  -----------------------------------------
  TOTAL INFERENCE           112 cy    1120 ns

  Throughput:
    Single token:    112 cycles = 1120 ns = 1.120 us
    Tokens/second:   ~892857 (100 MHz FPGA)
    MEDUSA draft:    3 tokens predicted -> effective 2678571 tok/s

[PASS] Test 1: MINI imprint embedding active and non-zero
[PASS] Test 2: 12 layers completed at fixed 8-cycle latency
[PASS] Test 3: Data transformed across layers
[PASS] Test 4: MEDUSA produced predictions
[PASS] Test 5: Total inference cycles in expected range

================================================================
  MINI Imprint Inference Tests: 5 / 5 PASSED
================================================================
D:\Projects\BitbyBit\custom_gpu_project\tb\integration\full_model_inference_imprint_tb.v:349: $finish called at 1460000 (1ps)
Running paired compare workload 3/20, pass 12/25 (measured) [token=13, pos=7]...

Compiling demo_full_model_base_w3_r12 ...
Running demo_full_model_base_w3_r12 ...

================================================================
  GPT-2 12-LAYER INFERENCE EMULATION
  Architecture: 12 transformer layers, 8-dim, 4Q/2KV heads
  Pipeline: Embedding ΓåÆ 12├ù reused [RoPEΓåÆGQAΓåÆSMΓåÆGELUΓåÆKVQΓåÆComp] ΓåÆ MEDUSA
  Clock: 100 MHz | ALL numbers from simulation
================================================================

--- Loading Model Weights ---
  Loaded: 16 token embeddings x 8 dims
  Loaded: 8 position embeddings x 8 dims
  Loaded: 3 MEDUSA head weights x 8 dims

================================================================
  INFERENCE: Token ID = 13, Position = 7
================================================================

  [Embedding]  Token 5 ΓåÆ embedding vector (2 cycle)
    emb_out[0:3] = [800, 840, 880, 920]
    emb_out[4:7] = [960, 1000, 1040, 1080]

  Layer  RoPE     GQA    SM     GELU   KVQ    Comp   Total   
  -----  ------   ----   ----   ----   ----   ----   ------  
  L1        8cy     3cy    9cy    3cy    3cy    3cy    23cy
  L2        8cy     3cy    9cy    3cy    3cy    3cy    23cy
  L3        8cy     3cy    9cy    3cy    3cy    3cy    23cy
  L4        8cy     3cy    9cy    3cy    3cy    3cy    23cy
  L5        8cy     3cy    9cy    3cy    3cy    3cy    23cy
  L6        8cy     3cy    9cy    3cy    3cy    3cy    23cy
  L7        8cy     3cy    9cy    3cy    3cy    3cy    23cy
  L8        8cy     3cy    9cy    3cy    3cy    3cy    23cy
  L9        8cy     3cy    9cy    3cy    3cy    3cy    23cy
  L10       8cy     3cy    9cy    3cy    3cy    3cy    23cy
  L11       8cy     3cy    9cy    3cy    3cy    3cy    23cy
  L12       8cy     3cy    9cy    3cy    3cy    3cy    23cy

  Total layer processing: 276 cycles across 12 sequential layer passes

  [MEDUSA]     3 draft token predictions (3 cycles)
    Predicted tokens: [29, 59, 89]

================================================================
  12-LAYER INFERENCE EMULATION RESULTS (ALL measured)
================================================================

  STAGE                    CYCLES    TIME @100MHz
  -----                    ------    ------------
  Embedding Lookup            2 cy      20 ns
  12x Transformer Layers    276 cy    2760 ns
    Per-layer average        23 cy     230 ns
  MEDUSA Prediction           3 cy      30 ns
  -----------------------------------------
  TOTAL INFERENCE           358 cy    3580 ns

  Throughput:
    Single token:    358 cycles = 3580 ns = 3.580 us
    Tokens/second:   ~279329 (100 MHz FPGA)
    MEDUSA draft:    3 tokens predicted ΓåÆ effective 837988 tok/s

  DATA TRANSFORMATION PROOF:
    Input:  Token ID 13 ΓåÆ emb = [800, 840, 880, 920, ...]
    After L1:  [84, 1152, -731, 3780, ...]
    After L6:  [256, -1106, -4605, 3780, ...]
    After L12: [-1039, 385, -4606, 3780, ...]
    Output:    Token predictions = [29, 59, 89]

  HARDWARE USED:
    Multipliers:     0 (BitNet ternary)
    KV heads:        2 shared (vs 4 in standard)
    KV precision:    4-bit (INT4 quantized)
    Activations:     8-bit compressed
    Position enc:    Hardware RoPE
    Draft decoding:  MEDUSA 3-head

[PASS] Test 1: Embedding produced non-zero vector
[PASS] Test 2: All 12 layers completed (276 total cycles)
[PASS] Test 3: Data transforms across layers (L0 != L1 != L12)
[PASS] Test 4: MEDUSA produced 3 draft token predictions
[PASS] Test 5: Total inference = 358 cycles (reasonable for 12-layer model)

================================================================
  12-Layer Inference Emulation Tests: 5 / 5 PASSED
================================================================
TB_RESULT pass=5 fail=0
D:\Projects\BitbyBit\custom_gpu_project\tb\integration\full_model_inference_tb.v:445: $finish called at 5860000 (1ps)

Compiling demo_full_model_imprint_w3_r12 ...
Running demo_full_model_imprint_w3_r12 ...

================================================================
  MINI IMPRINT 12-LAYER INFERENCE EMULATION
  Architecture: hardwired embedding + 12x fixed-latency mini core
  Pipeline: Imprint Embedding -> 12x Mini Core -> MEDUSA
  Clock: 100 MHz | ALL numbers from simulation
================================================================

  [Embedding]  Token 13 -> imprint vector (1 cycle)
    emb_out[0:3] = [800, 840, 880, 920]

  Layer  Total   
  -----  ------  
  L1        8cy
  L2        8cy
  L3        8cy
  L4        8cy
  L5        8cy
  L6        8cy
  L7        8cy
  L8        8cy
  L9        8cy
  L10       8cy
  L11       8cy
  L12       8cy

  [MEDUSA]     3 draft token predictions (3 cycles)
    Predicted tokens: [199, 143, 87]

================================================================
  MINI IMPRINT INFERENCE RESULTS (ALL measured)
================================================================

  STAGE                    CYCLES    TIME @100MHz
  -----                    ------    ------------
  Imprint Embedding           1 cy      10 ns
  12x Mini Core Layers       96 cy     960 ns
    Per-layer average         8 cy      80 ns
  MEDUSA Prediction           3 cy      30 ns
  -----------------------------------------
  TOTAL INFERENCE           112 cy    1120 ns

  Throughput:
    Single token:    112 cycles = 1120 ns = 1.120 us
    Tokens/second:   ~892857 (100 MHz FPGA)
    MEDUSA draft:    3 tokens predicted -> effective 2678571 tok/s

[PASS] Test 1: MINI imprint embedding active and non-zero
[PASS] Test 2: 12 layers completed at fixed 8-cycle latency
[PASS] Test 3: Data transformed across layers
[PASS] Test 4: MEDUSA produced predictions
[PASS] Test 5: Total inference cycles in expected range

================================================================
  MINI Imprint Inference Tests: 5 / 5 PASSED
================================================================
D:\Projects\BitbyBit\custom_gpu_project\tb\integration\full_model_inference_imprint_tb.v:349: $finish called at 1460000 (1ps)
Running paired compare workload 3/20, pass 13/25 (measured) [token=13, pos=7]...

Compiling demo_full_model_base_w3_r13 ...
Running demo_full_model_base_w3_r13 ...

================================================================
  GPT-2 12-LAYER INFERENCE EMULATION
  Architecture: 12 transformer layers, 8-dim, 4Q/2KV heads
  Pipeline: Embedding ΓåÆ 12├ù reused [RoPEΓåÆGQAΓåÆSMΓåÆGELUΓåÆKVQΓåÆComp] ΓåÆ MEDUSA
  Clock: 100 MHz | ALL numbers from simulation
================================================================

--- Loading Model Weights ---
  Loaded: 16 token embeddings x 8 dims
  Loaded: 8 position embeddings x 8 dims
  Loaded: 3 MEDUSA head weights x 8 dims

================================================================
  INFERENCE: Token ID = 13, Position = 7
================================================================

  [Embedding]  Token 5 ΓåÆ embedding vector (2 cycle)
    emb_out[0:3] = [800, 840, 880, 920]
    emb_out[4:7] = [960, 1000, 1040, 1080]

  Layer  RoPE     GQA    SM     GELU   KVQ    Comp   Total   
  -----  ------   ----   ----   ----   ----   ----   ------  
  L1        8cy     3cy    9cy    3cy    3cy    3cy    23cy
  L2        8cy     3cy    9cy    3cy    3cy    3cy    23cy
  L3        8cy     3cy    9cy    3cy    3cy    3cy    23cy
  L4        8cy     3cy    9cy    3cy    3cy    3cy    23cy
  L5        8cy     3cy    9cy    3cy    3cy    3cy    23cy
  L6        8cy     3cy    9cy    3cy    3cy    3cy    23cy
  L7        8cy     3cy    9cy    3cy    3cy    3cy    23cy
  L8        8cy     3cy    9cy    3cy    3cy    3cy    23cy
  L9        8cy     3cy    9cy    3cy    3cy    3cy    23cy
  L10       8cy     3cy    9cy    3cy    3cy    3cy    23cy
  L11       8cy     3cy    9cy    3cy    3cy    3cy    23cy
  L12       8cy     3cy    9cy    3cy    3cy    3cy    23cy

  Total layer processing: 276 cycles across 12 sequential layer passes

  [MEDUSA]     3 draft token predictions (3 cycles)
    Predicted tokens: [29, 59, 89]

================================================================
  12-LAYER INFERENCE EMULATION RESULTS (ALL measured)
================================================================

  STAGE                    CYCLES    TIME @100MHz
  -----                    ------    ------------
  Embedding Lookup            2 cy      20 ns
  12x Transformer Layers    276 cy    2760 ns
    Per-layer average        23 cy     230 ns
  MEDUSA Prediction           3 cy      30 ns
  -----------------------------------------
  TOTAL INFERENCE           358 cy    3580 ns

  Throughput:
    Single token:    358 cycles = 3580 ns = 3.580 us
    Tokens/second:   ~279329 (100 MHz FPGA)
    MEDUSA draft:    3 tokens predicted ΓåÆ effective 837988 tok/s

  DATA TRANSFORMATION PROOF:
    Input:  Token ID 13 ΓåÆ emb = [800, 840, 880, 920, ...]
    After L1:  [84, 1152, -731, 3780, ...]
    After L6:  [256, -1106, -4605, 3780, ...]
    After L12: [-1039, 385, -4606, 3780, ...]
    Output:    Token predictions = [29, 59, 89]

  HARDWARE USED:
    Multipliers:     0 (BitNet ternary)
    KV heads:        2 shared (vs 4 in standard)
    KV precision:    4-bit (INT4 quantized)
    Activations:     8-bit compressed
    Position enc:    Hardware RoPE
    Draft decoding:  MEDUSA 3-head

[PASS] Test 1: Embedding produced non-zero vector
[PASS] Test 2: All 12 layers completed (276 total cycles)
[PASS] Test 3: Data transforms across layers (L0 != L1 != L12)
[PASS] Test 4: MEDUSA produced 3 draft token predictions
[PASS] Test 5: Total inference = 358 cycles (reasonable for 12-layer model)

================================================================
  12-Layer Inference Emulation Tests: 5 / 5 PASSED
================================================================
TB_RESULT pass=5 fail=0
D:\Projects\BitbyBit\custom_gpu_project\tb\integration\full_model_inference_tb.v:445: $finish called at 5860000 (1ps)

Compiling demo_full_model_imprint_w3_r13 ...
Running demo_full_model_imprint_w3_r13 ...

================================================================
  MINI IMPRINT 12-LAYER INFERENCE EMULATION
  Architecture: hardwired embedding + 12x fixed-latency mini core
  Pipeline: Imprint Embedding -> 12x Mini Core -> MEDUSA
  Clock: 100 MHz | ALL numbers from simulation
================================================================

  [Embedding]  Token 13 -> imprint vector (1 cycle)
    emb_out[0:3] = [800, 840, 880, 920]

  Layer  Total   
  -----  ------  
  L1        8cy
  L2        8cy
  L3        8cy
  L4        8cy
  L5        8cy
  L6        8cy
  L7        8cy
  L8        8cy
  L9        8cy
  L10       8cy
  L11       8cy
  L12       8cy

  [MEDUSA]     3 draft token predictions (3 cycles)
    Predicted tokens: [199, 143, 87]

================================================================
  MINI IMPRINT INFERENCE RESULTS (ALL measured)
================================================================

  STAGE                    CYCLES    TIME @100MHz
  -----                    ------    ------------
  Imprint Embedding           1 cy      10 ns
  12x Mini Core Layers       96 cy     960 ns
    Per-layer average         8 cy      80 ns
  MEDUSA Prediction           3 cy      30 ns
  -----------------------------------------
  TOTAL INFERENCE           112 cy    1120 ns

  Throughput:
    Single token:    112 cycles = 1120 ns = 1.120 us
    Tokens/second:   ~892857 (100 MHz FPGA)
    MEDUSA draft:    3 tokens predicted -> effective 2678571 tok/s

[PASS] Test 1: MINI imprint embedding active and non-zero
[PASS] Test 2: 12 layers completed at fixed 8-cycle latency
[PASS] Test 3: Data transformed across layers
[PASS] Test 4: MEDUSA produced predictions
[PASS] Test 5: Total inference cycles in expected range

================================================================
  MINI Imprint Inference Tests: 5 / 5 PASSED
================================================================
D:\Projects\BitbyBit\custom_gpu_project\tb\integration\full_model_inference_imprint_tb.v:349: $finish called at 1460000 (1ps)
Running paired compare workload 3/20, pass 14/25 (measured) [token=13, pos=7]...

Compiling demo_full_model_base_w3_r14 ...
Running demo_full_model_base_w3_r14 ...

================================================================
  GPT-2 12-LAYER INFERENCE EMULATION
  Architecture: 12 transformer layers, 8-dim, 4Q/2KV heads
  Pipeline: Embedding ΓåÆ 12├ù reused [RoPEΓåÆGQAΓåÆSMΓåÆGELUΓåÆKVQΓåÆComp] ΓåÆ MEDUSA
  Clock: 100 MHz | ALL numbers from simulation
================================================================

--- Loading Model Weights ---
  Loaded: 16 token embeddings x 8 dims
  Loaded: 8 position embeddings x 8 dims
  Loaded: 3 MEDUSA head weights x 8 dims

================================================================
  INFERENCE: Token ID = 13, Position = 7
================================================================

  [Embedding]  Token 5 ΓåÆ embedding vector (2 cycle)
    emb_out[0:3] = [800, 840, 880, 920]
    emb_out[4:7] = [960, 1000, 1040, 1080]

  Layer  RoPE     GQA    SM     GELU   KVQ    Comp   Total   
  -----  ------   ----   ----   ----   ----   ----   ------  
  L1        8cy     3cy    9cy    3cy    3cy    3cy    23cy
  L2        8cy     3cy    9cy    3cy    3cy    3cy    23cy
  L3        8cy     3cy    9cy    3cy    3cy    3cy    23cy
  L4        8cy     3cy    9cy    3cy    3cy    3cy    23cy
  L5        8cy     3cy    9cy    3cy    3cy    3cy    23cy
  L6        8cy     3cy    9cy    3cy    3cy    3cy    23cy
  L7        8cy     3cy    9cy    3cy    3cy    3cy    23cy
  L8        8cy     3cy    9cy    3cy    3cy    3cy    23cy
  L9        8cy     3cy    9cy    3cy    3cy    3cy    23cy
  L10       8cy     3cy    9cy    3cy    3cy    3cy    23cy
  L11       8cy     3cy    9cy    3cy    3cy    3cy    23cy
  L12       8cy     3cy    9cy    3cy    3cy    3cy    23cy

  Total layer processing: 276 cycles across 12 sequential layer passes

  [MEDUSA]     3 draft token predictions (3 cycles)
    Predicted tokens: [29, 59, 89]

================================================================
  12-LAYER INFERENCE EMULATION RESULTS (ALL measured)
================================================================

  STAGE                    CYCLES    TIME @100MHz
  -----                    ------    ------------
  Embedding Lookup            2 cy      20 ns
  12x Transformer Layers    276 cy    2760 ns
    Per-layer average        23 cy     230 ns
  MEDUSA Prediction           3 cy      30 ns
  -----------------------------------------
  TOTAL INFERENCE           358 cy    3580 ns

  Throughput:
    Single token:    358 cycles = 3580 ns = 3.580 us
    Tokens/second:   ~279329 (100 MHz FPGA)
    MEDUSA draft:    3 tokens predicted ΓåÆ effective 837988 tok/s

  DATA TRANSFORMATION PROOF:
    Input:  Token ID 13 ΓåÆ emb = [800, 840, 880, 920, ...]
    After L1:  [84, 1152, -731, 3780, ...]
    After L6:  [256, -1106, -4605, 3780, ...]
    After L12: [-1039, 385, -4606, 3780, ...]
    Output:    Token predictions = [29, 59, 89]

  HARDWARE USED:
    Multipliers:     0 (BitNet ternary)
    KV heads:        2 shared (vs 4 in standard)
    KV precision:    4-bit (INT4 quantized)
    Activations:     8-bit compressed
    Position enc:    Hardware RoPE
    Draft decoding:  MEDUSA 3-head

[PASS] Test 1: Embedding produced non-zero vector
[PASS] Test 2: All 12 layers completed (276 total cycles)
[PASS] Test 3: Data transforms across layers (L0 != L1 != L12)
[PASS] Test 4: MEDUSA produced 3 draft token predictions
[PASS] Test 5: Total inference = 358 cycles (reasonable for 12-layer model)

================================================================
  12-Layer Inference Emulation Tests: 5 / 5 PASSED
================================================================
TB_RESULT pass=5 fail=0
D:\Projects\BitbyBit\custom_gpu_project\tb\integration\full_model_inference_tb.v:445: $finish called at 5860000 (1ps)

Compiling demo_full_model_imprint_w3_r14 ...
Running demo_full_model_imprint_w3_r14 ...

================================================================
  MINI IMPRINT 12-LAYER INFERENCE EMULATION
  Architecture: hardwired embedding + 12x fixed-latency mini core
  Pipeline: Imprint Embedding -> 12x Mini Core -> MEDUSA
  Clock: 100 MHz | ALL numbers from simulation
================================================================

  [Embedding]  Token 13 -> imprint vector (1 cycle)
    emb_out[0:3] = [800, 840, 880, 920]

  Layer  Total   
  -----  ------  
  L1        8cy
  L2        8cy
  L3        8cy
  L4        8cy
  L5        8cy
  L6        8cy
  L7        8cy
  L8        8cy
  L9        8cy
  L10       8cy
  L11       8cy
  L12       8cy

  [MEDUSA]     3 draft token predictions (3 cycles)
    Predicted tokens: [199, 143, 87]

================================================================
  MINI IMPRINT INFERENCE RESULTS (ALL measured)
================================================================

  STAGE                    CYCLES    TIME @100MHz
  -----                    ------    ------------
  Imprint Embedding           1 cy      10 ns
  12x Mini Core Layers       96 cy     960 ns
    Per-layer average         8 cy      80 ns
  MEDUSA Prediction           3 cy      30 ns
  -----------------------------------------
  TOTAL INFERENCE           112 cy    1120 ns

  Throughput:
    Single token:    112 cycles = 1120 ns = 1.120 us
    Tokens/second:   ~892857 (100 MHz FPGA)
    MEDUSA draft:    3 tokens predicted -> effective 2678571 tok/s

[PASS] Test 1: MINI imprint embedding active and non-zero
[PASS] Test 2: 12 layers completed at fixed 8-cycle latency
[PASS] Test 3: Data transformed across layers
[PASS] Test 4: MEDUSA produced predictions
[PASS] Test 5: Total inference cycles in expected range

================================================================
  MINI Imprint Inference Tests: 5 / 5 PASSED
================================================================
D:\Projects\BitbyBit\custom_gpu_project\tb\integration\full_model_inference_imprint_tb.v:349: $finish called at 1460000 (1ps)
Running paired compare workload 3/20, pass 15/25 (measured) [token=13, pos=7]...

Compiling demo_full_model_base_w3_r15 ...
Running demo_full_model_base_w3_r15 ...

================================================================
  GPT-2 12-LAYER INFERENCE EMULATION
  Architecture: 12 transformer layers, 8-dim, 4Q/2KV heads
  Pipeline: Embedding ΓåÆ 12├ù reused [RoPEΓåÆGQAΓåÆSMΓåÆGELUΓåÆKVQΓåÆComp] ΓåÆ MEDUSA
  Clock: 100 MHz | ALL numbers from simulation
================================================================

--- Loading Model Weights ---
  Loaded: 16 token embeddings x 8 dims
  Loaded: 8 position embeddings x 8 dims
  Loaded: 3 MEDUSA head weights x 8 dims

================================================================
  INFERENCE: Token ID = 13, Position = 7
================================================================

  [Embedding]  Token 5 ΓåÆ embedding vector (2 cycle)
    emb_out[0:3] = [800, 840, 880, 920]
    emb_out[4:7] = [960, 1000, 1040, 1080]

  Layer  RoPE     GQA    SM     GELU   KVQ    Comp   Total   
  -----  ------   ----   ----   ----   ----   ----   ------  
  L1        8cy     3cy    9cy    3cy    3cy    3cy    23cy
  L2        8cy     3cy    9cy    3cy    3cy    3cy    23cy
  L3        8cy     3cy    9cy    3cy    3cy    3cy    23cy
  L4        8cy     3cy    9cy    3cy    3cy    3cy    23cy
  L5        8cy     3cy    9cy    3cy    3cy    3cy    23cy
  L6        8cy     3cy    9cy    3cy    3cy    3cy    23cy
  L7        8cy     3cy    9cy    3cy    3cy    3cy    23cy
  L8        8cy     3cy    9cy    3cy    3cy    3cy    23cy
  L9        8cy     3cy    9cy    3cy    3cy    3cy    23cy
  L10       8cy     3cy    9cy    3cy    3cy    3cy    23cy
  L11       8cy     3cy    9cy    3cy    3cy    3cy    23cy
  L12       8cy     3cy    9cy    3cy    3cy    3cy    23cy

  Total layer processing: 276 cycles across 12 sequential layer passes

  [MEDUSA]     3 draft token predictions (3 cycles)
    Predicted tokens: [29, 59, 89]

================================================================
  12-LAYER INFERENCE EMULATION RESULTS (ALL measured)
================================================================

  STAGE                    CYCLES    TIME @100MHz
  -----                    ------    ------------
  Embedding Lookup            2 cy      20 ns
  12x Transformer Layers    276 cy    2760 ns
    Per-layer average        23 cy     230 ns
  MEDUSA Prediction           3 cy      30 ns
  -----------------------------------------
  TOTAL INFERENCE           358 cy    3580 ns

  Throughput:
    Single token:    358 cycles = 3580 ns = 3.580 us
    Tokens/second:   ~279329 (100 MHz FPGA)
    MEDUSA draft:    3 tokens predicted ΓåÆ effective 837988 tok/s

  DATA TRANSFORMATION PROOF:
    Input:  Token ID 13 ΓåÆ emb = [800, 840, 880, 920, ...]
    After L1:  [84, 1152, -731, 3780, ...]
    After L6:  [256, -1106, -4605, 3780, ...]
    After L12: [-1039, 385, -4606, 3780, ...]
    Output:    Token predictions = [29, 59, 89]

  HARDWARE USED:
    Multipliers:     0 (BitNet ternary)
    KV heads:        2 shared (vs 4 in standard)
    KV precision:    4-bit (INT4 quantized)
    Activations:     8-bit compressed
    Position enc:    Hardware RoPE
    Draft decoding:  MEDUSA 3-head

[PASS] Test 1: Embedding produced non-zero vector
[PASS] Test 2: All 12 layers completed (276 total cycles)
[PASS] Test 3: Data transforms across layers (L0 != L1 != L12)
[PASS] Test 4: MEDUSA produced 3 draft token predictions
[PASS] Test 5: Total inference = 358 cycles (reasonable for 12-layer model)

================================================================
  12-Layer Inference Emulation Tests: 5 / 5 PASSED
================================================================
TB_RESULT pass=5 fail=0
D:\Projects\BitbyBit\custom_gpu_project\tb\integration\full_model_inference_tb.v:445: $finish called at 5860000 (1ps)

Compiling demo_full_model_imprint_w3_r15 ...
Running demo_full_model_imprint_w3_r15 ...

================================================================
  MINI IMPRINT 12-LAYER INFERENCE EMULATION
  Architecture: hardwired embedding + 12x fixed-latency mini core
  Pipeline: Imprint Embedding -> 12x Mini Core -> MEDUSA
  Clock: 100 MHz | ALL numbers from simulation
================================================================

  [Embedding]  Token 13 -> imprint vector (1 cycle)
    emb_out[0:3] = [800, 840, 880, 920]

  Layer  Total   
  -----  ------  
  L1        8cy
  L2        8cy
  L3        8cy
  L4        8cy
  L5        8cy
  L6        8cy
  L7        8cy
  L8        8cy
  L9        8cy
  L10       8cy
  L11       8cy
  L12       8cy

  [MEDUSA]     3 draft token predictions (3 cycles)
    Predicted tokens: [199, 143, 87]

================================================================
  MINI IMPRINT INFERENCE RESULTS (ALL measured)
================================================================

  STAGE                    CYCLES    TIME @100MHz
  -----                    ------    ------------
  Imprint Embedding           1 cy      10 ns
  12x Mini Core Layers       96 cy     960 ns
    Per-layer average         8 cy      80 ns
  MEDUSA Prediction           3 cy      30 ns
  -----------------------------------------
  TOTAL INFERENCE           112 cy    1120 ns

  Throughput:
    Single token:    112 cycles = 1120 ns = 1.120 us
    Tokens/second:   ~892857 (100 MHz FPGA)
    MEDUSA draft:    3 tokens predicted -> effective 2678571 tok/s

[PASS] Test 1: MINI imprint embedding active and non-zero
[PASS] Test 2: 12 layers completed at fixed 8-cycle latency
[PASS] Test 3: Data transformed across layers
[PASS] Test 4: MEDUSA produced predictions
[PASS] Test 5: Total inference cycles in expected range

================================================================
  MINI Imprint Inference Tests: 5 / 5 PASSED
================================================================
D:\Projects\BitbyBit\custom_gpu_project\tb\integration\full_model_inference_imprint_tb.v:349: $finish called at 1460000 (1ps)
Running paired compare workload 3/20, pass 16/25 (measured) [token=13, pos=7]...

Compiling demo_full_model_base_w3_r16 ...
Running demo_full_model_base_w3_r16 ...

================================================================
  GPT-2 12-LAYER INFERENCE EMULATION
  Architecture: 12 transformer layers, 8-dim, 4Q/2KV heads
  Pipeline: Embedding ΓåÆ 12├ù reused [RoPEΓåÆGQAΓåÆSMΓåÆGELUΓåÆKVQΓåÆComp] ΓåÆ MEDUSA
  Clock: 100 MHz | ALL numbers from simulation
================================================================

--- Loading Model Weights ---
  Loaded: 16 token embeddings x 8 dims
  Loaded: 8 position embeddings x 8 dims
  Loaded: 3 MEDUSA head weights x 8 dims

================================================================
  INFERENCE: Token ID = 13, Position = 7
================================================================

  [Embedding]  Token 5 ΓåÆ embedding vector (2 cycle)
    emb_out[0:3] = [800, 840, 880, 920]
    emb_out[4:7] = [960, 1000, 1040, 1080]

  Layer  RoPE     GQA    SM     GELU   KVQ    Comp   Total   
  -----  ------   ----   ----   ----   ----   ----   ------  
  L1        8cy     3cy    9cy    3cy    3cy    3cy    23cy
  L2        8cy     3cy    9cy    3cy    3cy    3cy    23cy
  L3        8cy     3cy    9cy    3cy    3cy    3cy    23cy
  L4        8cy     3cy    9cy    3cy    3cy    3cy    23cy
  L5        8cy     3cy    9cy    3cy    3cy    3cy    23cy
  L6        8cy     3cy    9cy    3cy    3cy    3cy    23cy
  L7        8cy     3cy    9cy    3cy    3cy    3cy    23cy
  L8        8cy     3cy    9cy    3cy    3cy    3cy    23cy
  L9        8cy     3cy    9cy    3cy    3cy    3cy    23cy
  L10       8cy     3cy    9cy    3cy    3cy    3cy    23cy
  L11       8cy     3cy    9cy    3cy    3cy    3cy    23cy
  L12       8cy     3cy    9cy    3cy    3cy    3cy    23cy

  Total layer processing: 276 cycles across 12 sequential layer passes

  [MEDUSA]     3 draft token predictions (3 cycles)
    Predicted tokens: [29, 59, 89]

================================================================
  12-LAYER INFERENCE EMULATION RESULTS (ALL measured)
================================================================

  STAGE                    CYCLES    TIME @100MHz
  -----                    ------    ------------
  Embedding Lookup            2 cy      20 ns
  12x Transformer Layers    276 cy    2760 ns
    Per-layer average        23 cy     230 ns
  MEDUSA Prediction           3 cy      30 ns
  -----------------------------------------
  TOTAL INFERENCE           358 cy    3580 ns

  Throughput:
    Single token:    358 cycles = 3580 ns = 3.580 us
    Tokens/second:   ~279329 (100 MHz FPGA)
    MEDUSA draft:    3 tokens predicted ΓåÆ effective 837988 tok/s

  DATA TRANSFORMATION PROOF:
    Input:  Token ID 13 ΓåÆ emb = [800, 840, 880, 920, ...]
    After L1:  [84, 1152, -731, 3780, ...]
    After L6:  [256, -1106, -4605, 3780, ...]
    After L12: [-1039, 385, -4606, 3780, ...]
    Output:    Token predictions = [29, 59, 89]

  HARDWARE USED:
    Multipliers:     0 (BitNet ternary)
    KV heads:        2 shared (vs 4 in standard)
    KV precision:    4-bit (INT4 quantized)
    Activations:     8-bit compressed
    Position enc:    Hardware RoPE
    Draft decoding:  MEDUSA 3-head

[PASS] Test 1: Embedding produced non-zero vector
[PASS] Test 2: All 12 layers completed (276 total cycles)
[PASS] Test 3: Data transforms across layers (L0 != L1 != L12)
[PASS] Test 4: MEDUSA produced 3 draft token predictions
[PASS] Test 5: Total inference = 358 cycles (reasonable for 12-layer model)

================================================================
  12-Layer Inference Emulation Tests: 5 / 5 PASSED
================================================================
TB_RESULT pass=5 fail=0
D:\Projects\BitbyBit\custom_gpu_project\tb\integration\full_model_inference_tb.v:445: $finish called at 5860000 (1ps)

Compiling demo_full_model_imprint_w3_r16 ...
Running demo_full_model_imprint_w3_r16 ...

================================================================
  MINI IMPRINT 12-LAYER INFERENCE EMULATION
  Architecture: hardwired embedding + 12x fixed-latency mini core
  Pipeline: Imprint Embedding -> 12x Mini Core -> MEDUSA
  Clock: 100 MHz | ALL numbers from simulation
================================================================

  [Embedding]  Token 13 -> imprint vector (1 cycle)
    emb_out[0:3] = [800, 840, 880, 920]

  Layer  Total   
  -----  ------  
  L1        8cy
  L2        8cy
  L3        8cy
  L4        8cy
  L5        8cy
  L6        8cy
  L7        8cy
  L8        8cy
  L9        8cy
  L10       8cy
  L11       8cy
  L12       8cy

  [MEDUSA]     3 draft token predictions (3 cycles)
    Predicted tokens: [199, 143, 87]

================================================================
  MINI IMPRINT INFERENCE RESULTS (ALL measured)
================================================================

  STAGE                    CYCLES    TIME @100MHz
  -----                    ------    ------------
  Imprint Embedding           1 cy      10 ns
  12x Mini Core Layers       96 cy     960 ns
    Per-layer average         8 cy      80 ns
  MEDUSA Prediction           3 cy      30 ns
  -----------------------------------------
  TOTAL INFERENCE           112 cy    1120 ns

  Throughput:
    Single token:    112 cycles = 1120 ns = 1.120 us
    Tokens/second:   ~892857 (100 MHz FPGA)
    MEDUSA draft:    3 tokens predicted -> effective 2678571 tok/s

[PASS] Test 1: MINI imprint embedding active and non-zero
[PASS] Test 2: 12 layers completed at fixed 8-cycle latency
[PASS] Test 3: Data transformed across layers
[PASS] Test 4: MEDUSA produced predictions
[PASS] Test 5: Total inference cycles in expected range

================================================================
  MINI Imprint Inference Tests: 5 / 5 PASSED
================================================================
D:\Projects\BitbyBit\custom_gpu_project\tb\integration\full_model_inference_imprint_tb.v:349: $finish called at 1460000 (1ps)
Running paired compare workload 3/20, pass 17/25 (measured) [token=13, pos=7]...

Compiling demo_full_model_base_w3_r17 ...
Running demo_full_model_base_w3_r17 ...

================================================================
  GPT-2 12-LAYER INFERENCE EMULATION
  Architecture: 12 transformer layers, 8-dim, 4Q/2KV heads
  Pipeline: Embedding ΓåÆ 12├ù reused [RoPEΓåÆGQAΓåÆSMΓåÆGELUΓåÆKVQΓåÆComp] ΓåÆ MEDUSA
  Clock: 100 MHz | ALL numbers from simulation
================================================================

--- Loading Model Weights ---
  Loaded: 16 token embeddings x 8 dims
  Loaded: 8 position embeddings x 8 dims
  Loaded: 3 MEDUSA head weights x 8 dims

================================================================
  INFERENCE: Token ID = 13, Position = 7
================================================================

  [Embedding]  Token 5 ΓåÆ embedding vector (2 cycle)
    emb_out[0:3] = [800, 840, 880, 920]
    emb_out[4:7] = [960, 1000, 1040, 1080]

  Layer  RoPE     GQA    SM     GELU   KVQ    Comp   Total   
  -----  ------   ----   ----   ----   ----   ----   ------  
  L1        8cy     3cy    9cy    3cy    3cy    3cy    23cy
  L2        8cy     3cy    9cy    3cy    3cy    3cy    23cy
  L3        8cy     3cy    9cy    3cy    3cy    3cy    23cy
  L4        8cy     3cy    9cy    3cy    3cy    3cy    23cy
  L5        8cy     3cy    9cy    3cy    3cy    3cy    23cy
  L6        8cy     3cy    9cy    3cy    3cy    3cy    23cy
  L7        8cy     3cy    9cy    3cy    3cy    3cy    23cy
  L8        8cy     3cy    9cy    3cy    3cy    3cy    23cy
  L9        8cy     3cy    9cy    3cy    3cy    3cy    23cy
  L10       8cy     3cy    9cy    3cy    3cy    3cy    23cy
  L11       8cy     3cy    9cy    3cy    3cy    3cy    23cy
  L12       8cy     3cy    9cy    3cy    3cy    3cy    23cy

  Total layer processing: 276 cycles across 12 sequential layer passes

  [MEDUSA]     3 draft token predictions (3 cycles)
    Predicted tokens: [29, 59, 89]

================================================================
  12-LAYER INFERENCE EMULATION RESULTS (ALL measured)
================================================================

  STAGE                    CYCLES    TIME @100MHz
  -----                    ------    ------------
  Embedding Lookup            2 cy      20 ns
  12x Transformer Layers    276 cy    2760 ns
    Per-layer average        23 cy     230 ns
  MEDUSA Prediction           3 cy      30 ns
  -----------------------------------------
  TOTAL INFERENCE           358 cy    3580 ns

  Throughput:
    Single token:    358 cycles = 3580 ns = 3.580 us
    Tokens/second:   ~279329 (100 MHz FPGA)
    MEDUSA draft:    3 tokens predicted ΓåÆ effective 837988 tok/s

  DATA TRANSFORMATION PROOF:
    Input:  Token ID 13 ΓåÆ emb = [800, 840, 880, 920, ...]
    After L1:  [84, 1152, -731, 3780, ...]
    After L6:  [256, -1106, -4605, 3780, ...]
    After L12: [-1039, 385, -4606, 3780, ...]
    Output:    Token predictions = [29, 59, 89]

  HARDWARE USED:
    Multipliers:     0 (BitNet ternary)
    KV heads:        2 shared (vs 4 in standard)
    KV precision:    4-bit (INT4 quantized)
    Activations:     8-bit compressed
    Position enc:    Hardware RoPE
    Draft decoding:  MEDUSA 3-head

[PASS] Test 1: Embedding produced non-zero vector
[PASS] Test 2: All 12 layers completed (276 total cycles)
[PASS] Test 3: Data transforms across layers (L0 != L1 != L12)
[PASS] Test 4: MEDUSA produced 3 draft token predictions
[PASS] Test 5: Total inference = 358 cycles (reasonable for 12-layer model)

================================================================
  12-Layer Inference Emulation Tests: 5 / 5 PASSED
================================================================
TB_RESULT pass=5 fail=0
D:\Projects\BitbyBit\custom_gpu_project\tb\integration\full_model_inference_tb.v:445: $finish called at 5860000 (1ps)

Compiling demo_full_model_imprint_w3_r17 ...
Running demo_full_model_imprint_w3_r17 ...

================================================================
  MINI IMPRINT 12-LAYER INFERENCE EMULATION
  Architecture: hardwired embedding + 12x fixed-latency mini core
  Pipeline: Imprint Embedding -> 12x Mini Core -> MEDUSA
  Clock: 100 MHz | ALL numbers from simulation
================================================================

  [Embedding]  Token 13 -> imprint vector (1 cycle)
    emb_out[0:3] = [800, 840, 880, 920]

  Layer  Total   
  -----  ------  
  L1        8cy
  L2        8cy
  L3        8cy
  L4        8cy
  L5        8cy
  L6        8cy
  L7        8cy
  L8        8cy
  L9        8cy
  L10       8cy
  L11       8cy
  L12       8cy

  [MEDUSA]     3 draft token predictions (3 cycles)
    Predicted tokens: [199, 143, 87]

================================================================
  MINI IMPRINT INFERENCE RESULTS (ALL measured)
================================================================

  STAGE                    CYCLES    TIME @100MHz
  -----                    ------    ------------
  Imprint Embedding           1 cy      10 ns
  12x Mini Core Layers       96 cy     960 ns
    Per-layer average         8 cy      80 ns
  MEDUSA Prediction           3 cy      30 ns
  -----------------------------------------
  TOTAL INFERENCE           112 cy    1120 ns

  Throughput:
    Single token:    112 cycles = 1120 ns = 1.120 us
    Tokens/second:   ~892857 (100 MHz FPGA)
    MEDUSA draft:    3 tokens predicted -> effective 2678571 tok/s

[PASS] Test 1: MINI imprint embedding active and non-zero
[PASS] Test 2: 12 layers completed at fixed 8-cycle latency
[PASS] Test 3: Data transformed across layers
[PASS] Test 4: MEDUSA produced predictions
[PASS] Test 5: Total inference cycles in expected range

================================================================
  MINI Imprint Inference Tests: 5 / 5 PASSED
================================================================
D:\Projects\BitbyBit\custom_gpu_project\tb\integration\full_model_inference_imprint_tb.v:349: $finish called at 1460000 (1ps)
Running paired compare workload 3/20, pass 18/25 (measured) [token=13, pos=7]...

Compiling demo_full_model_base_w3_r18 ...
Running demo_full_model_base_w3_r18 ...

================================================================
  GPT-2 12-LAYER INFERENCE EMULATION
  Architecture: 12 transformer layers, 8-dim, 4Q/2KV heads
  Pipeline: Embedding ΓåÆ 12├ù reused [RoPEΓåÆGQAΓåÆSMΓåÆGELUΓåÆKVQΓåÆComp] ΓåÆ MEDUSA
  Clock: 100 MHz | ALL numbers from simulation
================================================================

--- Loading Model Weights ---
  Loaded: 16 token embeddings x 8 dims
  Loaded: 8 position embeddings x 8 dims
  Loaded: 3 MEDUSA head weights x 8 dims

================================================================
  INFERENCE: Token ID = 13, Position = 7
================================================================

  [Embedding]  Token 5 ΓåÆ embedding vector (2 cycle)
    emb_out[0:3] = [800, 840, 880, 920]
    emb_out[4:7] = [960, 1000, 1040, 1080]

  Layer  RoPE     GQA    SM     GELU   KVQ    Comp   Total   
  -----  ------   ----   ----   ----   ----   ----   ------  
  L1        8cy     3cy    9cy    3cy    3cy    3cy    23cy
  L2        8cy     3cy    9cy    3cy    3cy    3cy    23cy
  L3        8cy     3cy    9cy    3cy    3cy    3cy    23cy
  L4        8cy     3cy    9cy    3cy    3cy    3cy    23cy
  L5        8cy     3cy    9cy    3cy    3cy    3cy    23cy
  L6        8cy     3cy    9cy    3cy    3cy    3cy    23cy
  L7        8cy     3cy    9cy    3cy    3cy    3cy    23cy
  L8        8cy     3cy    9cy    3cy    3cy    3cy    23cy
  L9        8cy     3cy    9cy    3cy    3cy    3cy    23cy
  L10       8cy     3cy    9cy    3cy    3cy    3cy    23cy
  L11       8cy     3cy    9cy    3cy    3cy    3cy    23cy
  L12       8cy     3cy    9cy    3cy    3cy    3cy    23cy

  Total layer processing: 276 cycles across 12 sequential layer passes

  [MEDUSA]     3 draft token predictions (3 cycles)
    Predicted tokens: [29, 59, 89]

================================================================
  12-LAYER INFERENCE EMULATION RESULTS (ALL measured)
================================================================

  STAGE                    CYCLES    TIME @100MHz
  -----                    ------    ------------
  Embedding Lookup            2 cy      20 ns
  12x Transformer Layers    276 cy    2760 ns
    Per-layer average        23 cy     230 ns
  MEDUSA Prediction           3 cy      30 ns
  -----------------------------------------
  TOTAL INFERENCE           358 cy    3580 ns

  Throughput:
    Single token:    358 cycles = 3580 ns = 3.580 us
    Tokens/second:   ~279329 (100 MHz FPGA)
    MEDUSA draft:    3 tokens predicted ΓåÆ effective 837988 tok/s

  DATA TRANSFORMATION PROOF:
    Input:  Token ID 13 ΓåÆ emb = [800, 840, 880, 920, ...]
    After L1:  [84, 1152, -731, 3780, ...]
    After L6:  [256, -1106, -4605, 3780, ...]
    After L12: [-1039, 385, -4606, 3780, ...]
    Output:    Token predictions = [29, 59, 89]

  HARDWARE USED:
    Multipliers:     0 (BitNet ternary)
    KV heads:        2 shared (vs 4 in standard)
    KV precision:    4-bit (INT4 quantized)
    Activations:     8-bit compressed
    Position enc:    Hardware RoPE
    Draft decoding:  MEDUSA 3-head

[PASS] Test 1: Embedding produced non-zero vector
[PASS] Test 2: All 12 layers completed (276 total cycles)
[PASS] Test 3: Data transforms across layers (L0 != L1 != L12)
[PASS] Test 4: MEDUSA produced 3 draft token predictions
[PASS] Test 5: Total inference = 358 cycles (reasonable for 12-layer model)

================================================================
  12-Layer Inference Emulation Tests: 5 / 5 PASSED
================================================================
TB_RESULT pass=5 fail=0
D:\Projects\BitbyBit\custom_gpu_project\tb\integration\full_model_inference_tb.v:445: $finish called at 5860000 (1ps)

Compiling demo_full_model_imprint_w3_r18 ...
Running demo_full_model_imprint_w3_r18 ...

================================================================
  MINI IMPRINT 12-LAYER INFERENCE EMULATION
  Architecture: hardwired embedding + 12x fixed-latency mini core
  Pipeline: Imprint Embedding -> 12x Mini Core -> MEDUSA
  Clock: 100 MHz | ALL numbers from simulation
================================================================

  [Embedding]  Token 13 -> imprint vector (1 cycle)
    emb_out[0:3] = [800, 840, 880, 920]

  Layer  Total   
  -----  ------  
  L1        8cy
  L2        8cy
  L3        8cy
  L4        8cy
  L5        8cy
  L6        8cy
  L7        8cy
  L8        8cy
  L9        8cy
  L10       8cy
  L11       8cy
  L12       8cy

  [MEDUSA]     3 draft token predictions (3 cycles)
    Predicted tokens: [199, 143, 87]

================================================================
  MINI IMPRINT INFERENCE RESULTS (ALL measured)
================================================================

  STAGE                    CYCLES    TIME @100MHz
  -----                    ------    ------------
  Imprint Embedding           1 cy      10 ns
  12x Mini Core Layers       96 cy     960 ns
    Per-layer average         8 cy      80 ns
  MEDUSA Prediction           3 cy      30 ns
  -----------------------------------------
  TOTAL INFERENCE           112 cy    1120 ns

  Throughput:
    Single token:    112 cycles = 1120 ns = 1.120 us
    Tokens/second:   ~892857 (100 MHz FPGA)
    MEDUSA draft:    3 tokens predicted -> effective 2678571 tok/s

[PASS] Test 1: MINI imprint embedding active and non-zero
[PASS] Test 2: 12 layers completed at fixed 8-cycle latency
[PASS] Test 3: Data transformed across layers
[PASS] Test 4: MEDUSA produced predictions
[PASS] Test 5: Total inference cycles in expected range

================================================================
  MINI Imprint Inference Tests: 5 / 5 PASSED
================================================================
D:\Projects\BitbyBit\custom_gpu_project\tb\integration\full_model_inference_imprint_tb.v:349: $finish called at 1460000 (1ps)
Running paired compare workload 3/20, pass 19/25 (measured) [token=13, pos=7]...

Compiling demo_full_model_base_w3_r19 ...
Running demo_full_model_base_w3_r19 ...

================================================================
  GPT-2 12-LAYER INFERENCE EMULATION
  Architecture: 12 transformer layers, 8-dim, 4Q/2KV heads
  Pipeline: Embedding ΓåÆ 12├ù reused [RoPEΓåÆGQAΓåÆSMΓåÆGELUΓåÆKVQΓåÆComp] ΓåÆ MEDUSA
  Clock: 100 MHz | ALL numbers from simulation
================================================================

--- Loading Model Weights ---
  Loaded: 16 token embeddings x 8 dims
  Loaded: 8 position embeddings x 8 dims
  Loaded: 3 MEDUSA head weights x 8 dims

================================================================
  INFERENCE: Token ID = 13, Position = 7
================================================================

  [Embedding]  Token 5 ΓåÆ embedding vector (2 cycle)
    emb_out[0:3] = [800, 840, 880, 920]
    emb_out[4:7] = [960, 1000, 1040, 1080]

  Layer  RoPE     GQA    SM     GELU   KVQ    Comp   Total   
  -----  ------   ----   ----   ----   ----   ----   ------  
  L1        8cy     3cy    9cy    3cy    3cy    3cy    23cy
  L2        8cy     3cy    9cy    3cy    3cy    3cy    23cy
  L3        8cy     3cy    9cy    3cy    3cy    3cy    23cy
  L4        8cy     3cy    9cy    3cy    3cy    3cy    23cy
  L5        8cy     3cy    9cy    3cy    3cy    3cy    23cy
  L6        8cy     3cy    9cy    3cy    3cy    3cy    23cy
  L7        8cy     3cy    9cy    3cy    3cy    3cy    23cy
  L8        8cy     3cy    9cy    3cy    3cy    3cy    23cy
  L9        8cy     3cy    9cy    3cy    3cy    3cy    23cy
  L10       8cy     3cy    9cy    3cy    3cy    3cy    23cy
  L11       8cy     3cy    9cy    3cy    3cy    3cy    23cy
  L12       8cy     3cy    9cy    3cy    3cy    3cy    23cy

  Total layer processing: 276 cycles across 12 sequential layer passes

  [MEDUSA]     3 draft token predictions (3 cycles)
    Predicted tokens: [29, 59, 89]

================================================================
  12-LAYER INFERENCE EMULATION RESULTS (ALL measured)
================================================================

  STAGE                    CYCLES    TIME @100MHz
  -----                    ------    ------------
  Embedding Lookup            2 cy      20 ns
  12x Transformer Layers    276 cy    2760 ns
    Per-layer average        23 cy     230 ns
  MEDUSA Prediction           3 cy      30 ns
  -----------------------------------------
  TOTAL INFERENCE           358 cy    3580 ns

  Throughput:
    Single token:    358 cycles = 3580 ns = 3.580 us
    Tokens/second:   ~279329 (100 MHz FPGA)
    MEDUSA draft:    3 tokens predicted ΓåÆ effective 837988 tok/s

  DATA TRANSFORMATION PROOF:
    Input:  Token ID 13 ΓåÆ emb = [800, 840, 880, 920, ...]
    After L1:  [84, 1152, -731, 3780, ...]
    After L6:  [256, -1106, -4605, 3780, ...]
    After L12: [-1039, 385, -4606, 3780, ...]
    Output:    Token predictions = [29, 59, 89]

  HARDWARE USED:
    Multipliers:     0 (BitNet ternary)
    KV heads:        2 shared (vs 4 in standard)
    KV precision:    4-bit (INT4 quantized)
    Activations:     8-bit compressed
    Position enc:    Hardware RoPE
    Draft decoding:  MEDUSA 3-head

[PASS] Test 1: Embedding produced non-zero vector
[PASS] Test 2: All 12 layers completed (276 total cycles)
[PASS] Test 3: Data transforms across layers (L0 != L1 != L12)
[PASS] Test 4: MEDUSA produced 3 draft token predictions
[PASS] Test 5: Total inference = 358 cycles (reasonable for 12-layer model)

================================================================
  12-Layer Inference Emulation Tests: 5 / 5 PASSED
================================================================
TB_RESULT pass=5 fail=0
D:\Projects\BitbyBit\custom_gpu_project\tb\integration\full_model_inference_tb.v:445: $finish called at 5860000 (1ps)

Compiling demo_full_model_imprint_w3_r19 ...
Running demo_full_model_imprint_w3_r19 ...

================================================================
  MINI IMPRINT 12-LAYER INFERENCE EMULATION
  Architecture: hardwired embedding + 12x fixed-latency mini core
  Pipeline: Imprint Embedding -> 12x Mini Core -> MEDUSA
  Clock: 100 MHz | ALL numbers from simulation
================================================================

  [Embedding]  Token 13 -> imprint vector (1 cycle)
    emb_out[0:3] = [800, 840, 880, 920]

  Layer  Total   
  -----  ------  
  L1        8cy
  L2        8cy
  L3        8cy
  L4        8cy
  L5        8cy
  L6        8cy
  L7        8cy
  L8        8cy
  L9        8cy
  L10       8cy
  L11       8cy
  L12       8cy

  [MEDUSA]     3 draft token predictions (3 cycles)
    Predicted tokens: [199, 143, 87]

================================================================
  MINI IMPRINT INFERENCE RESULTS (ALL measured)
================================================================

  STAGE                    CYCLES    TIME @100MHz
  -----                    ------    ------------
  Imprint Embedding           1 cy      10 ns
  12x Mini Core Layers       96 cy     960 ns
    Per-layer average         8 cy      80 ns
  MEDUSA Prediction           3 cy      30 ns
  -----------------------------------------
  TOTAL INFERENCE           112 cy    1120 ns

  Throughput:
    Single token:    112 cycles = 1120 ns = 1.120 us
    Tokens/second:   ~892857 (100 MHz FPGA)
    MEDUSA draft:    3 tokens predicted -> effective 2678571 tok/s

[PASS] Test 1: MINI imprint embedding active and non-zero
[PASS] Test 2: 12 layers completed at fixed 8-cycle latency
[PASS] Test 3: Data transformed across layers
[PASS] Test 4: MEDUSA produced predictions
[PASS] Test 5: Total inference cycles in expected range

================================================================
  MINI Imprint Inference Tests: 5 / 5 PASSED
================================================================
D:\Projects\BitbyBit\custom_gpu_project\tb\integration\full_model_inference_imprint_tb.v:349: $finish called at 1460000 (1ps)
Running paired compare workload 3/20, pass 20/25 (measured) [token=13, pos=7]...

Compiling demo_full_model_base_w3_r20 ...
Running demo_full_model_base_w3_r20 ...

================================================================
  GPT-2 12-LAYER INFERENCE EMULATION
  Architecture: 12 transformer layers, 8-dim, 4Q/2KV heads
  Pipeline: Embedding ΓåÆ 12├ù reused [RoPEΓåÆGQAΓåÆSMΓåÆGELUΓåÆKVQΓåÆComp] ΓåÆ MEDUSA
  Clock: 100 MHz | ALL numbers from simulation
================================================================

--- Loading Model Weights ---
  Loaded: 16 token embeddings x 8 dims
  Loaded: 8 position embeddings x 8 dims
  Loaded: 3 MEDUSA head weights x 8 dims

================================================================
  INFERENCE: Token ID = 13, Position = 7
================================================================

  [Embedding]  Token 5 ΓåÆ embedding vector (2 cycle)
    emb_out[0:3] = [800, 840, 880, 920]
    emb_out[4:7] = [960, 1000, 1040, 1080]

  Layer  RoPE     GQA    SM     GELU   KVQ    Comp   Total   
  -----  ------   ----   ----   ----   ----   ----   ------  
  L1        8cy     3cy    9cy    3cy    3cy    3cy    23cy
  L2        8cy     3cy    9cy    3cy    3cy    3cy    23cy
  L3        8cy     3cy    9cy    3cy    3cy    3cy    23cy
  L4        8cy     3cy    9cy    3cy    3cy    3cy    23cy
  L5        8cy     3cy    9cy    3cy    3cy    3cy    23cy
  L6        8cy     3cy    9cy    3cy    3cy    3cy    23cy
  L7        8cy     3cy    9cy    3cy    3cy    3cy    23cy
  L8        8cy     3cy    9cy    3cy    3cy    3cy    23cy
  L9        8cy     3cy    9cy    3cy    3cy    3cy    23cy
  L10       8cy     3cy    9cy    3cy    3cy    3cy    23cy
  L11       8cy     3cy    9cy    3cy    3cy    3cy    23cy
  L12       8cy     3cy    9cy    3cy    3cy    3cy    23cy

  Total layer processing: 276 cycles across 12 sequential layer passes

  [MEDUSA]     3 draft token predictions (3 cycles)
    Predicted tokens: [29, 59, 89]

================================================================
  12-LAYER INFERENCE EMULATION RESULTS (ALL measured)
================================================================

  STAGE                    CYCLES    TIME @100MHz
  -----                    ------    ------------
  Embedding Lookup            2 cy      20 ns
  12x Transformer Layers    276 cy    2760 ns
    Per-layer average        23 cy     230 ns
  MEDUSA Prediction           3 cy      30 ns
  -----------------------------------------
  TOTAL INFERENCE           358 cy    3580 ns

  Throughput:
    Single token:    358 cycles = 3580 ns = 3.580 us
    Tokens/second:   ~279329 (100 MHz FPGA)
    MEDUSA draft:    3 tokens predicted ΓåÆ effective 837988 tok/s

  DATA TRANSFORMATION PROOF:
    Input:  Token ID 13 ΓåÆ emb = [800, 840, 880, 920, ...]
    After L1:  [84, 1152, -731, 3780, ...]
    After L6:  [256, -1106, -4605, 3780, ...]
    After L12: [-1039, 385, -4606, 3780, ...]
    Output:    Token predictions = [29, 59, 89]

  HARDWARE USED:
    Multipliers:     0 (BitNet ternary)
    KV heads:        2 shared (vs 4 in standard)
    KV precision:    4-bit (INT4 quantized)
    Activations:     8-bit compressed
    Position enc:    Hardware RoPE
    Draft decoding:  MEDUSA 3-head

[PASS] Test 1: Embedding produced non-zero vector
[PASS] Test 2: All 12 layers completed (276 total cycles)
[PASS] Test 3: Data transforms across layers (L0 != L1 != L12)
[PASS] Test 4: MEDUSA produced 3 draft token predictions
[PASS] Test 5: Total inference = 358 cycles (reasonable for 12-layer model)

================================================================
  12-Layer Inference Emulation Tests: 5 / 5 PASSED
================================================================
TB_RESULT pass=5 fail=0
D:\Projects\BitbyBit\custom_gpu_project\tb\integration\full_model_inference_tb.v:445: $finish called at 5860000 (1ps)

Compiling demo_full_model_imprint_w3_r20 ...
Running demo_full_model_imprint_w3_r20 ...

================================================================
  MINI IMPRINT 12-LAYER INFERENCE EMULATION
  Architecture: hardwired embedding + 12x fixed-latency mini core
  Pipeline: Imprint Embedding -> 12x Mini Core -> MEDUSA
  Clock: 100 MHz | ALL numbers from simulation
================================================================

  [Embedding]  Token 13 -> imprint vector (1 cycle)
    emb_out[0:3] = [800, 840, 880, 920]

  Layer  Total   
  -----  ------  
  L1        8cy
  L2        8cy
  L3        8cy
  L4        8cy
  L5        8cy
  L6        8cy
  L7        8cy
  L8        8cy
  L9        8cy
  L10       8cy
  L11       8cy
  L12       8cy

  [MEDUSA]     3 draft token predictions (3 cycles)
    Predicted tokens: [199, 143, 87]

================================================================
  MINI IMPRINT INFERENCE RESULTS (ALL measured)
================================================================

  STAGE                    CYCLES    TIME @100MHz
  -----                    ------    ------------
  Imprint Embedding           1 cy      10 ns
  12x Mini Core Layers       96 cy     960 ns
    Per-layer average         8 cy      80 ns
  MEDUSA Prediction           3 cy      30 ns
  -----------------------------------------
  TOTAL INFERENCE           112 cy    1120 ns

  Throughput:
    Single token:    112 cycles = 1120 ns = 1.120 us
    Tokens/second:   ~892857 (100 MHz FPGA)
    MEDUSA draft:    3 tokens predicted -> effective 2678571 tok/s

[PASS] Test 1: MINI imprint embedding active and non-zero
[PASS] Test 2: 12 layers completed at fixed 8-cycle latency
[PASS] Test 3: Data transformed across layers
[PASS] Test 4: MEDUSA produced predictions
[PASS] Test 5: Total inference cycles in expected range

================================================================
  MINI Imprint Inference Tests: 5 / 5 PASSED
================================================================
D:\Projects\BitbyBit\custom_gpu_project\tb\integration\full_model_inference_imprint_tb.v:349: $finish called at 1460000 (1ps)
Running paired compare workload 3/20, pass 21/25 (measured) [token=13, pos=7]...

Compiling demo_full_model_base_w3_r21 ...
Running demo_full_model_base_w3_r21 ...

================================================================
  GPT-2 12-LAYER INFERENCE EMULATION
  Architecture: 12 transformer layers, 8-dim, 4Q/2KV heads
  Pipeline: Embedding ΓåÆ 12├ù reused [RoPEΓåÆGQAΓåÆSMΓåÆGELUΓåÆKVQΓåÆComp] ΓåÆ MEDUSA
  Clock: 100 MHz | ALL numbers from simulation
================================================================

--- Loading Model Weights ---
  Loaded: 16 token embeddings x 8 dims
  Loaded: 8 position embeddings x 8 dims
  Loaded: 3 MEDUSA head weights x 8 dims

================================================================
  INFERENCE: Token ID = 13, Position = 7
================================================================

  [Embedding]  Token 5 ΓåÆ embedding vector (2 cycle)
    emb_out[0:3] = [800, 840, 880, 920]
    emb_out[4:7] = [960, 1000, 1040, 1080]

  Layer  RoPE     GQA    SM     GELU   KVQ    Comp   Total   
  -----  ------   ----   ----   ----   ----   ----   ------  
  L1        8cy     3cy    9cy    3cy    3cy    3cy    23cy
  L2        8cy     3cy    9cy    3cy    3cy    3cy    23cy
  L3        8cy     3cy    9cy    3cy    3cy    3cy    23cy
  L4        8cy     3cy    9cy    3cy    3cy    3cy    23cy
  L5        8cy     3cy    9cy    3cy    3cy    3cy    23cy
  L6        8cy     3cy    9cy    3cy    3cy    3cy    23cy
  L7        8cy     3cy    9cy    3cy    3cy    3cy    23cy
  L8        8cy     3cy    9cy    3cy    3cy    3cy    23cy
  L9        8cy     3cy    9cy    3cy    3cy    3cy    23cy
  L10       8cy     3cy    9cy    3cy    3cy    3cy    23cy
  L11       8cy     3cy    9cy    3cy    3cy    3cy    23cy
  L12       8cy     3cy    9cy    3cy    3cy    3cy    23cy

  Total layer processing: 276 cycles across 12 sequential layer passes

  [MEDUSA]     3 draft token predictions (3 cycles)
    Predicted tokens: [29, 59, 89]

================================================================
  12-LAYER INFERENCE EMULATION RESULTS (ALL measured)
================================================================

  STAGE                    CYCLES    TIME @100MHz
  -----                    ------    ------------
  Embedding Lookup            2 cy      20 ns
  12x Transformer Layers    276 cy    2760 ns
    Per-layer average        23 cy     230 ns
  MEDUSA Prediction           3 cy      30 ns
  -----------------------------------------
  TOTAL INFERENCE           358 cy    3580 ns

  Throughput:
    Single token:    358 cycles = 3580 ns = 3.580 us
    Tokens/second:   ~279329 (100 MHz FPGA)
    MEDUSA draft:    3 tokens predicted ΓåÆ effective 837988 tok/s

  DATA TRANSFORMATION PROOF:
    Input:  Token ID 13 ΓåÆ emb = [800, 840, 880, 920, ...]
    After L1:  [84, 1152, -731, 3780, ...]
    After L6:  [256, -1106, -4605, 3780, ...]
    After L12: [-1039, 385, -4606, 3780, ...]
    Output:    Token predictions = [29, 59, 89]

  HARDWARE USED:
    Multipliers:     0 (BitNet ternary)
    KV heads:        2 shared (vs 4 in standard)
    KV precision:    4-bit (INT4 quantized)
    Activations:     8-bit compressed
    Position enc:    Hardware RoPE
    Draft decoding:  MEDUSA 3-head

[PASS] Test 1: Embedding produced non-zero vector
[PASS] Test 2: All 12 layers completed (276 total cycles)
[PASS] Test 3: Data transforms across layers (L0 != L1 != L12)
[PASS] Test 4: MEDUSA produced 3 draft token predictions
[PASS] Test 5: Total inference = 358 cycles (reasonable for 12-layer model)

================================================================
  12-Layer Inference Emulation Tests: 5 / 5 PASSED
================================================================
TB_RESULT pass=5 fail=0
D:\Projects\BitbyBit\custom_gpu_project\tb\integration\full_model_inference_tb.v:445: $finish called at 5860000 (1ps)

Compiling demo_full_model_imprint_w3_r21 ...
Running demo_full_model_imprint_w3_r21 ...

================================================================
  MINI IMPRINT 12-LAYER INFERENCE EMULATION
  Architecture: hardwired embedding + 12x fixed-latency mini core
  Pipeline: Imprint Embedding -> 12x Mini Core -> MEDUSA
  Clock: 100 MHz | ALL numbers from simulation
================================================================

  [Embedding]  Token 13 -> imprint vector (1 cycle)
    emb_out[0:3] = [800, 840, 880, 920]

  Layer  Total   
  -----  ------  
  L1        8cy
  L2        8cy
  L3        8cy
  L4        8cy
  L5        8cy
  L6        8cy
  L7        8cy
  L8        8cy
  L9        8cy
  L10       8cy
  L11       8cy
  L12       8cy

  [MEDUSA]     3 draft token predictions (3 cycles)
    Predicted tokens: [199, 143, 87]

================================================================
  MINI IMPRINT INFERENCE RESULTS (ALL measured)
================================================================

  STAGE                    CYCLES    TIME @100MHz
  -----                    ------    ------------
  Imprint Embedding           1 cy      10 ns
  12x Mini Core Layers       96 cy     960 ns
    Per-layer average         8 cy      80 ns
  MEDUSA Prediction           3 cy      30 ns
  -----------------------------------------
  TOTAL INFERENCE           112 cy    1120 ns

  Throughput:
    Single token:    112 cycles = 1120 ns = 1.120 us
    Tokens/second:   ~892857 (100 MHz FPGA)
    MEDUSA draft:    3 tokens predicted -> effective 2678571 tok/s

[PASS] Test 1: MINI imprint embedding active and non-zero
[PASS] Test 2: 12 layers completed at fixed 8-cycle latency
[PASS] Test 3: Data transformed across layers
[PASS] Test 4: MEDUSA produced predictions
[PASS] Test 5: Total inference cycles in expected range

================================================================
  MINI Imprint Inference Tests: 5 / 5 PASSED
================================================================
D:\Projects\BitbyBit\custom_gpu_project\tb\integration\full_model_inference_imprint_tb.v:349: $finish called at 1460000 (1ps)
Running paired compare workload 3/20, pass 22/25 (measured) [token=13, pos=7]...

Compiling demo_full_model_base_w3_r22 ...
Running demo_full_model_base_w3_r22 ...

================================================================
  GPT-2 12-LAYER INFERENCE EMULATION
  Architecture: 12 transformer layers, 8-dim, 4Q/2KV heads
  Pipeline: Embedding ΓåÆ 12├ù reused [RoPEΓåÆGQAΓåÆSMΓåÆGELUΓåÆKVQΓåÆComp] ΓåÆ MEDUSA
  Clock: 100 MHz | ALL numbers from simulation
================================================================

--- Loading Model Weights ---
  Loaded: 16 token embeddings x 8 dims
  Loaded: 8 position embeddings x 8 dims
  Loaded: 3 MEDUSA head weights x 8 dims

================================================================
  INFERENCE: Token ID = 13, Position = 7
================================================================

  [Embedding]  Token 5 ΓåÆ embedding vector (2 cycle)
    emb_out[0:3] = [800, 840, 880, 920]
    emb_out[4:7] = [960, 1000, 1040, 1080]

  Layer  RoPE     GQA    SM     GELU   KVQ    Comp   Total   
  -----  ------   ----   ----   ----   ----   ----   ------  
  L1        8cy     3cy    9cy    3cy    3cy    3cy    23cy
  L2        8cy     3cy    9cy    3cy    3cy    3cy    23cy
  L3        8cy     3cy    9cy    3cy    3cy    3cy    23cy
  L4        8cy     3cy    9cy    3cy    3cy    3cy    23cy
  L5        8cy     3cy    9cy    3cy    3cy    3cy    23cy
  L6        8cy     3cy    9cy    3cy    3cy    3cy    23cy
  L7        8cy     3cy    9cy    3cy    3cy    3cy    23cy
  L8        8cy     3cy    9cy    3cy    3cy    3cy    23cy
  L9        8cy     3cy    9cy    3cy    3cy    3cy    23cy
  L10       8cy     3cy    9cy    3cy    3cy    3cy    23cy
  L11       8cy     3cy    9cy    3cy    3cy    3cy    23cy
  L12       8cy     3cy    9cy    3cy    3cy    3cy    23cy

  Total layer processing: 276 cycles across 12 sequential layer passes

  [MEDUSA]     3 draft token predictions (3 cycles)
    Predicted tokens: [29, 59, 89]

================================================================
  12-LAYER INFERENCE EMULATION RESULTS (ALL measured)
================================================================

  STAGE                    CYCLES    TIME @100MHz
  -----                    ------    ------------
  Embedding Lookup            2 cy      20 ns
  12x Transformer Layers    276 cy    2760 ns
    Per-layer average        23 cy     230 ns
  MEDUSA Prediction           3 cy      30 ns
  -----------------------------------------
  TOTAL INFERENCE           358 cy    3580 ns

  Throughput:
    Single token:    358 cycles = 3580 ns = 3.580 us
    Tokens/second:   ~279329 (100 MHz FPGA)
    MEDUSA draft:    3 tokens predicted ΓåÆ effective 837988 tok/s

  DATA TRANSFORMATION PROOF:
    Input:  Token ID 13 ΓåÆ emb = [800, 840, 880, 920, ...]
    After L1:  [84, 1152, -731, 3780, ...]
    After L6:  [256, -1106, -4605, 3780, ...]
    After L12: [-1039, 385, -4606, 3780, ...]
    Output:    Token predictions = [29, 59, 89]

  HARDWARE USED:
    Multipliers:     0 (BitNet ternary)
    KV heads:        2 shared (vs 4 in standard)
    KV precision:    4-bit (INT4 quantized)
    Activations:     8-bit compressed
    Position enc:    Hardware RoPE
    Draft decoding:  MEDUSA 3-head

[PASS] Test 1: Embedding produced non-zero vector
[PASS] Test 2: All 12 layers completed (276 total cycles)
[PASS] Test 3: Data transforms across layers (L0 != L1 != L12)
[PASS] Test 4: MEDUSA produced 3 draft token predictions
[PASS] Test 5: Total inference = 358 cycles (reasonable for 12-layer model)

================================================================
  12-Layer Inference Emulation Tests: 5 / 5 PASSED
================================================================
TB_RESULT pass=5 fail=0
D:\Projects\BitbyBit\custom_gpu_project\tb\integration\full_model_inference_tb.v:445: $finish called at 5860000 (1ps)

Compiling demo_full_model_imprint_w3_r22 ...
Running demo_full_model_imprint_w3_r22 ...

================================================================
  MINI IMPRINT 12-LAYER INFERENCE EMULATION
  Architecture: hardwired embedding + 12x fixed-latency mini core
  Pipeline: Imprint Embedding -> 12x Mini Core -> MEDUSA
  Clock: 100 MHz | ALL numbers from simulation
================================================================

  [Embedding]  Token 13 -> imprint vector (1 cycle)
    emb_out[0:3] = [800, 840, 880, 920]

  Layer  Total   
  -----  ------  
  L1        8cy
  L2        8cy
  L3        8cy
  L4        8cy
  L5        8cy
  L6        8cy
  L7        8cy
  L8        8cy
  L9        8cy
  L10       8cy
  L11       8cy
  L12       8cy

  [MEDUSA]     3 draft token predictions (3 cycles)
    Predicted tokens: [199, 143, 87]

================================================================
  MINI IMPRINT INFERENCE RESULTS (ALL measured)
================================================================

  STAGE                    CYCLES    TIME @100MHz
  -----                    ------    ------------
  Imprint Embedding           1 cy      10 ns
  12x Mini Core Layers       96 cy     960 ns
    Per-layer average         8 cy      80 ns
  MEDUSA Prediction           3 cy      30 ns
  -----------------------------------------
  TOTAL INFERENCE           112 cy    1120 ns

  Throughput:
    Single token:    112 cycles = 1120 ns = 1.120 us
    Tokens/second:   ~892857 (100 MHz FPGA)
    MEDUSA draft:    3 tokens predicted -> effective 2678571 tok/s

[PASS] Test 1: MINI imprint embedding active and non-zero
[PASS] Test 2: 12 layers completed at fixed 8-cycle latency
[PASS] Test 3: Data transformed across layers
[PASS] Test 4: MEDUSA produced predictions
[PASS] Test 5: Total inference cycles in expected range

================================================================
  MINI Imprint Inference Tests: 5 / 5 PASSED
================================================================
D:\Projects\BitbyBit\custom_gpu_project\tb\integration\full_model_inference_imprint_tb.v:349: $finish called at 1460000 (1ps)
Running paired compare workload 3/20, pass 23/25 (measured) [token=13, pos=7]...

Compiling demo_full_model_base_w3_r23 ...
Running demo_full_model_base_w3_r23 ...

================================================================
  GPT-2 12-LAYER INFERENCE EMULATION
  Architecture: 12 transformer layers, 8-dim, 4Q/2KV heads
  Pipeline: Embedding ΓåÆ 12├ù reused [RoPEΓåÆGQAΓåÆSMΓåÆGELUΓåÆKVQΓåÆComp] ΓåÆ MEDUSA
  Clock: 100 MHz | ALL numbers from simulation
================================================================

--- Loading Model Weights ---
  Loaded: 16 token embeddings x 8 dims
  Loaded: 8 position embeddings x 8 dims
  Loaded: 3 MEDUSA head weights x 8 dims

================================================================
  INFERENCE: Token ID = 13, Position = 7
================================================================

  [Embedding]  Token 5 ΓåÆ embedding vector (2 cycle)
    emb_out[0:3] = [800, 840, 880, 920]
    emb_out[4:7] = [960, 1000, 1040, 1080]

  Layer  RoPE     GQA    SM     GELU   KVQ    Comp   Total   
  -----  ------   ----   ----   ----   ----   ----   ------  
  L1        8cy     3cy    9cy    3cy    3cy    3cy    23cy
  L2        8cy     3cy    9cy    3cy    3cy    3cy    23cy
  L3        8cy     3cy    9cy    3cy    3cy    3cy    23cy
  L4        8cy     3cy    9cy    3cy    3cy    3cy    23cy
  L5        8cy     3cy    9cy    3cy    3cy    3cy    23cy
  L6        8cy     3cy    9cy    3cy    3cy    3cy    23cy
  L7        8cy     3cy    9cy    3cy    3cy    3cy    23cy
  L8        8cy     3cy    9cy    3cy    3cy    3cy    23cy
  L9        8cy     3cy    9cy    3cy    3cy    3cy    23cy
  L10       8cy     3cy    9cy    3cy    3cy    3cy    23cy
  L11       8cy     3cy    9cy    3cy    3cy    3cy    23cy
  L12       8cy     3cy    9cy    3cy    3cy    3cy    23cy

  Total layer processing: 276 cycles across 12 sequential layer passes

  [MEDUSA]     3 draft token predictions (3 cycles)
    Predicted tokens: [29, 59, 89]

================================================================
  12-LAYER INFERENCE EMULATION RESULTS (ALL measured)
================================================================

  STAGE                    CYCLES    TIME @100MHz
  -----                    ------    ------------
  Embedding Lookup            2 cy      20 ns
  12x Transformer Layers    276 cy    2760 ns
    Per-layer average        23 cy     230 ns
  MEDUSA Prediction           3 cy      30 ns
  -----------------------------------------
  TOTAL INFERENCE           358 cy    3580 ns

  Throughput:
    Single token:    358 cycles = 3580 ns = 3.580 us
    Tokens/second:   ~279329 (100 MHz FPGA)
    MEDUSA draft:    3 tokens predicted ΓåÆ effective 837988 tok/s

  DATA TRANSFORMATION PROOF:
    Input:  Token ID 13 ΓåÆ emb = [800, 840, 880, 920, ...]
    After L1:  [84, 1152, -731, 3780, ...]
    After L6:  [256, -1106, -4605, 3780, ...]
    After L12: [-1039, 385, -4606, 3780, ...]
    Output:    Token predictions = [29, 59, 89]

  HARDWARE USED:
    Multipliers:     0 (BitNet ternary)
    KV heads:        2 shared (vs 4 in standard)
    KV precision:    4-bit (INT4 quantized)
    Activations:     8-bit compressed
    Position enc:    Hardware RoPE
    Draft decoding:  MEDUSA 3-head

[PASS] Test 1: Embedding produced non-zero vector
[PASS] Test 2: All 12 layers completed (276 total cycles)
[PASS] Test 3: Data transforms across layers (L0 != L1 != L12)
[PASS] Test 4: MEDUSA produced 3 draft token predictions
[PASS] Test 5: Total inference = 358 cycles (reasonable for 12-layer model)

================================================================
  12-Layer Inference Emulation Tests: 5 / 5 PASSED
================================================================
TB_RESULT pass=5 fail=0
D:\Projects\BitbyBit\custom_gpu_project\tb\integration\full_model_inference_tb.v:445: $finish called at 5860000 (1ps)

Compiling demo_full_model_imprint_w3_r23 ...
Running demo_full_model_imprint_w3_r23 ...

================================================================
  MINI IMPRINT 12-LAYER INFERENCE EMULATION
  Architecture: hardwired embedding + 12x fixed-latency mini core
  Pipeline: Imprint Embedding -> 12x Mini Core -> MEDUSA
  Clock: 100 MHz | ALL numbers from simulation
================================================================

  [Embedding]  Token 13 -> imprint vector (1 cycle)
    emb_out[0:3] = [800, 840, 880, 920]

  Layer  Total   
  -----  ------  
  L1        8cy
  L2        8cy
  L3        8cy
  L4        8cy
  L5        8cy
  L6        8cy
  L7        8cy
  L8        8cy
  L9        8cy
  L10       8cy
  L11       8cy
  L12       8cy

  [MEDUSA]     3 draft token predictions (3 cycles)
    Predicted tokens: [199, 143, 87]

================================================================
  MINI IMPRINT INFERENCE RESULTS (ALL measured)
================================================================

  STAGE                    CYCLES    TIME @100MHz
  -----                    ------    ------------
  Imprint Embedding           1 cy      10 ns
  12x Mini Core Layers       96 cy     960 ns
    Per-layer average         8 cy      80 ns
  MEDUSA Prediction           3 cy      30 ns
  -----------------------------------------
  TOTAL INFERENCE           112 cy    1120 ns

  Throughput:
    Single token:    112 cycles = 1120 ns = 1.120 us
    Tokens/second:   ~892857 (100 MHz FPGA)
    MEDUSA draft:    3 tokens predicted -> effective 2678571 tok/s

[PASS] Test 1: MINI imprint embedding active and non-zero
[PASS] Test 2: 12 layers completed at fixed 8-cycle latency
[PASS] Test 3: Data transformed across layers
[PASS] Test 4: MEDUSA produced predictions
[PASS] Test 5: Total inference cycles in expected range

================================================================
  MINI Imprint Inference Tests: 5 / 5 PASSED
================================================================
D:\Projects\BitbyBit\custom_gpu_project\tb\integration\full_model_inference_imprint_tb.v:349: $finish called at 1460000 (1ps)
Running paired compare workload 3/20, pass 24/25 (measured) [token=13, pos=7]...

Compiling demo_full_model_base_w3_r24 ...
Running demo_full_model_base_w3_r24 ...

================================================================
  GPT-2 12-LAYER INFERENCE EMULATION
  Architecture: 12 transformer layers, 8-dim, 4Q/2KV heads
  Pipeline: Embedding ΓåÆ 12├ù reused [RoPEΓåÆGQAΓåÆSMΓåÆGELUΓåÆKVQΓåÆComp] ΓåÆ MEDUSA
  Clock: 100 MHz | ALL numbers from simulation
================================================================

--- Loading Model Weights ---
  Loaded: 16 token embeddings x 8 dims
  Loaded: 8 position embeddings x 8 dims
  Loaded: 3 MEDUSA head weights x 8 dims

================================================================
  INFERENCE: Token ID = 13, Position = 7
================================================================

  [Embedding]  Token 5 ΓåÆ embedding vector (2 cycle)
    emb_out[0:3] = [800, 840, 880, 920]
    emb_out[4:7] = [960, 1000, 1040, 1080]

  Layer  RoPE     GQA    SM     GELU   KVQ    Comp   Total   
  -----  ------   ----   ----   ----   ----   ----   ------  
  L1        8cy     3cy    9cy    3cy    3cy    3cy    23cy
  L2        8cy     3cy    9cy    3cy    3cy    3cy    23cy
  L3        8cy     3cy    9cy    3cy    3cy    3cy    23cy
  L4        8cy     3cy    9cy    3cy    3cy    3cy    23cy
  L5        8cy     3cy    9cy    3cy    3cy    3cy    23cy
  L6        8cy     3cy    9cy    3cy    3cy    3cy    23cy
  L7        8cy     3cy    9cy    3cy    3cy    3cy    23cy
  L8        8cy     3cy    9cy    3cy    3cy    3cy    23cy
  L9        8cy     3cy    9cy    3cy    3cy    3cy    23cy
  L10       8cy     3cy    9cy    3cy    3cy    3cy    23cy
  L11       8cy     3cy    9cy    3cy    3cy    3cy    23cy
  L12       8cy     3cy    9cy    3cy    3cy    3cy    23cy

  Total layer processing: 276 cycles across 12 sequential layer passes

  [MEDUSA]     3 draft token predictions (3 cycles)
    Predicted tokens: [29, 59, 89]

================================================================
  12-LAYER INFERENCE EMULATION RESULTS (ALL measured)
================================================================

  STAGE                    CYCLES    TIME @100MHz
  -----                    ------    ------------
  Embedding Lookup            2 cy      20 ns
  12x Transformer Layers    276 cy    2760 ns
    Per-layer average        23 cy     230 ns
  MEDUSA Prediction           3 cy      30 ns
  -----------------------------------------
  TOTAL INFERENCE           358 cy    3580 ns

  Throughput:
    Single token:    358 cycles = 3580 ns = 3.580 us
    Tokens/second:   ~279329 (100 MHz FPGA)
    MEDUSA draft:    3 tokens predicted ΓåÆ effective 837988 tok/s

  DATA TRANSFORMATION PROOF:
    Input:  Token ID 13 ΓåÆ emb = [800, 840, 880, 920, ...]
    After L1:  [84, 1152, -731, 3780, ...]
    After L6:  [256, -1106, -4605, 3780, ...]
    After L12: [-1039, 385, -4606, 3780, ...]
    Output:    Token predictions = [29, 59, 89]

  HARDWARE USED:
    Multipliers:     0 (BitNet ternary)
    KV heads:        2 shared (vs 4 in standard)
    KV precision:    4-bit (INT4 quantized)
    Activations:     8-bit compressed
    Position enc:    Hardware RoPE
    Draft decoding:  MEDUSA 3-head

[PASS] Test 1: Embedding produced non-zero vector
[PASS] Test 2: All 12 layers completed (276 total cycles)
[PASS] Test 3: Data transforms across layers (L0 != L1 != L12)
[PASS] Test 4: MEDUSA produced 3 draft token predictions
[PASS] Test 5: Total inference = 358 cycles (reasonable for 12-layer model)

================================================================
  12-Layer Inference Emulation Tests: 5 / 5 PASSED
================================================================
TB_RESULT pass=5 fail=0
D:\Projects\BitbyBit\custom_gpu_project\tb\integration\full_model_inference_tb.v:445: $finish called at 5860000 (1ps)

Compiling demo_full_model_imprint_w3_r24 ...
Running demo_full_model_imprint_w3_r24 ...

================================================================
  MINI IMPRINT 12-LAYER INFERENCE EMULATION
  Architecture: hardwired embedding + 12x fixed-latency mini core
  Pipeline: Imprint Embedding -> 12x Mini Core -> MEDUSA
  Clock: 100 MHz | ALL numbers from simulation
================================================================

  [Embedding]  Token 13 -> imprint vector (1 cycle)
    emb_out[0:3] = [800, 840, 880, 920]

  Layer  Total   
  -----  ------  
  L1        8cy
  L2        8cy
  L3        8cy
  L4        8cy
  L5        8cy
  L6        8cy
  L7        8cy
  L8        8cy
  L9        8cy
  L10       8cy
  L11       8cy
  L12       8cy

  [MEDUSA]     3 draft token predictions (3 cycles)
    Predicted tokens: [199, 143, 87]

================================================================
  MINI IMPRINT INFERENCE RESULTS (ALL measured)
================================================================

  STAGE                    CYCLES    TIME @100MHz
  -----                    ------    ------------
  Imprint Embedding           1 cy      10 ns
  12x Mini Core Layers       96 cy     960 ns
    Per-layer average         8 cy      80 ns
  MEDUSA Prediction           3 cy      30 ns
  -----------------------------------------
  TOTAL INFERENCE           112 cy    1120 ns

  Throughput:
    Single token:    112 cycles = 1120 ns = 1.120 us
    Tokens/second:   ~892857 (100 MHz FPGA)
    MEDUSA draft:    3 tokens predicted -> effective 2678571 tok/s

[PASS] Test 1: MINI imprint embedding active and non-zero
[PASS] Test 2: 12 layers completed at fixed 8-cycle latency
[PASS] Test 3: Data transformed across layers
[PASS] Test 4: MEDUSA produced predictions
[PASS] Test 5: Total inference cycles in expected range

================================================================
  MINI Imprint Inference Tests: 5 / 5 PASSED
================================================================
D:\Projects\BitbyBit\custom_gpu_project\tb\integration\full_model_inference_imprint_tb.v:349: $finish called at 1460000 (1ps)
Running paired compare workload 3/20, pass 25/25 (measured) [token=13, pos=7]...

Compiling demo_full_model_base_w3_r25 ...
Running demo_full_model_base_w3_r25 ...

================================================================
  GPT-2 12-LAYER INFERENCE EMULATION
  Architecture: 12 transformer layers, 8-dim, 4Q/2KV heads
  Pipeline: Embedding ΓåÆ 12├ù reused [RoPEΓåÆGQAΓåÆSMΓåÆGELUΓåÆKVQΓåÆComp] ΓåÆ MEDUSA
  Clock: 100 MHz | ALL numbers from simulation
================================================================

--- Loading Model Weights ---
  Loaded: 16 token embeddings x 8 dims
  Loaded: 8 position embeddings x 8 dims
  Loaded: 3 MEDUSA head weights x 8 dims

================================================================
  INFERENCE: Token ID = 13, Position = 7
================================================================

  [Embedding]  Token 5 ΓåÆ embedding vector (2 cycle)
    emb_out[0:3] = [800, 840, 880, 920]
    emb_out[4:7] = [960, 1000, 1040, 1080]

  Layer  RoPE     GQA    SM     GELU   KVQ    Comp   Total   
  -----  ------   ----   ----   ----   ----   ----   ------  
  L1        8cy     3cy    9cy    3cy    3cy    3cy    23cy
  L2        8cy     3cy    9cy    3cy    3cy    3cy    23cy
  L3        8cy     3cy    9cy    3cy    3cy    3cy    23cy
  L4        8cy     3cy    9cy    3cy    3cy    3cy    23cy
  L5        8cy     3cy    9cy    3cy    3cy    3cy    23cy
  L6        8cy     3cy    9cy    3cy    3cy    3cy    23cy
  L7        8cy     3cy    9cy    3cy    3cy    3cy    23cy
  L8        8cy     3cy    9cy    3cy    3cy    3cy    23cy
  L9        8cy     3cy    9cy    3cy    3cy    3cy    23cy
  L10       8cy     3cy    9cy    3cy    3cy    3cy    23cy
  L11       8cy     3cy    9cy    3cy    3cy    3cy    23cy
  L12       8cy     3cy    9cy    3cy    3cy    3cy    23cy

  Total layer processing: 276 cycles across 12 sequential layer passes

  [MEDUSA]     3 draft token predictions (3 cycles)
    Predicted tokens: [29, 59, 89]

================================================================
  12-LAYER INFERENCE EMULATION RESULTS (ALL measured)
================================================================

  STAGE                    CYCLES    TIME @100MHz
  -----                    ------    ------------
  Embedding Lookup            2 cy      20 ns
  12x Transformer Layers    276 cy    2760 ns
    Per-layer average        23 cy     230 ns
  MEDUSA Prediction           3 cy      30 ns
  -----------------------------------------
  TOTAL INFERENCE           358 cy    3580 ns

  Throughput:
    Single token:    358 cycles = 3580 ns = 3.580 us
    Tokens/second:   ~279329 (100 MHz FPGA)
    MEDUSA draft:    3 tokens predicted ΓåÆ effective 837988 tok/s

  DATA TRANSFORMATION PROOF:
    Input:  Token ID 13 ΓåÆ emb = [800, 840, 880, 920, ...]
    After L1:  [84, 1152, -731, 3780, ...]
    After L6:  [256, -1106, -4605, 3780, ...]
    After L12: [-1039, 385, -4606, 3780, ...]
    Output:    Token predictions = [29, 59, 89]

  HARDWARE USED:
    Multipliers:     0 (BitNet ternary)
    KV heads:        2 shared (vs 4 in standard)
    KV precision:    4-bit (INT4 quantized)
    Activations:     8-bit compressed
    Position enc:    Hardware RoPE
    Draft decoding:  MEDUSA 3-head

[PASS] Test 1: Embedding produced non-zero vector
[PASS] Test 2: All 12 layers completed (276 total cycles)
[PASS] Test 3: Data transforms across layers (L0 != L1 != L12)
[PASS] Test 4: MEDUSA produced 3 draft token predictions
[PASS] Test 5: Total inference = 358 cycles (reasonable for 12-layer model)

================================================================
  12-Layer Inference Emulation Tests: 5 / 5 PASSED
================================================================
TB_RESULT pass=5 fail=0
D:\Projects\BitbyBit\custom_gpu_project\tb\integration\full_model_inference_tb.v:445: $finish called at 5860000 (1ps)

Compiling demo_full_model_imprint_w3_r25 ...
Running demo_full_model_imprint_w3_r25 ...

================================================================
  MINI IMPRINT 12-LAYER INFERENCE EMULATION
  Architecture: hardwired embedding + 12x fixed-latency mini core
  Pipeline: Imprint Embedding -> 12x Mini Core -> MEDUSA
  Clock: 100 MHz | ALL numbers from simulation
================================================================

  [Embedding]  Token 13 -> imprint vector (1 cycle)
    emb_out[0:3] = [800, 840, 880, 920]

  Layer  Total   
  -----  ------  
  L1        8cy
  L2        8cy
  L3        8cy
  L4        8cy
  L5        8cy
  L6        8cy
  L7        8cy
  L8        8cy
  L9        8cy
  L10       8cy
  L11       8cy
  L12       8cy

  [MEDUSA]     3 draft token predictions (3 cycles)
    Predicted tokens: [199, 143, 87]

================================================================
  MINI IMPRINT INFERENCE RESULTS (ALL measured)
================================================================

  STAGE                    CYCLES    TIME @100MHz
  -----                    ------    ------------
  Imprint Embedding           1 cy      10 ns
  12x Mini Core Layers       96 cy     960 ns
    Per-layer average         8 cy      80 ns
  MEDUSA Prediction           3 cy      30 ns
  -----------------------------------------
  TOTAL INFERENCE           112 cy    1120 ns

  Throughput:
    Single token:    112 cycles = 1120 ns = 1.120 us
    Tokens/second:   ~892857 (100 MHz FPGA)
    MEDUSA draft:    3 tokens predicted -> effective 2678571 tok/s

[PASS] Test 1: MINI imprint embedding active and non-zero
[PASS] Test 2: 12 layers completed at fixed 8-cycle latency
[PASS] Test 3: Data transformed across layers
[PASS] Test 4: MEDUSA produced predictions
[PASS] Test 5: Total inference cycles in expected range

================================================================
  MINI Imprint Inference Tests: 5 / 5 PASSED
================================================================
D:\Projects\BitbyBit\custom_gpu_project\tb\integration\full_model_inference_imprint_tb.v:349: $finish called at 1460000 (1ps)
Running paired compare workload 4/20, pass 1/25 (warmup) [token=11, pos=3]...

Compiling demo_full_model_base_w4_r1 ...
Running demo_full_model_base_w4_r1 ...

================================================================
  GPT-2 12-LAYER INFERENCE EMULATION
  Architecture: 12 transformer layers, 8-dim, 4Q/2KV heads
  Pipeline: Embedding ΓåÆ 12├ù reused [RoPEΓåÆGQAΓåÆSMΓåÆGELUΓåÆKVQΓåÆComp] ΓåÆ MEDUSA
  Clock: 100 MHz | ALL numbers from simulation
================================================================

--- Loading Model Weights ---
  Loaded: 16 token embeddings x 8 dims
  Loaded: 8 position embeddings x 8 dims
  Loaded: 3 MEDUSA head weights x 8 dims

================================================================
  INFERENCE: Token ID = 11, Position = 3
================================================================

  [Embedding]  Token 5 ΓåÆ embedding vector (2 cycle)
    emb_out[0:3] = [620, 660, 700, 740]
    emb_out[4:7] = [780, 820, 860, 900]

  Layer  RoPE     GQA    SM     GELU   KVQ    Comp   Total   
  -----  ------   ----   ----   ----   ----   ----   ------  
  L1        8cy     3cy    9cy    3cy    3cy    3cy    23cy
  L2        8cy     3cy    9cy    3cy    3cy    3cy    23cy
  L3        8cy     3cy    9cy    3cy    3cy    3cy    23cy
  L4        8cy     3cy    9cy    3cy    3cy    3cy    23cy
  L5        8cy     3cy    9cy    3cy    3cy    3cy    23cy
  L6        8cy     3cy    9cy    3cy    3cy    3cy    23cy
  L7        8cy     3cy    9cy    3cy    3cy    3cy    23cy
  L8        8cy     3cy    9cy    3cy    3cy    3cy    23cy
  L9        8cy     3cy    9cy    3cy    3cy    3cy    23cy
  L10       8cy     3cy    9cy    3cy    3cy    3cy    23cy
  L11       8cy     3cy    9cy    3cy    3cy    3cy    23cy
  L12       8cy     3cy    9cy    3cy    3cy    3cy    23cy

  Total layer processing: 276 cycles across 12 sequential layer passes

  [MEDUSA]     3 draft token predictions (3 cycles)
    Predicted tokens: [148, 40, 188]

================================================================
  12-LAYER INFERENCE EMULATION RESULTS (ALL measured)
================================================================

  STAGE                    CYCLES    TIME @100MHz
  -----                    ------    ------------
  Embedding Lookup            2 cy      20 ns
  12x Transformer Layers    276 cy    2760 ns
    Per-layer average        23 cy     230 ns
  MEDUSA Prediction           3 cy      30 ns
  -----------------------------------------
  TOTAL INFERENCE           358 cy    3580 ns

  Throughput:
    Single token:    358 cycles = 3580 ns = 3.580 us
    Tokens/second:   ~279329 (100 MHz FPGA)
    MEDUSA draft:    3 tokens predicted ΓåÆ effective 837988 tok/s

  DATA TRANSFORMATION PROOF:
    Input:  Token ID 11 ΓåÆ emb = [620, 660, 700, 740, ...]
    After L1:  [402, 810, 169, 3780, ...]
    After L6:  [-764, 480, -2360, 3780, ...]
    After L12: [-328, -843, -3904, 0, ...]
    Output:    Token predictions = [148, 40, 188]

  HARDWARE USED:
    Multipliers:     0 (BitNet ternary)
    KV heads:        2 shared (vs 4 in standard)
    KV precision:    4-bit (INT4 quantized)
    Activations:     8-bit compressed
    Position enc:    Hardware RoPE
    Draft decoding:  MEDUSA 3-head

[PASS] Test 1: Embedding produced non-zero vector
[PASS] Test 2: All 12 layers completed (276 total cycles)
[PASS] Test 3: Data transforms across layers (L0 != L1 != L12)
[PASS] Test 4: MEDUSA produced 3 draft token predictions
[PASS] Test 5: Total inference = 358 cycles (reasonable for 12-layer model)

================================================================
  12-Layer Inference Emulation Tests: 5 / 5 PASSED
================================================================
TB_RESULT pass=5 fail=0
D:\Projects\BitbyBit\custom_gpu_project\tb\integration\full_model_inference_tb.v:445: $finish called at 5860000 (1ps)

Compiling demo_full_model_imprint_w4_r1 ...
Running demo_full_model_imprint_w4_r1 ...

================================================================
  MINI IMPRINT 12-LAYER INFERENCE EMULATION
  Architecture: hardwired embedding + 12x fixed-latency mini core
  Pipeline: Imprint Embedding -> 12x Mini Core -> MEDUSA
  Clock: 100 MHz | ALL numbers from simulation
================================================================

  [Embedding]  Token 11 -> imprint vector (1 cycle)
    emb_out[0:3] = [620, 660, 700, 740]

  Layer  Total   
  -----  ------  
  L1        8cy
  L2        8cy
  L3        8cy
  L4        8cy
  L5        8cy
  L6        8cy
  L7        8cy
  L8        8cy
  L9        8cy
  L10       8cy
  L11       8cy
  L12       8cy

  [MEDUSA]     3 draft token predictions (3 cycles)
    Predicted tokens: [29, 58, 88]

================================================================
  MINI IMPRINT INFERENCE RESULTS (ALL measured)
================================================================

  STAGE                    CYCLES    TIME @100MHz
  -----                    ------    ------------
  Imprint Embedding           1 cy      10 ns
  12x Mini Core Layers       96 cy     960 ns
    Per-layer average         8 cy      80 ns
  MEDUSA Prediction           3 cy      30 ns
  -----------------------------------------
  TOTAL INFERENCE           112 cy    1120 ns

  Throughput:
    Single token:    112 cycles = 1120 ns = 1.120 us
    Tokens/second:   ~892857 (100 MHz FPGA)
    MEDUSA draft:    3 tokens predicted -> effective 2678571 tok/s

[PASS] Test 1: MINI imprint embedding active and non-zero
[PASS] Test 2: 12 layers completed at fixed 8-cycle latency
[PASS] Test 3: Data transformed across layers
[PASS] Test 4: MEDUSA produced predictions
[PASS] Test 5: Total inference cycles in expected range

================================================================
  MINI Imprint Inference Tests: 5 / 5 PASSED
================================================================
D:\Projects\BitbyBit\custom_gpu_project\tb\integration\full_model_inference_imprint_tb.v:349: $finish called at 1460000 (1ps)
Running paired compare workload 4/20, pass 2/25 (warmup) [token=11, pos=3]...

Compiling demo_full_model_base_w4_r2 ...
Running demo_full_model_base_w4_r2 ...

================================================================
  GPT-2 12-LAYER INFERENCE EMULATION
  Architecture: 12 transformer layers, 8-dim, 4Q/2KV heads
  Pipeline: Embedding ΓåÆ 12├ù reused [RoPEΓåÆGQAΓåÆSMΓåÆGELUΓåÆKVQΓåÆComp] ΓåÆ MEDUSA
  Clock: 100 MHz | ALL numbers from simulation
================================================================

--- Loading Model Weights ---
  Loaded: 16 token embeddings x 8 dims
  Loaded: 8 position embeddings x 8 dims
  Loaded: 3 MEDUSA head weights x 8 dims

================================================================
  INFERENCE: Token ID = 11, Position = 3
================================================================

  [Embedding]  Token 5 ΓåÆ embedding vector (2 cycle)
    emb_out[0:3] = [620, 660, 700, 740]
    emb_out[4:7] = [780, 820, 860, 900]

  Layer  RoPE     GQA    SM     GELU   KVQ    Comp   Total   
  -----  ------   ----   ----   ----   ----   ----   ------  
  L1        8cy     3cy    9cy    3cy    3cy    3cy    23cy
  L2        8cy     3cy    9cy    3cy    3cy    3cy    23cy
  L3        8cy     3cy    9cy    3cy    3cy    3cy    23cy
  L4        8cy     3cy    9cy    3cy    3cy    3cy    23cy
  L5        8cy     3cy    9cy    3cy    3cy    3cy    23cy
  L6        8cy     3cy    9cy    3cy    3cy    3cy    23cy
  L7        8cy     3cy    9cy    3cy    3cy    3cy    23cy
  L8        8cy     3cy    9cy    3cy    3cy    3cy    23cy
  L9        8cy     3cy    9cy    3cy    3cy    3cy    23cy
  L10       8cy     3cy    9cy    3cy    3cy    3cy    23cy
  L11       8cy     3cy    9cy    3cy    3cy    3cy    23cy
  L12       8cy     3cy    9cy    3cy    3cy    3cy    23cy

  Total layer processing: 276 cycles across 12 sequential layer passes

  [MEDUSA]     3 draft token predictions (3 cycles)
    Predicted tokens: [148, 40, 188]

================================================================
  12-LAYER INFERENCE EMULATION RESULTS (ALL measured)
================================================================

  STAGE                    CYCLES    TIME @100MHz
  -----                    ------    ------------
  Embedding Lookup            2 cy      20 ns
  12x Transformer Layers    276 cy    2760 ns
    Per-layer average        23 cy     230 ns
  MEDUSA Prediction           3 cy      30 ns
  -----------------------------------------
  TOTAL INFERENCE           358 cy    3580 ns

  Throughput:
    Single token:    358 cycles = 3580 ns = 3.580 us
    Tokens/second:   ~279329 (100 MHz FPGA)
    MEDUSA draft:    3 tokens predicted ΓåÆ effective 837988 tok/s

  DATA TRANSFORMATION PROOF:
    Input:  Token ID 11 ΓåÆ emb = [620, 660, 700, 740, ...]
    After L1:  [402, 810, 169, 3780, ...]
    After L6:  [-764, 480, -2360, 3780, ...]
    After L12: [-328, -843, -3904, 0, ...]
    Output:    Token predictions = [148, 40, 188]

  HARDWARE USED:
    Multipliers:     0 (BitNet ternary)
    KV heads:        2 shared (vs 4 in standard)
    KV precision:    4-bit (INT4 quantized)
    Activations:     8-bit compressed
    Position enc:    Hardware RoPE
    Draft decoding:  MEDUSA 3-head

[PASS] Test 1: Embedding produced non-zero vector
[PASS] Test 2: All 12 layers completed (276 total cycles)
[PASS] Test 3: Data transforms across layers (L0 != L1 != L12)
[PASS] Test 4: MEDUSA produced 3 draft token predictions
[PASS] Test 5: Total inference = 358 cycles (reasonable for 12-layer model)

================================================================
  12-Layer Inference Emulation Tests: 5 / 5 PASSED
================================================================
TB_RESULT pass=5 fail=0
D:\Projects\BitbyBit\custom_gpu_project\tb\integration\full_model_inference_tb.v:445: $finish called at 5860000 (1ps)

Compiling demo_full_model_imprint_w4_r2 ...
Running demo_full_model_imprint_w4_r2 ...

================================================================
  MINI IMPRINT 12-LAYER INFERENCE EMULATION
  Architecture: hardwired embedding + 12x fixed-latency mini core
  Pipeline: Imprint Embedding -> 12x Mini Core -> MEDUSA
  Clock: 100 MHz | ALL numbers from simulation
================================================================

  [Embedding]  Token 11 -> imprint vector (1 cycle)
    emb_out[0:3] = [620, 660, 700, 740]

  Layer  Total   
  -----  ------  
  L1        8cy
  L2        8cy
  L3        8cy
  L4        8cy
  L5        8cy
  L6        8cy
  L7        8cy
  L8        8cy
  L9        8cy
  L10       8cy
  L11       8cy
  L12       8cy

  [MEDUSA]     3 draft token predictions (3 cycles)
    Predicted tokens: [29, 58, 88]

================================================================
  MINI IMPRINT INFERENCE RESULTS (ALL measured)
================================================================

  STAGE                    CYCLES    TIME @100MHz
  -----                    ------    ------------
  Imprint Embedding           1 cy      10 ns
  12x Mini Core Layers       96 cy     960 ns
    Per-layer average         8 cy      80 ns
  MEDUSA Prediction           3 cy      30 ns
  -----------------------------------------
  TOTAL INFERENCE           112 cy    1120 ns

  Throughput:
    Single token:    112 cycles = 1120 ns = 1.120 us
    Tokens/second:   ~892857 (100 MHz FPGA)
    MEDUSA draft:    3 tokens predicted -> effective 2678571 tok/s

[PASS] Test 1: MINI imprint embedding active and non-zero
[PASS] Test 2: 12 layers completed at fixed 8-cycle latency
[PASS] Test 3: Data transformed across layers
[PASS] Test 4: MEDUSA produced predictions
[PASS] Test 5: Total inference cycles in expected range

================================================================
  MINI Imprint Inference Tests: 5 / 5 PASSED
================================================================
D:\Projects\BitbyBit\custom_gpu_project\tb\integration\full_model_inference_imprint_tb.v:349: $finish called at 1460000 (1ps)
Running paired compare workload 4/20, pass 3/25 (warmup) [token=11, pos=3]...

Compiling demo_full_model_base_w4_r3 ...
Running demo_full_model_base_w4_r3 ...

================================================================
  GPT-2 12-LAYER INFERENCE EMULATION
  Architecture: 12 transformer layers, 8-dim, 4Q/2KV heads
  Pipeline: Embedding ΓåÆ 12├ù reused [RoPEΓåÆGQAΓåÆSMΓåÆGELUΓåÆKVQΓåÆComp] ΓåÆ MEDUSA
  Clock: 100 MHz | ALL numbers from simulation
================================================================

--- Loading Model Weights ---
  Loaded: 16 token embeddings x 8 dims
  Loaded: 8 position embeddings x 8 dims
  Loaded: 3 MEDUSA head weights x 8 dims

================================================================
  INFERENCE: Token ID = 11, Position = 3
================================================================

  [Embedding]  Token 5 ΓåÆ embedding vector (2 cycle)
    emb_out[0:3] = [620, 660, 700, 740]
    emb_out[4:7] = [780, 820, 860, 900]

  Layer  RoPE     GQA    SM     GELU   KVQ    Comp   Total   
  -----  ------   ----   ----   ----   ----   ----   ------  
  L1        8cy     3cy    9cy    3cy    3cy    3cy    23cy
  L2        8cy     3cy    9cy    3cy    3cy    3cy    23cy
  L3        8cy     3cy    9cy    3cy    3cy    3cy    23cy
  L4        8cy     3cy    9cy    3cy    3cy    3cy    23cy
  L5        8cy     3cy    9cy    3cy    3cy    3cy    23cy
  L6        8cy     3cy    9cy    3cy    3cy    3cy    23cy
  L7        8cy     3cy    9cy    3cy    3cy    3cy    23cy
  L8        8cy     3cy    9cy    3cy    3cy    3cy    23cy
  L9        8cy     3cy    9cy    3cy    3cy    3cy    23cy
  L10       8cy     3cy    9cy    3cy    3cy    3cy    23cy
  L11       8cy     3cy    9cy    3cy    3cy    3cy    23cy
  L12       8cy     3cy    9cy    3cy    3cy    3cy    23cy

  Total layer processing: 276 cycles across 12 sequential layer passes

  [MEDUSA]     3 draft token predictions (3 cycles)
    Predicted tokens: [148, 40, 188]

================================================================
  12-LAYER INFERENCE EMULATION RESULTS (ALL measured)
================================================================

  STAGE                    CYCLES    TIME @100MHz
  -----                    ------    ------------
  Embedding Lookup            2 cy      20 ns
  12x Transformer Layers    276 cy    2760 ns
    Per-layer average        23 cy     230 ns
  MEDUSA Prediction           3 cy      30 ns
  -----------------------------------------
  TOTAL INFERENCE           358 cy    3580 ns

  Throughput:
    Single token:    358 cycles = 3580 ns = 3.580 us
    Tokens/second:   ~279329 (100 MHz FPGA)
    MEDUSA draft:    3 tokens predicted ΓåÆ effective 837988 tok/s

  DATA TRANSFORMATION PROOF:
    Input:  Token ID 11 ΓåÆ emb = [620, 660, 700, 740, ...]
    After L1:  [402, 810, 169, 3780, ...]
    After L6:  [-764, 480, -2360, 3780, ...]
    After L12: [-328, -843, -3904, 0, ...]
    Output:    Token predictions = [148, 40, 188]

  HARDWARE USED:
    Multipliers:     0 (BitNet ternary)
    KV heads:        2 shared (vs 4 in standard)
    KV precision:    4-bit (INT4 quantized)
    Activations:     8-bit compressed
    Position enc:    Hardware RoPE
    Draft decoding:  MEDUSA 3-head

[PASS] Test 1: Embedding produced non-zero vector
[PASS] Test 2: All 12 layers completed (276 total cycles)
[PASS] Test 3: Data transforms across layers (L0 != L1 != L12)
[PASS] Test 4: MEDUSA produced 3 draft token predictions
[PASS] Test 5: Total inference = 358 cycles (reasonable for 12-layer model)

================================================================
  12-Layer Inference Emulation Tests: 5 / 5 PASSED
================================================================
TB_RESULT pass=5 fail=0
D:\Projects\BitbyBit\custom_gpu_project\tb\integration\full_model_inference_tb.v:445: $finish called at 5860000 (1ps)

Compiling demo_full_model_imprint_w4_r3 ...
Running demo_full_model_imprint_w4_r3 ...

================================================================
  MINI IMPRINT 12-LAYER INFERENCE EMULATION
  Architecture: hardwired embedding + 12x fixed-latency mini core
  Pipeline: Imprint Embedding -> 12x Mini Core -> MEDUSA
  Clock: 100 MHz | ALL numbers from simulation
================================================================

  [Embedding]  Token 11 -> imprint vector (1 cycle)
    emb_out[0:3] = [620, 660, 700, 740]

  Layer  Total   
  -----  ------  
  L1        8cy
  L2        8cy
  L3        8cy
  L4        8cy
  L5        8cy
  L6        8cy
  L7        8cy
  L8        8cy
  L9        8cy
  L10       8cy
  L11       8cy
  L12       8cy

  [MEDUSA]     3 draft token predictions (3 cycles)
    Predicted tokens: [29, 58, 88]

================================================================
  MINI IMPRINT INFERENCE RESULTS (ALL measured)
================================================================

  STAGE                    CYCLES    TIME @100MHz
  -----                    ------    ------------
  Imprint Embedding           1 cy      10 ns
  12x Mini Core Layers       96 cy     960 ns
    Per-layer average         8 cy      80 ns
  MEDUSA Prediction           3 cy      30 ns
  -----------------------------------------
  TOTAL INFERENCE           112 cy    1120 ns

  Throughput:
    Single token:    112 cycles = 1120 ns = 1.120 us
    Tokens/second:   ~892857 (100 MHz FPGA)
    MEDUSA draft:    3 tokens predicted -> effective 2678571 tok/s

[PASS] Test 1: MINI imprint embedding active and non-zero
[PASS] Test 2: 12 layers completed at fixed 8-cycle latency
[PASS] Test 3: Data transformed across layers
[PASS] Test 4: MEDUSA produced predictions
[PASS] Test 5: Total inference cycles in expected range

================================================================
  MINI Imprint Inference Tests: 5 / 5 PASSED
================================================================
D:\Projects\BitbyBit\custom_gpu_project\tb\integration\full_model_inference_imprint_tb.v:349: $finish called at 1460000 (1ps)
Running paired compare workload 4/20, pass 4/25 (warmup) [token=11, pos=3]...

Compiling demo_full_model_base_w4_r4 ...
Running demo_full_model_base_w4_r4 ...

================================================================
  GPT-2 12-LAYER INFERENCE EMULATION
  Architecture: 12 transformer layers, 8-dim, 4Q/2KV heads
  Pipeline: Embedding ΓåÆ 12├ù reused [RoPEΓåÆGQAΓåÆSMΓåÆGELUΓåÆKVQΓåÆComp] ΓåÆ MEDUSA
  Clock: 100 MHz | ALL numbers from simulation
================================================================

--- Loading Model Weights ---
  Loaded: 16 token embeddings x 8 dims
  Loaded: 8 position embeddings x 8 dims
  Loaded: 3 MEDUSA head weights x 8 dims

================================================================
  INFERENCE: Token ID = 11, Position = 3
================================================================

  [Embedding]  Token 5 ΓåÆ embedding vector (2 cycle)
    emb_out[0:3] = [620, 660, 700, 740]
    emb_out[4:7] = [780, 820, 860, 900]

  Layer  RoPE     GQA    SM     GELU   KVQ    Comp   Total   
  -----  ------   ----   ----   ----   ----   ----   ------  
  L1        8cy     3cy    9cy    3cy    3cy    3cy    23cy
  L2        8cy     3cy    9cy    3cy    3cy    3cy    23cy
  L3        8cy     3cy    9cy    3cy    3cy    3cy    23cy
  L4        8cy     3cy    9cy    3cy    3cy    3cy    23cy
  L5        8cy     3cy    9cy    3cy    3cy    3cy    23cy
  L6        8cy     3cy    9cy    3cy    3cy    3cy    23cy
  L7        8cy     3cy    9cy    3cy    3cy    3cy    23cy
  L8        8cy     3cy    9cy    3cy    3cy    3cy    23cy
  L9        8cy     3cy    9cy    3cy    3cy    3cy    23cy
  L10       8cy     3cy    9cy    3cy    3cy    3cy    23cy
  L11       8cy     3cy    9cy    3cy    3cy    3cy    23cy
  L12       8cy     3cy    9cy    3cy    3cy    3cy    23cy

  Total layer processing: 276 cycles across 12 sequential layer passes

  [MEDUSA]     3 draft token predictions (3 cycles)
    Predicted tokens: [148, 40, 188]

================================================================
  12-LAYER INFERENCE EMULATION RESULTS (ALL measured)
================================================================

  STAGE                    CYCLES    TIME @100MHz
  -----                    ------    ------------
  Embedding Lookup            2 cy      20 ns
  12x Transformer Layers    276 cy    2760 ns
    Per-layer average        23 cy     230 ns
  MEDUSA Prediction           3 cy      30 ns
  -----------------------------------------
  TOTAL INFERENCE           358 cy    3580 ns

  Throughput:
    Single token:    358 cycles = 3580 ns = 3.580 us
    Tokens/second:   ~279329 (100 MHz FPGA)
    MEDUSA draft:    3 tokens predicted ΓåÆ effective 837988 tok/s

  DATA TRANSFORMATION PROOF:
    Input:  Token ID 11 ΓåÆ emb = [620, 660, 700, 740, ...]
    After L1:  [402, 810, 169, 3780, ...]
    After L6:  [-764, 480, -2360, 3780, ...]
    After L12: [-328, -843, -3904, 0, ...]
    Output:    Token predictions = [148, 40, 188]

  HARDWARE USED:
    Multipliers:     0 (BitNet ternary)
    KV heads:        2 shared (vs 4 in standard)
    KV precision:    4-bit (INT4 quantized)
    Activations:     8-bit compressed
    Position enc:    Hardware RoPE
    Draft decoding:  MEDUSA 3-head

[PASS] Test 1: Embedding produced non-zero vector
[PASS] Test 2: All 12 layers completed (276 total cycles)
[PASS] Test 3: Data transforms across layers (L0 != L1 != L12)
[PASS] Test 4: MEDUSA produced 3 draft token predictions
[PASS] Test 5: Total inference = 358 cycles (reasonable for 12-layer model)

================================================================
  12-Layer Inference Emulation Tests: 5 / 5 PASSED
================================================================
TB_RESULT pass=5 fail=0
D:\Projects\BitbyBit\custom_gpu_project\tb\integration\full_model_inference_tb.v:445: $finish called at 5860000 (1ps)

Compiling demo_full_model_imprint_w4_r4 ...
Running demo_full_model_imprint_w4_r4 ...

================================================================
  MINI IMPRINT 12-LAYER INFERENCE EMULATION
  Architecture: hardwired embedding + 12x fixed-latency mini core
  Pipeline: Imprint Embedding -> 12x Mini Core -> MEDUSA
  Clock: 100 MHz | ALL numbers from simulation
================================================================

  [Embedding]  Token 11 -> imprint vector (1 cycle)
    emb_out[0:3] = [620, 660, 700, 740]

  Layer  Total   
  -----  ------  
  L1        8cy
  L2        8cy
  L3        8cy
  L4        8cy
  L5        8cy
  L6        8cy
  L7        8cy
  L8        8cy
  L9        8cy
  L10       8cy
  L11       8cy
  L12       8cy

  [MEDUSA]     3 draft token predictions (3 cycles)
    Predicted tokens: [29, 58, 88]

================================================================
  MINI IMPRINT INFERENCE RESULTS (ALL measured)
================================================================

  STAGE                    CYCLES    TIME @100MHz
  -----                    ------    ------------
  Imprint Embedding           1 cy      10 ns
  12x Mini Core Layers       96 cy     960 ns
    Per-layer average         8 cy      80 ns
  MEDUSA Prediction           3 cy      30 ns
  -----------------------------------------
  TOTAL INFERENCE           112 cy    1120 ns

  Throughput:
    Single token:    112 cycles = 1120 ns = 1.120 us
    Tokens/second:   ~892857 (100 MHz FPGA)
    MEDUSA draft:    3 tokens predicted -> effective 2678571 tok/s

[PASS] Test 1: MINI imprint embedding active and non-zero
[PASS] Test 2: 12 layers completed at fixed 8-cycle latency
[PASS] Test 3: Data transformed across layers
[PASS] Test 4: MEDUSA produced predictions
[PASS] Test 5: Total inference cycles in expected range

================================================================
  MINI Imprint Inference Tests: 5 / 5 PASSED
================================================================
D:\Projects\BitbyBit\custom_gpu_project\tb\integration\full_model_inference_imprint_tb.v:349: $finish called at 1460000 (1ps)
Running paired compare workload 4/20, pass 5/25 (warmup) [token=11, pos=3]...

Compiling demo_full_model_base_w4_r5 ...
Running demo_full_model_base_w4_r5 ...

================================================================
  GPT-2 12-LAYER INFERENCE EMULATION
  Architecture: 12 transformer layers, 8-dim, 4Q/2KV heads
  Pipeline: Embedding ΓåÆ 12├ù reused [RoPEΓåÆGQAΓåÆSMΓåÆGELUΓåÆKVQΓåÆComp] ΓåÆ MEDUSA
  Clock: 100 MHz | ALL numbers from simulation
================================================================

--- Loading Model Weights ---
  Loaded: 16 token embeddings x 8 dims
  Loaded: 8 position embeddings x 8 dims
  Loaded: 3 MEDUSA head weights x 8 dims

================================================================
  INFERENCE: Token ID = 11, Position = 3
================================================================

  [Embedding]  Token 5 ΓåÆ embedding vector (2 cycle)
    emb_out[0:3] = [620, 660, 700, 740]
    emb_out[4:7] = [780, 820, 860, 900]

  Layer  RoPE     GQA    SM     GELU   KVQ    Comp   Total   
  -----  ------   ----   ----   ----   ----   ----   ------  
  L1        8cy     3cy    9cy    3cy    3cy    3cy    23cy
  L2        8cy     3cy    9cy    3cy    3cy    3cy    23cy
  L3        8cy     3cy    9cy    3cy    3cy    3cy    23cy
  L4        8cy     3cy    9cy    3cy    3cy    3cy    23cy
  L5        8cy     3cy    9cy    3cy    3cy    3cy    23cy
  L6        8cy     3cy    9cy    3cy    3cy    3cy    23cy
  L7        8cy     3cy    9cy    3cy    3cy    3cy    23cy
  L8        8cy     3cy    9cy    3cy    3cy    3cy    23cy
  L9        8cy     3cy    9cy    3cy    3cy    3cy    23cy
  L10       8cy     3cy    9cy    3cy    3cy    3cy    23cy
  L11       8cy     3cy    9cy    3cy    3cy    3cy    23cy
  L12       8cy     3cy    9cy    3cy    3cy    3cy    23cy

  Total layer processing: 276 cycles across 12 sequential layer passes

  [MEDUSA]     3 draft token predictions (3 cycles)
    Predicted tokens: [148, 40, 188]

================================================================
  12-LAYER INFERENCE EMULATION RESULTS (ALL measured)
================================================================

  STAGE                    CYCLES    TIME @100MHz
  -----                    ------    ------------
  Embedding Lookup            2 cy      20 ns
  12x Transformer Layers    276 cy    2760 ns
    Per-layer average        23 cy     230 ns
  MEDUSA Prediction           3 cy      30 ns
  -----------------------------------------
  TOTAL INFERENCE           358 cy    3580 ns

  Throughput:
    Single token:    358 cycles = 3580 ns = 3.580 us
    Tokens/second:   ~279329 (100 MHz FPGA)
    MEDUSA draft:    3 tokens predicted ΓåÆ effective 837988 tok/s

  DATA TRANSFORMATION PROOF:
    Input:  Token ID 11 ΓåÆ emb = [620, 660, 700, 740, ...]
    After L1:  [402, 810, 169, 3780, ...]
    After L6:  [-764, 480, -2360, 3780, ...]
    After L12: [-328, -843, -3904, 0, ...]
    Output:    Token predictions = [148, 40, 188]

  HARDWARE USED:
    Multipliers:     0 (BitNet ternary)
    KV heads:        2 shared (vs 4 in standard)
    KV precision:    4-bit (INT4 quantized)
    Activations:     8-bit compressed
    Position enc:    Hardware RoPE
    Draft decoding:  MEDUSA 3-head

[PASS] Test 1: Embedding produced non-zero vector
[PASS] Test 2: All 12 layers completed (276 total cycles)
[PASS] Test 3: Data transforms across layers (L0 != L1 != L12)
[PASS] Test 4: MEDUSA produced 3 draft token predictions
[PASS] Test 5: Total inference = 358 cycles (reasonable for 12-layer model)

================================================================
  12-Layer Inference Emulation Tests: 5 / 5 PASSED
================================================================
TB_RESULT pass=5 fail=0
D:\Projects\BitbyBit\custom_gpu_project\tb\integration\full_model_inference_tb.v:445: $finish called at 5860000 (1ps)

Compiling demo_full_model_imprint_w4_r5 ...
Running demo_full_model_imprint_w4_r5 ...

================================================================
  MINI IMPRINT 12-LAYER INFERENCE EMULATION
  Architecture: hardwired embedding + 12x fixed-latency mini core
  Pipeline: Imprint Embedding -> 12x Mini Core -> MEDUSA
  Clock: 100 MHz | ALL numbers from simulation
================================================================

  [Embedding]  Token 11 -> imprint vector (1 cycle)
    emb_out[0:3] = [620, 660, 700, 740]

  Layer  Total   
  -----  ------  
  L1        8cy
  L2        8cy
  L3        8cy
  L4        8cy
  L5        8cy
  L6        8cy
  L7        8cy
  L8        8cy
  L9        8cy
  L10       8cy
  L11       8cy
  L12       8cy

  [MEDUSA]     3 draft token predictions (3 cycles)
    Predicted tokens: [29, 58, 88]

================================================================
  MINI IMPRINT INFERENCE RESULTS (ALL measured)
================================================================

  STAGE                    CYCLES    TIME @100MHz
  -----                    ------    ------------
  Imprint Embedding           1 cy      10 ns
  12x Mini Core Layers       96 cy     960 ns
    Per-layer average         8 cy      80 ns
  MEDUSA Prediction           3 cy      30 ns
  -----------------------------------------
  TOTAL INFERENCE           112 cy    1120 ns

  Throughput:
    Single token:    112 cycles = 1120 ns = 1.120 us
    Tokens/second:   ~892857 (100 MHz FPGA)
    MEDUSA draft:    3 tokens predicted -> effective 2678571 tok/s

[PASS] Test 1: MINI imprint embedding active and non-zero
[PASS] Test 2: 12 layers completed at fixed 8-cycle latency
[PASS] Test 3: Data transformed across layers
[PASS] Test 4: MEDUSA produced predictions
[PASS] Test 5: Total inference cycles in expected range

================================================================
  MINI Imprint Inference Tests: 5 / 5 PASSED
================================================================
D:\Projects\BitbyBit\custom_gpu_project\tb\integration\full_model_inference_imprint_tb.v:349: $finish called at 1460000 (1ps)
Running paired compare workload 4/20, pass 6/25 (measured) [token=11, pos=3]...

Compiling demo_full_model_base_w4_r6 ...
Running demo_full_model_base_w4_r6 ...

================================================================
  GPT-2 12-LAYER INFERENCE EMULATION
  Architecture: 12 transformer layers, 8-dim, 4Q/2KV heads
  Pipeline: Embedding ΓåÆ 12├ù reused [RoPEΓåÆGQAΓåÆSMΓåÆGELUΓåÆKVQΓåÆComp] ΓåÆ MEDUSA
  Clock: 100 MHz | ALL numbers from simulation
================================================================

--- Loading Model Weights ---
  Loaded: 16 token embeddings x 8 dims
  Loaded: 8 position embeddings x 8 dims
  Loaded: 3 MEDUSA head weights x 8 dims

================================================================
  INFERENCE: Token ID = 11, Position = 3
================================================================

  [Embedding]  Token 5 ΓåÆ embedding vector (2 cycle)
    emb_out[0:3] = [620, 660, 700, 740]
    emb_out[4:7] = [780, 820, 860, 900]

  Layer  RoPE     GQA    SM     GELU   KVQ    Comp   Total   
  -----  ------   ----   ----   ----   ----   ----   ------  
  L1        8cy     3cy    9cy    3cy    3cy    3cy    23cy
  L2        8cy     3cy    9cy    3cy    3cy    3cy    23cy
  L3        8cy     3cy    9cy    3cy    3cy    3cy    23cy
  L4        8cy     3cy    9cy    3cy    3cy    3cy    23cy
  L5        8cy     3cy    9cy    3cy    3cy    3cy    23cy
  L6        8cy     3cy    9cy    3cy    3cy    3cy    23cy
  L7        8cy     3cy    9cy    3cy    3cy    3cy    23cy
  L8        8cy     3cy    9cy    3cy    3cy    3cy    23cy
  L9        8cy     3cy    9cy    3cy    3cy    3cy    23cy
  L10       8cy     3cy    9cy    3cy    3cy    3cy    23cy
  L11       8cy     3cy    9cy    3cy    3cy    3cy    23cy
  L12       8cy     3cy    9cy    3cy    3cy    3cy    23cy

  Total layer processing: 276 cycles across 12 sequential layer passes

  [MEDUSA]     3 draft token predictions (3 cycles)
    Predicted tokens: [148, 40, 188]

================================================================
  12-LAYER INFERENCE EMULATION RESULTS (ALL measured)
================================================================

  STAGE                    CYCLES    TIME @100MHz
  -----                    ------    ------------
  Embedding Lookup            2 cy      20 ns
  12x Transformer Layers    276 cy    2760 ns
    Per-layer average        23 cy     230 ns
  MEDUSA Prediction           3 cy      30 ns
  -----------------------------------------
  TOTAL INFERENCE           358 cy    3580 ns

  Throughput:
    Single token:    358 cycles = 3580 ns = 3.580 us
    Tokens/second:   ~279329 (100 MHz FPGA)
    MEDUSA draft:    3 tokens predicted ΓåÆ effective 837988 tok/s

  DATA TRANSFORMATION PROOF:
    Input:  Token ID 11 ΓåÆ emb = [620, 660, 700, 740, ...]
    After L1:  [402, 810, 169, 3780, ...]
    After L6:  [-764, 480, -2360, 3780, ...]
    After L12: [-328, -843, -3904, 0, ...]
    Output:    Token predictions = [148, 40, 188]

  HARDWARE USED:
    Multipliers:     0 (BitNet ternary)
    KV heads:        2 shared (vs 4 in standard)
    KV precision:    4-bit (INT4 quantized)
    Activations:     8-bit compressed
    Position enc:    Hardware RoPE
    Draft decoding:  MEDUSA 3-head

[PASS] Test 1: Embedding produced non-zero vector
[PASS] Test 2: All 12 layers completed (276 total cycles)
[PASS] Test 3: Data transforms across layers (L0 != L1 != L12)
[PASS] Test 4: MEDUSA produced 3 draft token predictions
[PASS] Test 5: Total inference = 358 cycles (reasonable for 12-layer model)

================================================================
  12-Layer Inference Emulation Tests: 5 / 5 PASSED
================================================================
TB_RESULT pass=5 fail=0
D:\Projects\BitbyBit\custom_gpu_project\tb\integration\full_model_inference_tb.v:445: $finish called at 5860000 (1ps)

Compiling demo_full_model_imprint_w4_r6 ...
Running demo_full_model_imprint_w4_r6 ...

================================================================
  MINI IMPRINT 12-LAYER INFERENCE EMULATION
  Architecture: hardwired embedding + 12x fixed-latency mini core
  Pipeline: Imprint Embedding -> 12x Mini Core -> MEDUSA
  Clock: 100 MHz | ALL numbers from simulation
================================================================

  [Embedding]  Token 11 -> imprint vector (1 cycle)
    emb_out[0:3] = [620, 660, 700, 740]

  Layer  Total   
  -----  ------  
  L1        8cy
  L2        8cy
  L3        8cy
  L4        8cy
  L5        8cy
  L6        8cy
  L7        8cy
  L8        8cy
  L9        8cy
  L10       8cy
  L11       8cy
  L12       8cy

  [MEDUSA]     3 draft token predictions (3 cycles)
    Predicted tokens: [29, 58, 88]

================================================================
  MINI IMPRINT INFERENCE RESULTS (ALL measured)
================================================================

  STAGE                    CYCLES    TIME @100MHz
  -----                    ------    ------------
  Imprint Embedding           1 cy      10 ns
  12x Mini Core Layers       96 cy     960 ns
    Per-layer average         8 cy      80 ns
  MEDUSA Prediction           3 cy      30 ns
  -----------------------------------------
  TOTAL INFERENCE           112 cy    1120 ns

  Throughput:
    Single token:    112 cycles = 1120 ns = 1.120 us
    Tokens/second:   ~892857 (100 MHz FPGA)
    MEDUSA draft:    3 tokens predicted -> effective 2678571 tok/s

[PASS] Test 1: MINI imprint embedding active and non-zero
[PASS] Test 2: 12 layers completed at fixed 8-cycle latency
[PASS] Test 3: Data transformed across layers
[PASS] Test 4: MEDUSA produced predictions
[PASS] Test 5: Total inference cycles in expected range

================================================================
  MINI Imprint Inference Tests: 5 / 5 PASSED
================================================================
D:\Projects\BitbyBit\custom_gpu_project\tb\integration\full_model_inference_imprint_tb.v:349: $finish called at 1460000 (1ps)
Running paired compare workload 4/20, pass 7/25 (measured) [token=11, pos=3]...

Compiling demo_full_model_base_w4_r7 ...
Running demo_full_model_base_w4_r7 ...

================================================================
  GPT-2 12-LAYER INFERENCE EMULATION
  Architecture: 12 transformer layers, 8-dim, 4Q/2KV heads
  Pipeline: Embedding ΓåÆ 12├ù reused [RoPEΓåÆGQAΓåÆSMΓåÆGELUΓåÆKVQΓåÆComp] ΓåÆ MEDUSA
  Clock: 100 MHz | ALL numbers from simulation
================================================================

--- Loading Model Weights ---
  Loaded: 16 token embeddings x 8 dims
  Loaded: 8 position embeddings x 8 dims
  Loaded: 3 MEDUSA head weights x 8 dims

================================================================
  INFERENCE: Token ID = 11, Position = 3
================================================================

  [Embedding]  Token 5 ΓåÆ embedding vector (2 cycle)
    emb_out[0:3] = [620, 660, 700, 740]
    emb_out[4:7] = [780, 820, 860, 900]

  Layer  RoPE     GQA    SM     GELU   KVQ    Comp   Total   
  -----  ------   ----   ----   ----   ----   ----   ------  
  L1        8cy     3cy    9cy    3cy    3cy    3cy    23cy
  L2        8cy     3cy    9cy    3cy    3cy    3cy    23cy
  L3        8cy     3cy    9cy    3cy    3cy    3cy    23cy
  L4        8cy     3cy    9cy    3cy    3cy    3cy    23cy
  L5        8cy     3cy    9cy    3cy    3cy    3cy    23cy
  L6        8cy     3cy    9cy    3cy    3cy    3cy    23cy
  L7        8cy     3cy    9cy    3cy    3cy    3cy    23cy
  L8        8cy     3cy    9cy    3cy    3cy    3cy    23cy
  L9        8cy     3cy    9cy    3cy    3cy    3cy    23cy
  L10       8cy     3cy    9cy    3cy    3cy    3cy    23cy
  L11       8cy     3cy    9cy    3cy    3cy    3cy    23cy
  L12       8cy     3cy    9cy    3cy    3cy    3cy    23cy

  Total layer processing: 276 cycles across 12 sequential layer passes

  [MEDUSA]     3 draft token predictions (3 cycles)
    Predicted tokens: [148, 40, 188]

================================================================
  12-LAYER INFERENCE EMULATION RESULTS (ALL measured)
================================================================

  STAGE                    CYCLES    TIME @100MHz
  -----                    ------    ------------
  Embedding Lookup            2 cy      20 ns
  12x Transformer Layers    276 cy    2760 ns
    Per-layer average        23 cy     230 ns
  MEDUSA Prediction           3 cy      30 ns
  -----------------------------------------
  TOTAL INFERENCE           358 cy    3580 ns

  Throughput:
    Single token:    358 cycles = 3580 ns = 3.580 us
    Tokens/second:   ~279329 (100 MHz FPGA)
    MEDUSA draft:    3 tokens predicted ΓåÆ effective 837988 tok/s

  DATA TRANSFORMATION PROOF:
    Input:  Token ID 11 ΓåÆ emb = [620, 660, 700, 740, ...]
    After L1:  [402, 810, 169, 3780, ...]
    After L6:  [-764, 480, -2360, 3780, ...]
    After L12: [-328, -843, -3904, 0, ...]
    Output:    Token predictions = [148, 40, 188]

  HARDWARE USED:
    Multipliers:     0 (BitNet ternary)
    KV heads:        2 shared (vs 4 in standard)
    KV precision:    4-bit (INT4 quantized)
    Activations:     8-bit compressed
    Position enc:    Hardware RoPE
    Draft decoding:  MEDUSA 3-head

[PASS] Test 1: Embedding produced non-zero vector
[PASS] Test 2: All 12 layers completed (276 total cycles)
[PASS] Test 3: Data transforms across layers (L0 != L1 != L12)
[PASS] Test 4: MEDUSA produced 3 draft token predictions
[PASS] Test 5: Total inference = 358 cycles (reasonable for 12-layer model)

================================================================
  12-Layer Inference Emulation Tests: 5 / 5 PASSED
================================================================
TB_RESULT pass=5 fail=0
D:\Projects\BitbyBit\custom_gpu_project\tb\integration\full_model_inference_tb.v:445: $finish called at 5860000 (1ps)

Compiling demo_full_model_imprint_w4_r7 ...
Running demo_full_model_imprint_w4_r7 ...

================================================================
  MINI IMPRINT 12-LAYER INFERENCE EMULATION
  Architecture: hardwired embedding + 12x fixed-latency mini core
  Pipeline: Imprint Embedding -> 12x Mini Core -> MEDUSA
  Clock: 100 MHz | ALL numbers from simulation
================================================================

  [Embedding]  Token 11 -> imprint vector (1 cycle)
    emb_out[0:3] = [620, 660, 700, 740]

  Layer  Total   
  -----  ------  
  L1        8cy
  L2        8cy
  L3        8cy
  L4        8cy
  L5        8cy
  L6        8cy
  L7        8cy
  L8        8cy
  L9        8cy
  L10       8cy
  L11       8cy
  L12       8cy

  [MEDUSA]     3 draft token predictions (3 cycles)
    Predicted tokens: [29, 58, 88]

================================================================
  MINI IMPRINT INFERENCE RESULTS (ALL measured)
================================================================

  STAGE                    CYCLES    TIME @100MHz
  -----                    ------    ------------
  Imprint Embedding           1 cy      10 ns
  12x Mini Core Layers       96 cy     960 ns
    Per-layer average         8 cy      80 ns
  MEDUSA Prediction           3 cy      30 ns
  -----------------------------------------
  TOTAL INFERENCE           112 cy    1120 ns

  Throughput:
    Single token:    112 cycles = 1120 ns = 1.120 us
    Tokens/second:   ~892857 (100 MHz FPGA)
    MEDUSA draft:    3 tokens predicted -> effective 2678571 tok/s

[PASS] Test 1: MINI imprint embedding active and non-zero
[PASS] Test 2: 12 layers completed at fixed 8-cycle latency
[PASS] Test 3: Data transformed across layers
[PASS] Test 4: MEDUSA produced predictions
[PASS] Test 5: Total inference cycles in expected range

================================================================
  MINI Imprint Inference Tests: 5 / 5 PASSED
================================================================
D:\Projects\BitbyBit\custom_gpu_project\tb\integration\full_model_inference_imprint_tb.v:349: $finish called at 1460000 (1ps)
Running paired compare workload 4/20, pass 8/25 (measured) [token=11, pos=3]...

Compiling demo_full_model_base_w4_r8 ...
Running demo_full_model_base_w4_r8 ...

================================================================
  GPT-2 12-LAYER INFERENCE EMULATION
  Architecture: 12 transformer layers, 8-dim, 4Q/2KV heads
  Pipeline: Embedding ΓåÆ 12├ù reused [RoPEΓåÆGQAΓåÆSMΓåÆGELUΓåÆKVQΓåÆComp] ΓåÆ MEDUSA
  Clock: 100 MHz | ALL numbers from simulation
================================================================

--- Loading Model Weights ---
  Loaded: 16 token embeddings x 8 dims
  Loaded: 8 position embeddings x 8 dims
  Loaded: 3 MEDUSA head weights x 8 dims

================================================================
  INFERENCE: Token ID = 11, Position = 3
================================================================

  [Embedding]  Token 5 ΓåÆ embedding vector (2 cycle)
    emb_out[0:3] = [620, 660, 700, 740]
    emb_out[4:7] = [780, 820, 860, 900]

  Layer  RoPE     GQA    SM     GELU   KVQ    Comp   Total   
  -----  ------   ----   ----   ----   ----   ----   ------  
  L1        8cy     3cy    9cy    3cy    3cy    3cy    23cy
  L2        8cy     3cy    9cy    3cy    3cy    3cy    23cy
  L3        8cy     3cy    9cy    3cy    3cy    3cy    23cy
  L4        8cy     3cy    9cy    3cy    3cy    3cy    23cy
  L5        8cy     3cy    9cy    3cy    3cy    3cy    23cy
  L6        8cy     3cy    9cy    3cy    3cy    3cy    23cy
  L7        8cy     3cy    9cy    3cy    3cy    3cy    23cy
  L8        8cy     3cy    9cy    3cy    3cy    3cy    23cy
  L9        8cy     3cy    9cy    3cy    3cy    3cy    23cy
  L10       8cy     3cy    9cy    3cy    3cy    3cy    23cy
  L11       8cy     3cy    9cy    3cy    3cy    3cy    23cy
  L12       8cy     3cy    9cy    3cy    3cy    3cy    23cy

  Total layer processing: 276 cycles across 12 sequential layer passes

  [MEDUSA]     3 draft token predictions (3 cycles)
    Predicted tokens: [148, 40, 188]

================================================================
  12-LAYER INFERENCE EMULATION RESULTS (ALL measured)
================================================================

  STAGE                    CYCLES    TIME @100MHz
  -----                    ------    ------------
  Embedding Lookup            2 cy      20 ns
  12x Transformer Layers    276 cy    2760 ns
    Per-layer average        23 cy     230 ns
  MEDUSA Prediction           3 cy      30 ns
  -----------------------------------------
  TOTAL INFERENCE           358 cy    3580 ns

  Throughput:
    Single token:    358 cycles = 3580 ns = 3.580 us
    Tokens/second:   ~279329 (100 MHz FPGA)
    MEDUSA draft:    3 tokens predicted ΓåÆ effective 837988 tok/s

  DATA TRANSFORMATION PROOF:
    Input:  Token ID 11 ΓåÆ emb = [620, 660, 700, 740, ...]
    After L1:  [402, 810, 169, 3780, ...]
    After L6:  [-764, 480, -2360, 3780, ...]
    After L12: [-328, -843, -3904, 0, ...]
    Output:    Token predictions = [148, 40, 188]

  HARDWARE USED:
    Multipliers:     0 (BitNet ternary)
    KV heads:        2 shared (vs 4 in standard)
    KV precision:    4-bit (INT4 quantized)
    Activations:     8-bit compressed
    Position enc:    Hardware RoPE
    Draft decoding:  MEDUSA 3-head

[PASS] Test 1: Embedding produced non-zero vector
[PASS] Test 2: All 12 layers completed (276 total cycles)
[PASS] Test 3: Data transforms across layers (L0 != L1 != L12)
[PASS] Test 4: MEDUSA produced 3 draft token predictions
[PASS] Test 5: Total inference = 358 cycles (reasonable for 12-layer model)

================================================================
  12-Layer Inference Emulation Tests: 5 / 5 PASSED
================================================================
TB_RESULT pass=5 fail=0
D:\Projects\BitbyBit\custom_gpu_project\tb\integration\full_model_inference_tb.v:445: $finish called at 5860000 (1ps)

Compiling demo_full_model_imprint_w4_r8 ...
Running demo_full_model_imprint_w4_r8 ...

================================================================
  MINI IMPRINT 12-LAYER INFERENCE EMULATION
  Architecture: hardwired embedding + 12x fixed-latency mini core
  Pipeline: Imprint Embedding -> 12x Mini Core -> MEDUSA
  Clock: 100 MHz | ALL numbers from simulation
================================================================

  [Embedding]  Token 11 -> imprint vector (1 cycle)
    emb_out[0:3] = [620, 660, 700, 740]

  Layer  Total   
  -----  ------  
  L1        8cy
  L2        8cy
  L3        8cy
  L4        8cy
  L5        8cy
  L6        8cy
  L7        8cy
  L8        8cy
  L9        8cy
  L10       8cy
  L11       8cy
  L12       8cy

  [MEDUSA]     3 draft token predictions (3 cycles)
    Predicted tokens: [29, 58, 88]

================================================================
  MINI IMPRINT INFERENCE RESULTS (ALL measured)
================================================================

  STAGE                    CYCLES    TIME @100MHz
  -----                    ------    ------------
  Imprint Embedding           1 cy      10 ns
  12x Mini Core Layers       96 cy     960 ns
    Per-layer average         8 cy      80 ns
  MEDUSA Prediction           3 cy      30 ns
  -----------------------------------------
  TOTAL INFERENCE           112 cy    1120 ns

  Throughput:
    Single token:    112 cycles = 1120 ns = 1.120 us
    Tokens/second:   ~892857 (100 MHz FPGA)
    MEDUSA draft:    3 tokens predicted -> effective 2678571 tok/s

[PASS] Test 1: MINI imprint embedding active and non-zero
[PASS] Test 2: 12 layers completed at fixed 8-cycle latency
[PASS] Test 3: Data transformed across layers
[PASS] Test 4: MEDUSA produced predictions
[PASS] Test 5: Total inference cycles in expected range

================================================================
  MINI Imprint Inference Tests: 5 / 5 PASSED
================================================================
D:\Projects\BitbyBit\custom_gpu_project\tb\integration\full_model_inference_imprint_tb.v:349: $finish called at 1460000 (1ps)
Running paired compare workload 4/20, pass 9/25 (measured) [token=11, pos=3]...

Compiling demo_full_model_base_w4_r9 ...
Running demo_full_model_base_w4_r9 ...

================================================================
  GPT-2 12-LAYER INFERENCE EMULATION
  Architecture: 12 transformer layers, 8-dim, 4Q/2KV heads
  Pipeline: Embedding ΓåÆ 12├ù reused [RoPEΓåÆGQAΓåÆSMΓåÆGELUΓåÆKVQΓåÆComp] ΓåÆ MEDUSA
  Clock: 100 MHz | ALL numbers from simulation
================================================================

--- Loading Model Weights ---
  Loaded: 16 token embeddings x 8 dims
  Loaded: 8 position embeddings x 8 dims
  Loaded: 3 MEDUSA head weights x 8 dims

================================================================
  INFERENCE: Token ID = 11, Position = 3
================================================================

  [Embedding]  Token 5 ΓåÆ embedding vector (2 cycle)
    emb_out[0:3] = [620, 660, 700, 740]
    emb_out[4:7] = [780, 820, 860, 900]

  Layer  RoPE     GQA    SM     GELU   KVQ    Comp   Total   
  -----  ------   ----   ----   ----   ----   ----   ------  
  L1        8cy     3cy    9cy    3cy    3cy    3cy    23cy
  L2        8cy     3cy    9cy    3cy    3cy    3cy    23cy
  L3        8cy     3cy    9cy    3cy    3cy    3cy    23cy
  L4        8cy     3cy    9cy    3cy    3cy    3cy    23cy
  L5        8cy     3cy    9cy    3cy    3cy    3cy    23cy
  L6        8cy     3cy    9cy    3cy    3cy    3cy    23cy
  L7        8cy     3cy    9cy    3cy    3cy    3cy    23cy
  L8        8cy     3cy    9cy    3cy    3cy    3cy    23cy
  L9        8cy     3cy    9cy    3cy    3cy    3cy    23cy
  L10       8cy     3cy    9cy    3cy    3cy    3cy    23cy
  L11       8cy     3cy    9cy    3cy    3cy    3cy    23cy
  L12       8cy     3cy    9cy    3cy    3cy    3cy    23cy

  Total layer processing: 276 cycles across 12 sequential layer passes

  [MEDUSA]     3 draft token predictions (3 cycles)
    Predicted tokens: [148, 40, 188]

================================================================
  12-LAYER INFERENCE EMULATION RESULTS (ALL measured)
================================================================

  STAGE                    CYCLES    TIME @100MHz
  -----                    ------    ------------
  Embedding Lookup            2 cy      20 ns
  12x Transformer Layers    276 cy    2760 ns
    Per-layer average        23 cy     230 ns
  MEDUSA Prediction           3 cy      30 ns
  -----------------------------------------
  TOTAL INFERENCE           358 cy    3580 ns

  Throughput:
    Single token:    358 cycles = 3580 ns = 3.580 us
    Tokens/second:   ~279329 (100 MHz FPGA)
    MEDUSA draft:    3 tokens predicted ΓåÆ effective 837988 tok/s

  DATA TRANSFORMATION PROOF:
    Input:  Token ID 11 ΓåÆ emb = [620, 660, 700, 740, ...]
    After L1:  [402, 810, 169, 3780, ...]
    After L6:  [-764, 480, -2360, 3780, ...]
    After L12: [-328, -843, -3904, 0, ...]
    Output:    Token predictions = [148, 40, 188]

  HARDWARE USED:
    Multipliers:     0 (BitNet ternary)
    KV heads:        2 shared (vs 4 in standard)
    KV precision:    4-bit (INT4 quantized)
    Activations:     8-bit compressed
    Position enc:    Hardware RoPE
    Draft decoding:  MEDUSA 3-head

[PASS] Test 1: Embedding produced non-zero vector
[PASS] Test 2: All 12 layers completed (276 total cycles)
[PASS] Test 3: Data transforms across layers (L0 != L1 != L12)
[PASS] Test 4: MEDUSA produced 3 draft token predictions
[PASS] Test 5: Total inference = 358 cycles (reasonable for 12-layer model)

================================================================
  12-Layer Inference Emulation Tests: 5 / 5 PASSED
================================================================
TB_RESULT pass=5 fail=0
D:\Projects\BitbyBit\custom_gpu_project\tb\integration\full_model_inference_tb.v:445: $finish called at 5860000 (1ps)

Compiling demo_full_model_imprint_w4_r9 ...
Running demo_full_model_imprint_w4_r9 ...

================================================================
  MINI IMPRINT 12-LAYER INFERENCE EMULATION
  Architecture: hardwired embedding + 12x fixed-latency mini core
  Pipeline: Imprint Embedding -> 12x Mini Core -> MEDUSA
  Clock: 100 MHz | ALL numbers from simulation
================================================================

  [Embedding]  Token 11 -> imprint vector (1 cycle)
    emb_out[0:3] = [620, 660, 700, 740]

  Layer  Total   
  -----  ------  
  L1        8cy
  L2        8cy
  L3        8cy
  L4        8cy
  L5        8cy
  L6        8cy
  L7        8cy
  L8        8cy
  L9        8cy
  L10       8cy
  L11       8cy
  L12       8cy

  [MEDUSA]     3 draft token predictions (3 cycles)
    Predicted tokens: [29, 58, 88]

================================================================
  MINI IMPRINT INFERENCE RESULTS (ALL measured)
================================================================

  STAGE                    CYCLES    TIME @100MHz
  -----                    ------    ------------
  Imprint Embedding           1 cy      10 ns
  12x Mini Core Layers       96 cy     960 ns
    Per-layer average         8 cy      80 ns
  MEDUSA Prediction           3 cy      30 ns
  -----------------------------------------
  TOTAL INFERENCE           112 cy    1120 ns

  Throughput:
    Single token:    112 cycles = 1120 ns = 1.120 us
    Tokens/second:   ~892857 (100 MHz FPGA)
    MEDUSA draft:    3 tokens predicted -> effective 2678571 tok/s

[PASS] Test 1: MINI imprint embedding active and non-zero
[PASS] Test 2: 12 layers completed at fixed 8-cycle latency
[PASS] Test 3: Data transformed across layers
[PASS] Test 4: MEDUSA produced predictions
[PASS] Test 5: Total inference cycles in expected range

================================================================
  MINI Imprint Inference Tests: 5 / 5 PASSED
================================================================
D:\Projects\BitbyBit\custom_gpu_project\tb\integration\full_model_inference_imprint_tb.v:349: $finish called at 1460000 (1ps)
Running paired compare workload 4/20, pass 10/25 (measured) [token=11, pos=3]...

Compiling demo_full_model_base_w4_r10 ...
Running demo_full_model_base_w4_r10 ...

================================================================
  GPT-2 12-LAYER INFERENCE EMULATION
  Architecture: 12 transformer layers, 8-dim, 4Q/2KV heads
  Pipeline: Embedding ΓåÆ 12├ù reused [RoPEΓåÆGQAΓåÆSMΓåÆGELUΓåÆKVQΓåÆComp] ΓåÆ MEDUSA
  Clock: 100 MHz | ALL numbers from simulation
================================================================

--- Loading Model Weights ---
  Loaded: 16 token embeddings x 8 dims
  Loaded: 8 position embeddings x 8 dims
  Loaded: 3 MEDUSA head weights x 8 dims

================================================================
  INFERENCE: Token ID = 11, Position = 3
================================================================

  [Embedding]  Token 5 ΓåÆ embedding vector (2 cycle)
    emb_out[0:3] = [620, 660, 700, 740]
    emb_out[4:7] = [780, 820, 860, 900]

  Layer  RoPE     GQA    SM     GELU   KVQ    Comp   Total   
  -----  ------   ----   ----   ----   ----   ----   ------  
  L1        8cy     3cy    9cy    3cy    3cy    3cy    23cy
  L2        8cy     3cy    9cy    3cy    3cy    3cy    23cy
  L3        8cy     3cy    9cy    3cy    3cy    3cy    23cy
  L4        8cy     3cy    9cy    3cy    3cy    3cy    23cy
  L5        8cy     3cy    9cy    3cy    3cy    3cy    23cy
  L6        8cy     3cy    9cy    3cy    3cy    3cy    23cy
  L7        8cy     3cy    9cy    3cy    3cy    3cy    23cy
  L8        8cy     3cy    9cy    3cy    3cy    3cy    23cy
  L9        8cy     3cy    9cy    3cy    3cy    3cy    23cy
  L10       8cy     3cy    9cy    3cy    3cy    3cy    23cy
  L11       8cy     3cy    9cy    3cy    3cy    3cy    23cy
  L12       8cy     3cy    9cy    3cy    3cy    3cy    23cy

  Total layer processing: 276 cycles across 12 sequential layer passes

  [MEDUSA]     3 draft token predictions (3 cycles)
    Predicted tokens: [148, 40, 188]

================================================================
  12-LAYER INFERENCE EMULATION RESULTS (ALL measured)
================================================================

  STAGE                    CYCLES    TIME @100MHz
  -----                    ------    ------------
  Embedding Lookup            2 cy      20 ns
  12x Transformer Layers    276 cy    2760 ns
    Per-layer average        23 cy     230 ns
  MEDUSA Prediction           3 cy      30 ns
  -----------------------------------------
  TOTAL INFERENCE           358 cy    3580 ns

  Throughput:
    Single token:    358 cycles = 3580 ns = 3.580 us
    Tokens/second:   ~279329 (100 MHz FPGA)
    MEDUSA draft:    3 tokens predicted ΓåÆ effective 837988 tok/s

  DATA TRANSFORMATION PROOF:
    Input:  Token ID 11 ΓåÆ emb = [620, 660, 700, 740, ...]
    After L1:  [402, 810, 169, 3780, ...]
    After L6:  [-764, 480, -2360, 3780, ...]
    After L12: [-328, -843, -3904, 0, ...]
    Output:    Token predictions = [148, 40, 188]

  HARDWARE USED:
    Multipliers:     0 (BitNet ternary)
    KV heads:        2 shared (vs 4 in standard)
    KV precision:    4-bit (INT4 quantized)
    Activations:     8-bit compressed
    Position enc:    Hardware RoPE
    Draft decoding:  MEDUSA 3-head

[PASS] Test 1: Embedding produced non-zero vector
[PASS] Test 2: All 12 layers completed (276 total cycles)
[PASS] Test 3: Data transforms across layers (L0 != L1 != L12)
[PASS] Test 4: MEDUSA produced 3 draft token predictions
[PASS] Test 5: Total inference = 358 cycles (reasonable for 12-layer model)

================================================================
  12-Layer Inference Emulation Tests: 5 / 5 PASSED
================================================================
TB_RESULT pass=5 fail=0
D:\Projects\BitbyBit\custom_gpu_project\tb\integration\full_model_inference_tb.v:445: $finish called at 5860000 (1ps)

Compiling demo_full_model_imprint_w4_r10 ...
Running demo_full_model_imprint_w4_r10 ...

================================================================
  MINI IMPRINT 12-LAYER INFERENCE EMULATION
  Architecture: hardwired embedding + 12x fixed-latency mini core
  Pipeline: Imprint Embedding -> 12x Mini Core -> MEDUSA
  Clock: 100 MHz | ALL numbers from simulation
================================================================

  [Embedding]  Token 11 -> imprint vector (1 cycle)
    emb_out[0:3] = [620, 660, 700, 740]

  Layer  Total   
  -----  ------  
  L1        8cy
  L2        8cy
  L3        8cy
  L4        8cy
  L5        8cy
  L6        8cy
  L7        8cy
  L8        8cy
  L9        8cy
  L10       8cy
  L11       8cy
  L12       8cy

  [MEDUSA]     3 draft token predictions (3 cycles)
    Predicted tokens: [29, 58, 88]

================================================================
  MINI IMPRINT INFERENCE RESULTS (ALL measured)
================================================================

  STAGE                    CYCLES    TIME @100MHz
  -----                    ------    ------------
  Imprint Embedding           1 cy      10 ns
  12x Mini Core Layers       96 cy     960 ns
    Per-layer average         8 cy      80 ns
  MEDUSA Prediction           3 cy      30 ns
  -----------------------------------------
  TOTAL INFERENCE           112 cy    1120 ns

  Throughput:
    Single token:    112 cycles = 1120 ns = 1.120 us
    Tokens/second:   ~892857 (100 MHz FPGA)
    MEDUSA draft:    3 tokens predicted -> effective 2678571 tok/s

[PASS] Test 1: MINI imprint embedding active and non-zero
[PASS] Test 2: 12 layers completed at fixed 8-cycle latency
[PASS] Test 3: Data transformed across layers
[PASS] Test 4: MEDUSA produced predictions
[PASS] Test 5: Total inference cycles in expected range

================================================================
  MINI Imprint Inference Tests: 5 / 5 PASSED
================================================================
D:\Projects\BitbyBit\custom_gpu_project\tb\integration\full_model_inference_imprint_tb.v:349: $finish called at 1460000 (1ps)
Running paired compare workload 4/20, pass 11/25 (measured) [token=11, pos=3]...

Compiling demo_full_model_base_w4_r11 ...
Running demo_full_model_base_w4_r11 ...

================================================================
  GPT-2 12-LAYER INFERENCE EMULATION
  Architecture: 12 transformer layers, 8-dim, 4Q/2KV heads
  Pipeline: Embedding ΓåÆ 12├ù reused [RoPEΓåÆGQAΓåÆSMΓåÆGELUΓåÆKVQΓåÆComp] ΓåÆ MEDUSA
  Clock: 100 MHz | ALL numbers from simulation
================================================================

--- Loading Model Weights ---
  Loaded: 16 token embeddings x 8 dims
  Loaded: 8 position embeddings x 8 dims
  Loaded: 3 MEDUSA head weights x 8 dims

================================================================
  INFERENCE: Token ID = 11, Position = 3
================================================================

  [Embedding]  Token 5 ΓåÆ embedding vector (2 cycle)
    emb_out[0:3] = [620, 660, 700, 740]
    emb_out[4:7] = [780, 820, 860, 900]

  Layer  RoPE     GQA    SM     GELU   KVQ    Comp   Total   
  -----  ------   ----   ----   ----   ----   ----   ------  
  L1        8cy     3cy    9cy    3cy    3cy    3cy    23cy
  L2        8cy     3cy    9cy    3cy    3cy    3cy    23cy
  L3        8cy     3cy    9cy    3cy    3cy    3cy    23cy
  L4        8cy     3cy    9cy    3cy    3cy    3cy    23cy
  L5        8cy     3cy    9cy    3cy    3cy    3cy    23cy
  L6        8cy     3cy    9cy    3cy    3cy    3cy    23cy
  L7        8cy     3cy    9cy    3cy    3cy    3cy    23cy
  L8        8cy     3cy    9cy    3cy    3cy    3cy    23cy
  L9        8cy     3cy    9cy    3cy    3cy    3cy    23cy
  L10       8cy     3cy    9cy    3cy    3cy    3cy    23cy
  L11       8cy     3cy    9cy    3cy    3cy    3cy    23cy
  L12       8cy     3cy    9cy    3cy    3cy    3cy    23cy

  Total layer processing: 276 cycles across 12 sequential layer passes

  [MEDUSA]     3 draft token predictions (3 cycles)
    Predicted tokens: [148, 40, 188]

================================================================
  12-LAYER INFERENCE EMULATION RESULTS (ALL measured)
================================================================

  STAGE                    CYCLES    TIME @100MHz
  -----                    ------    ------------
  Embedding Lookup            2 cy      20 ns
  12x Transformer Layers    276 cy    2760 ns
    Per-layer average        23 cy     230 ns
  MEDUSA Prediction           3 cy      30 ns
  -----------------------------------------
  TOTAL INFERENCE           358 cy    3580 ns

  Throughput:
    Single token:    358 cycles = 3580 ns = 3.580 us
    Tokens/second:   ~279329 (100 MHz FPGA)
    MEDUSA draft:    3 tokens predicted ΓåÆ effective 837988 tok/s

  DATA TRANSFORMATION PROOF:
    Input:  Token ID 11 ΓåÆ emb = [620, 660, 700, 740, ...]
    After L1:  [402, 810, 169, 3780, ...]
    After L6:  [-764, 480, -2360, 3780, ...]
    After L12: [-328, -843, -3904, 0, ...]
    Output:    Token predictions = [148, 40, 188]

  HARDWARE USED:
    Multipliers:     0 (BitNet ternary)
    KV heads:        2 shared (vs 4 in standard)
    KV precision:    4-bit (INT4 quantized)
    Activations:     8-bit compressed
    Position enc:    Hardware RoPE
    Draft decoding:  MEDUSA 3-head

[PASS] Test 1: Embedding produced non-zero vector
[PASS] Test 2: All 12 layers completed (276 total cycles)
[PASS] Test 3: Data transforms across layers (L0 != L1 != L12)
[PASS] Test 4: MEDUSA produced 3 draft token predictions
[PASS] Test 5: Total inference = 358 cycles (reasonable for 12-layer model)

================================================================
  12-Layer Inference Emulation Tests: 5 / 5 PASSED
================================================================
TB_RESULT pass=5 fail=0
D:\Projects\BitbyBit\custom_gpu_project\tb\integration\full_model_inference_tb.v:445: $finish called at 5860000 (1ps)

Compiling demo_full_model_imprint_w4_r11 ...
Running demo_full_model_imprint_w4_r11 ...

================================================================
  MINI IMPRINT 12-LAYER INFERENCE EMULATION
  Architecture: hardwired embedding + 12x fixed-latency mini core
  Pipeline: Imprint Embedding -> 12x Mini Core -> MEDUSA
  Clock: 100 MHz | ALL numbers from simulation
================================================================

  [Embedding]  Token 11 -> imprint vector (1 cycle)
    emb_out[0:3] = [620, 660, 700, 740]

  Layer  Total   
  -----  ------  
  L1        8cy
  L2        8cy
  L3        8cy
  L4        8cy
  L5        8cy
  L6        8cy
  L7        8cy
  L8        8cy
  L9        8cy
  L10       8cy
  L11       8cy
  L12       8cy

  [MEDUSA]     3 draft token predictions (3 cycles)
    Predicted tokens: [29, 58, 88]

================================================================
  MINI IMPRINT INFERENCE RESULTS (ALL measured)
================================================================

  STAGE                    CYCLES    TIME @100MHz
  -----                    ------    ------------
  Imprint Embedding           1 cy      10 ns
  12x Mini Core Layers       96 cy     960 ns
    Per-layer average         8 cy      80 ns
  MEDUSA Prediction           3 cy      30 ns
  -----------------------------------------
  TOTAL INFERENCE           112 cy    1120 ns

  Throughput:
    Single token:    112 cycles = 1120 ns = 1.120 us
    Tokens/second:   ~892857 (100 MHz FPGA)
    MEDUSA draft:    3 tokens predicted -> effective 2678571 tok/s

[PASS] Test 1: MINI imprint embedding active and non-zero
[PASS] Test 2: 12 layers completed at fixed 8-cycle latency
[PASS] Test 3: Data transformed across layers
[PASS] Test 4: MEDUSA produced predictions
[PASS] Test 5: Total inference cycles in expected range

================================================================
  MINI Imprint Inference Tests: 5 / 5 PASSED
================================================================
D:\Projects\BitbyBit\custom_gpu_project\tb\integration\full_model_inference_imprint_tb.v:349: $finish called at 1460000 (1ps)
Running paired compare workload 4/20, pass 12/25 (measured) [token=11, pos=3]...

Compiling demo_full_model_base_w4_r12 ...
Running demo_full_model_base_w4_r12 ...

================================================================
  GPT-2 12-LAYER INFERENCE EMULATION
  Architecture: 12 transformer layers, 8-dim, 4Q/2KV heads
  Pipeline: Embedding ΓåÆ 12├ù reused [RoPEΓåÆGQAΓåÆSMΓåÆGELUΓåÆKVQΓåÆComp] ΓåÆ MEDUSA
  Clock: 100 MHz | ALL numbers from simulation
================================================================

--- Loading Model Weights ---
  Loaded: 16 token embeddings x 8 dims
  Loaded: 8 position embeddings x 8 dims
  Loaded: 3 MEDUSA head weights x 8 dims

================================================================
  INFERENCE: Token ID = 11, Position = 3
================================================================

  [Embedding]  Token 5 ΓåÆ embedding vector (2 cycle)
    emb_out[0:3] = [620, 660, 700, 740]
    emb_out[4:7] = [780, 820, 860, 900]

  Layer  RoPE     GQA    SM     GELU   KVQ    Comp   Total   
  -----  ------   ----   ----   ----   ----   ----   ------  
  L1        8cy     3cy    9cy    3cy    3cy    3cy    23cy
  L2        8cy     3cy    9cy    3cy    3cy    3cy    23cy
  L3        8cy     3cy    9cy    3cy    3cy    3cy    23cy
  L4        8cy     3cy    9cy    3cy    3cy    3cy    23cy
  L5        8cy     3cy    9cy    3cy    3cy    3cy    23cy
  L6        8cy     3cy    9cy    3cy    3cy    3cy    23cy
  L7        8cy     3cy    9cy    3cy    3cy    3cy    23cy
  L8        8cy     3cy    9cy    3cy    3cy    3cy    23cy
  L9        8cy     3cy    9cy    3cy    3cy    3cy    23cy
  L10       8cy     3cy    9cy    3cy    3cy    3cy    23cy
  L11       8cy     3cy    9cy    3cy    3cy    3cy    23cy
  L12       8cy     3cy    9cy    3cy    3cy    3cy    23cy

  Total layer processing: 276 cycles across 12 sequential layer passes

  [MEDUSA]     3 draft token predictions (3 cycles)
    Predicted tokens: [148, 40, 188]

================================================================
  12-LAYER INFERENCE EMULATION RESULTS (ALL measured)
================================================================

  STAGE                    CYCLES    TIME @100MHz
  -----                    ------    ------------
  Embedding Lookup            2 cy      20 ns
  12x Transformer Layers    276 cy    2760 ns
    Per-layer average        23 cy     230 ns
  MEDUSA Prediction           3 cy      30 ns
  -----------------------------------------
  TOTAL INFERENCE           358 cy    3580 ns

  Throughput:
    Single token:    358 cycles = 3580 ns = 3.580 us
    Tokens/second:   ~279329 (100 MHz FPGA)
    MEDUSA draft:    3 tokens predicted ΓåÆ effective 837988 tok/s

  DATA TRANSFORMATION PROOF:
    Input:  Token ID 11 ΓåÆ emb = [620, 660, 700, 740, ...]
    After L1:  [402, 810, 169, 3780, ...]
    After L6:  [-764, 480, -2360, 3780, ...]
    After L12: [-328, -843, -3904, 0, ...]
    Output:    Token predictions = [148, 40, 188]

  HARDWARE USED:
    Multipliers:     0 (BitNet ternary)
    KV heads:        2 shared (vs 4 in standard)
    KV precision:    4-bit (INT4 quantized)
    Activations:     8-bit compressed
    Position enc:    Hardware RoPE
    Draft decoding:  MEDUSA 3-head

[PASS] Test 1: Embedding produced non-zero vector
[PASS] Test 2: All 12 layers completed (276 total cycles)
[PASS] Test 3: Data transforms across layers (L0 != L1 != L12)
[PASS] Test 4: MEDUSA produced 3 draft token predictions
[PASS] Test 5: Total inference = 358 cycles (reasonable for 12-layer model)

================================================================
  12-Layer Inference Emulation Tests: 5 / 5 PASSED
================================================================
TB_RESULT pass=5 fail=0
D:\Projects\BitbyBit\custom_gpu_project\tb\integration\full_model_inference_tb.v:445: $finish called at 5860000 (1ps)

Compiling demo_full_model_imprint_w4_r12 ...
Running demo_full_model_imprint_w4_r12 ...

================================================================
  MINI IMPRINT 12-LAYER INFERENCE EMULATION
  Architecture: hardwired embedding + 12x fixed-latency mini core
  Pipeline: Imprint Embedding -> 12x Mini Core -> MEDUSA
  Clock: 100 MHz | ALL numbers from simulation
================================================================

  [Embedding]  Token 11 -> imprint vector (1 cycle)
    emb_out[0:3] = [620, 660, 700, 740]

  Layer  Total   
  -----  ------  
  L1        8cy
  L2        8cy
  L3        8cy
  L4        8cy
  L5        8cy
  L6        8cy
  L7        8cy
  L8        8cy
  L9        8cy
  L10       8cy
  L11       8cy
  L12       8cy

  [MEDUSA]     3 draft token predictions (3 cycles)
    Predicted tokens: [29, 58, 88]

================================================================
  MINI IMPRINT INFERENCE RESULTS (ALL measured)
================================================================

  STAGE                    CYCLES    TIME @100MHz
  -----                    ------    ------------
  Imprint Embedding           1 cy      10 ns
  12x Mini Core Layers       96 cy     960 ns
    Per-layer average         8 cy      80 ns
  MEDUSA Prediction           3 cy      30 ns
  -----------------------------------------
  TOTAL INFERENCE           112 cy    1120 ns

  Throughput:
    Single token:    112 cycles = 1120 ns = 1.120 us
    Tokens/second:   ~892857 (100 MHz FPGA)
    MEDUSA draft:    3 tokens predicted -> effective 2678571 tok/s

[PASS] Test 1: MINI imprint embedding active and non-zero
[PASS] Test 2: 12 layers completed at fixed 8-cycle latency
[PASS] Test 3: Data transformed across layers
[PASS] Test 4: MEDUSA produced predictions
[PASS] Test 5: Total inference cycles in expected range

================================================================
  MINI Imprint Inference Tests: 5 / 5 PASSED
================================================================
D:\Projects\BitbyBit\custom_gpu_project\tb\integration\full_model_inference_imprint_tb.v:349: $finish called at 1460000 (1ps)
Running paired compare workload 4/20, pass 13/25 (measured) [token=11, pos=3]...

Compiling demo_full_model_base_w4_r13 ...
Running demo_full_model_base_w4_r13 ...

================================================================
  GPT-2 12-LAYER INFERENCE EMULATION
  Architecture: 12 transformer layers, 8-dim, 4Q/2KV heads
  Pipeline: Embedding ΓåÆ 12├ù reused [RoPEΓåÆGQAΓåÆSMΓåÆGELUΓåÆKVQΓåÆComp] ΓåÆ MEDUSA
  Clock: 100 MHz | ALL numbers from simulation
================================================================

--- Loading Model Weights ---
  Loaded: 16 token embeddings x 8 dims
  Loaded: 8 position embeddings x 8 dims
  Loaded: 3 MEDUSA head weights x 8 dims

================================================================
  INFERENCE: Token ID = 11, Position = 3
================================================================

  [Embedding]  Token 5 ΓåÆ embedding vector (2 cycle)
    emb_out[0:3] = [620, 660, 700, 740]
    emb_out[4:7] = [780, 820, 860, 900]

  Layer  RoPE     GQA    SM     GELU   KVQ    Comp   Total   
  -----  ------   ----   ----   ----   ----   ----   ------  
  L1        8cy     3cy    9cy    3cy    3cy    3cy    23cy
  L2        8cy     3cy    9cy    3cy    3cy    3cy    23cy
  L3        8cy     3cy    9cy    3cy    3cy    3cy    23cy
  L4        8cy     3cy    9cy    3cy    3cy    3cy    23cy
  L5        8cy     3cy    9cy    3cy    3cy    3cy    23cy
  L6        8cy     3cy    9cy    3cy    3cy    3cy    23cy
  L7        8cy     3cy    9cy    3cy    3cy    3cy    23cy
  L8        8cy     3cy    9cy    3cy    3cy    3cy    23cy
  L9        8cy     3cy    9cy    3cy    3cy    3cy    23cy
  L10       8cy     3cy    9cy    3cy    3cy    3cy    23cy
  L11       8cy     3cy    9cy    3cy    3cy    3cy    23cy
  L12       8cy     3cy    9cy    3cy    3cy    3cy    23cy

  Total layer processing: 276 cycles across 12 sequential layer passes

  [MEDUSA]     3 draft token predictions (3 cycles)
    Predicted tokens: [148, 40, 188]

================================================================
  12-LAYER INFERENCE EMULATION RESULTS (ALL measured)
================================================================

  STAGE                    CYCLES    TIME @100MHz
  -----                    ------    ------------
  Embedding Lookup            2 cy      20 ns
  12x Transformer Layers    276 cy    2760 ns
    Per-layer average        23 cy     230 ns
  MEDUSA Prediction           3 cy      30 ns
  -----------------------------------------
  TOTAL INFERENCE           358 cy    3580 ns

  Throughput:
    Single token:    358 cycles = 3580 ns = 3.580 us
    Tokens/second:   ~279329 (100 MHz FPGA)
    MEDUSA draft:    3 tokens predicted ΓåÆ effective 837988 tok/s

  DATA TRANSFORMATION PROOF:
    Input:  Token ID 11 ΓåÆ emb = [620, 660, 700, 740, ...]
    After L1:  [402, 810, 169, 3780, ...]
    After L6:  [-764, 480, -2360, 3780, ...]
    After L12: [-328, -843, -3904, 0, ...]
    Output:    Token predictions = [148, 40, 188]

  HARDWARE USED:
    Multipliers:     0 (BitNet ternary)
    KV heads:        2 shared (vs 4 in standard)
    KV precision:    4-bit (INT4 quantized)
    Activations:     8-bit compressed
    Position enc:    Hardware RoPE
    Draft decoding:  MEDUSA 3-head

[PASS] Test 1: Embedding produced non-zero vector
[PASS] Test 2: All 12 layers completed (276 total cycles)
[PASS] Test 3: Data transforms across layers (L0 != L1 != L12)
[PASS] Test 4: MEDUSA produced 3 draft token predictions
[PASS] Test 5: Total inference = 358 cycles (reasonable for 12-layer model)

================================================================
  12-Layer Inference Emulation Tests: 5 / 5 PASSED
================================================================
TB_RESULT pass=5 fail=0
D:\Projects\BitbyBit\custom_gpu_project\tb\integration\full_model_inference_tb.v:445: $finish called at 5860000 (1ps)

Compiling demo_full_model_imprint_w4_r13 ...
Running demo_full_model_imprint_w4_r13 ...

================================================================
  MINI IMPRINT 12-LAYER INFERENCE EMULATION
  Architecture: hardwired embedding + 12x fixed-latency mini core
  Pipeline: Imprint Embedding -> 12x Mini Core -> MEDUSA
  Clock: 100 MHz | ALL numbers from simulation
================================================================

  [Embedding]  Token 11 -> imprint vector (1 cycle)
    emb_out[0:3] = [620, 660, 700, 740]

  Layer  Total   
  -----  ------  
  L1        8cy
  L2        8cy
  L3        8cy
  L4        8cy
  L5        8cy
  L6        8cy
  L7        8cy
  L8        8cy
  L9        8cy
  L10       8cy
  L11       8cy
  L12       8cy

  [MEDUSA]     3 draft token predictions (3 cycles)
    Predicted tokens: [29, 58, 88]

================================================================
  MINI IMPRINT INFERENCE RESULTS (ALL measured)
================================================================

  STAGE                    CYCLES    TIME @100MHz
  -----                    ------    ------------
  Imprint Embedding           1 cy      10 ns
  12x Mini Core Layers       96 cy     960 ns
    Per-layer average         8 cy      80 ns
  MEDUSA Prediction           3 cy      30 ns
  -----------------------------------------
  TOTAL INFERENCE           112 cy    1120 ns

  Throughput:
    Single token:    112 cycles = 1120 ns = 1.120 us
    Tokens/second:   ~892857 (100 MHz FPGA)
    MEDUSA draft:    3 tokens predicted -> effective 2678571 tok/s

[PASS] Test 1: MINI imprint embedding active and non-zero
[PASS] Test 2: 12 layers completed at fixed 8-cycle latency
[PASS] Test 3: Data transformed across layers
[PASS] Test 4: MEDUSA produced predictions
[PASS] Test 5: Total inference cycles in expected range

================================================================
  MINI Imprint Inference Tests: 5 / 5 PASSED
================================================================
D:\Projects\BitbyBit\custom_gpu_project\tb\integration\full_model_inference_imprint_tb.v:349: $finish called at 1460000 (1ps)
Running paired compare workload 4/20, pass 14/25 (measured) [token=11, pos=3]...

Compiling demo_full_model_base_w4_r14 ...
Running demo_full_model_base_w4_r14 ...

================================================================
  GPT-2 12-LAYER INFERENCE EMULATION
  Architecture: 12 transformer layers, 8-dim, 4Q/2KV heads
  Pipeline: Embedding ΓåÆ 12├ù reused [RoPEΓåÆGQAΓåÆSMΓåÆGELUΓåÆKVQΓåÆComp] ΓåÆ MEDUSA
  Clock: 100 MHz | ALL numbers from simulation
================================================================

--- Loading Model Weights ---
  Loaded: 16 token embeddings x 8 dims
  Loaded: 8 position embeddings x 8 dims
  Loaded: 3 MEDUSA head weights x 8 dims

================================================================
  INFERENCE: Token ID = 11, Position = 3
================================================================

  [Embedding]  Token 5 ΓåÆ embedding vector (2 cycle)
    emb_out[0:3] = [620, 660, 700, 740]
    emb_out[4:7] = [780, 820, 860, 900]

  Layer  RoPE     GQA    SM     GELU   KVQ    Comp   Total   
  -----  ------   ----   ----   ----   ----   ----   ------  
  L1        8cy     3cy    9cy    3cy    3cy    3cy    23cy
  L2        8cy     3cy    9cy    3cy    3cy    3cy    23cy
  L3        8cy     3cy    9cy    3cy    3cy    3cy    23cy
  L4        8cy     3cy    9cy    3cy    3cy    3cy    23cy
  L5        8cy     3cy    9cy    3cy    3cy    3cy    23cy
  L6        8cy     3cy    9cy    3cy    3cy    3cy    23cy
  L7        8cy     3cy    9cy    3cy    3cy    3cy    23cy
  L8        8cy     3cy    9cy    3cy    3cy    3cy    23cy
  L9        8cy     3cy    9cy    3cy    3cy    3cy    23cy
  L10       8cy     3cy    9cy    3cy    3cy    3cy    23cy
  L11       8cy     3cy    9cy    3cy    3cy    3cy    23cy
  L12       8cy     3cy    9cy    3cy    3cy    3cy    23cy

  Total layer processing: 276 cycles across 12 sequential layer passes

  [MEDUSA]     3 draft token predictions (3 cycles)
    Predicted tokens: [148, 40, 188]

================================================================
  12-LAYER INFERENCE EMULATION RESULTS (ALL measured)
================================================================

  STAGE                    CYCLES    TIME @100MHz
  -----                    ------    ------------
  Embedding Lookup            2 cy      20 ns
  12x Transformer Layers    276 cy    2760 ns
    Per-layer average        23 cy     230 ns
  MEDUSA Prediction           3 cy      30 ns
  -----------------------------------------
  TOTAL INFERENCE           358 cy    3580 ns

  Throughput:
    Single token:    358 cycles = 3580 ns = 3.580 us
    Tokens/second:   ~279329 (100 MHz FPGA)
    MEDUSA draft:    3 tokens predicted ΓåÆ effective 837988 tok/s

  DATA TRANSFORMATION PROOF:
    Input:  Token ID 11 ΓåÆ emb = [620, 660, 700, 740, ...]
    After L1:  [402, 810, 169, 3780, ...]
    After L6:  [-764, 480, -2360, 3780, ...]
    After L12: [-328, -843, -3904, 0, ...]
    Output:    Token predictions = [148, 40, 188]

  HARDWARE USED:
    Multipliers:     0 (BitNet ternary)
    KV heads:        2 shared (vs 4 in standard)
    KV precision:    4-bit (INT4 quantized)
    Activations:     8-bit compressed
    Position enc:    Hardware RoPE
    Draft decoding:  MEDUSA 3-head

[PASS] Test 1: Embedding produced non-zero vector
[PASS] Test 2: All 12 layers completed (276 total cycles)
[PASS] Test 3: Data transforms across layers (L0 != L1 != L12)
[PASS] Test 4: MEDUSA produced 3 draft token predictions
[PASS] Test 5: Total inference = 358 cycles (reasonable for 12-layer model)

================================================================
  12-Layer Inference Emulation Tests: 5 / 5 PASSED
================================================================
TB_RESULT pass=5 fail=0
D:\Projects\BitbyBit\custom_gpu_project\tb\integration\full_model_inference_tb.v:445: $finish called at 5860000 (1ps)

Compiling demo_full_model_imprint_w4_r14 ...
Running demo_full_model_imprint_w4_r14 ...

================================================================
  MINI IMPRINT 12-LAYER INFERENCE EMULATION
  Architecture: hardwired embedding + 12x fixed-latency mini core
  Pipeline: Imprint Embedding -> 12x Mini Core -> MEDUSA
  Clock: 100 MHz | ALL numbers from simulation
================================================================

  [Embedding]  Token 11 -> imprint vector (1 cycle)
    emb_out[0:3] = [620, 660, 700, 740]

  Layer  Total   
  -----  ------  
  L1        8cy
  L2        8cy
  L3        8cy
  L4        8cy
  L5        8cy
  L6        8cy
  L7        8cy
  L8        8cy
  L9        8cy
  L10       8cy
  L11       8cy
  L12       8cy

  [MEDUSA]     3 draft token predictions (3 cycles)
    Predicted tokens: [29, 58, 88]

================================================================
  MINI IMPRINT INFERENCE RESULTS (ALL measured)
================================================================

  STAGE                    CYCLES    TIME @100MHz
  -----                    ------    ------------
  Imprint Embedding           1 cy      10 ns
  12x Mini Core Layers       96 cy     960 ns
    Per-layer average         8 cy      80 ns
  MEDUSA Prediction           3 cy      30 ns
  -----------------------------------------
  TOTAL INFERENCE           112 cy    1120 ns

  Throughput:
    Single token:    112 cycles = 1120 ns = 1.120 us
    Tokens/second:   ~892857 (100 MHz FPGA)
    MEDUSA draft:    3 tokens predicted -> effective 2678571 tok/s

[PASS] Test 1: MINI imprint embedding active and non-zero
[PASS] Test 2: 12 layers completed at fixed 8-cycle latency
[PASS] Test 3: Data transformed across layers
[PASS] Test 4: MEDUSA produced predictions
[PASS] Test 5: Total inference cycles in expected range

================================================================
  MINI Imprint Inference Tests: 5 / 5 PASSED
================================================================
D:\Projects\BitbyBit\custom_gpu_project\tb\integration\full_model_inference_imprint_tb.v:349: $finish called at 1460000 (1ps)
Running paired compare workload 4/20, pass 15/25 (measured) [token=11, pos=3]...

Compiling demo_full_model_base_w4_r15 ...
Running demo_full_model_base_w4_r15 ...

================================================================
  GPT-2 12-LAYER INFERENCE EMULATION
  Architecture: 12 transformer layers, 8-dim, 4Q/2KV heads
  Pipeline: Embedding ΓåÆ 12├ù reused [RoPEΓåÆGQAΓåÆSMΓåÆGELUΓåÆKVQΓåÆComp] ΓåÆ MEDUSA
  Clock: 100 MHz | ALL numbers from simulation
================================================================

--- Loading Model Weights ---
  Loaded: 16 token embeddings x 8 dims
  Loaded: 8 position embeddings x 8 dims
  Loaded: 3 MEDUSA head weights x 8 dims

================================================================
  INFERENCE: Token ID = 11, Position = 3
================================================================

  [Embedding]  Token 5 ΓåÆ embedding vector (2 cycle)
    emb_out[0:3] = [620, 660, 700, 740]
    emb_out[4:7] = [780, 820, 860, 900]

  Layer  RoPE     GQA    SM     GELU   KVQ    Comp   Total   
  -----  ------   ----   ----   ----   ----   ----   ------  
  L1        8cy     3cy    9cy    3cy    3cy    3cy    23cy
  L2        8cy     3cy    9cy    3cy    3cy    3cy    23cy
  L3        8cy     3cy    9cy    3cy    3cy    3cy    23cy
  L4        8cy     3cy    9cy    3cy    3cy    3cy    23cy
  L5        8cy     3cy    9cy    3cy    3cy    3cy    23cy
  L6        8cy     3cy    9cy    3cy    3cy    3cy    23cy
  L7        8cy     3cy    9cy    3cy    3cy    3cy    23cy
  L8        8cy     3cy    9cy    3cy    3cy    3cy    23cy
  L9        8cy     3cy    9cy    3cy    3cy    3cy    23cy
  L10       8cy     3cy    9cy    3cy    3cy    3cy    23cy
  L11       8cy     3cy    9cy    3cy    3cy    3cy    23cy
  L12       8cy     3cy    9cy    3cy    3cy    3cy    23cy

  Total layer processing: 276 cycles across 12 sequential layer passes

  [MEDUSA]     3 draft token predictions (3 cycles)
    Predicted tokens: [148, 40, 188]

================================================================
  12-LAYER INFERENCE EMULATION RESULTS (ALL measured)
================================================================

  STAGE                    CYCLES    TIME @100MHz
  -----                    ------    ------------
  Embedding Lookup            2 cy      20 ns
  12x Transformer Layers    276 cy    2760 ns
    Per-layer average        23 cy     230 ns
  MEDUSA Prediction           3 cy      30 ns
  -----------------------------------------
  TOTAL INFERENCE           358 cy    3580 ns

  Throughput:
    Single token:    358 cycles = 3580 ns = 3.580 us
    Tokens/second:   ~279329 (100 MHz FPGA)
    MEDUSA draft:    3 tokens predicted ΓåÆ effective 837988 tok/s

  DATA TRANSFORMATION PROOF:
    Input:  Token ID 11 ΓåÆ emb = [620, 660, 700, 740, ...]
    After L1:  [402, 810, 169, 3780, ...]
    After L6:  [-764, 480, -2360, 3780, ...]
    After L12: [-328, -843, -3904, 0, ...]
    Output:    Token predictions = [148, 40, 188]

  HARDWARE USED:
    Multipliers:     0 (BitNet ternary)
    KV heads:        2 shared (vs 4 in standard)
    KV precision:    4-bit (INT4 quantized)
    Activations:     8-bit compressed
    Position enc:    Hardware RoPE
    Draft decoding:  MEDUSA 3-head

[PASS] Test 1: Embedding produced non-zero vector
[PASS] Test 2: All 12 layers completed (276 total cycles)
[PASS] Test 3: Data transforms across layers (L0 != L1 != L12)
[PASS] Test 4: MEDUSA produced 3 draft token predictions
[PASS] Test 5: Total inference = 358 cycles (reasonable for 12-layer model)

================================================================
  12-Layer Inference Emulation Tests: 5 / 5 PASSED
================================================================
TB_RESULT pass=5 fail=0
D:\Projects\BitbyBit\custom_gpu_project\tb\integration\full_model_inference_tb.v:445: $finish called at 5860000 (1ps)

Compiling demo_full_model_imprint_w4_r15 ...
Running demo_full_model_imprint_w4_r15 ...

================================================================
  MINI IMPRINT 12-LAYER INFERENCE EMULATION
  Architecture: hardwired embedding + 12x fixed-latency mini core
  Pipeline: Imprint Embedding -> 12x Mini Core -> MEDUSA
  Clock: 100 MHz | ALL numbers from simulation
================================================================

  [Embedding]  Token 11 -> imprint vector (1 cycle)
    emb_out[0:3] = [620, 660, 700, 740]

  Layer  Total   
  -----  ------  
  L1        8cy
  L2        8cy
  L3        8cy
  L4        8cy
  L5        8cy
  L6        8cy
  L7        8cy
  L8        8cy
  L9        8cy
  L10       8cy
  L11       8cy
  L12       8cy

  [MEDUSA]     3 draft token predictions (3 cycles)
    Predicted tokens: [29, 58, 88]

================================================================
  MINI IMPRINT INFERENCE RESULTS (ALL measured)
================================================================

  STAGE                    CYCLES    TIME @100MHz
  -----                    ------    ------------
  Imprint Embedding           1 cy      10 ns
  12x Mini Core Layers       96 cy     960 ns
    Per-layer average         8 cy      80 ns
  MEDUSA Prediction           3 cy      30 ns
  -----------------------------------------
  TOTAL INFERENCE           112 cy    1120 ns

  Throughput:
    Single token:    112 cycles = 1120 ns = 1.120 us
    Tokens/second:   ~892857 (100 MHz FPGA)
    MEDUSA draft:    3 tokens predicted -> effective 2678571 tok/s

[PASS] Test 1: MINI imprint embedding active and non-zero
[PASS] Test 2: 12 layers completed at fixed 8-cycle latency
[PASS] Test 3: Data transformed across layers
[PASS] Test 4: MEDUSA produced predictions
[PASS] Test 5: Total inference cycles in expected range

================================================================
  MINI Imprint Inference Tests: 5 / 5 PASSED
================================================================
D:\Projects\BitbyBit\custom_gpu_project\tb\integration\full_model_inference_imprint_tb.v:349: $finish called at 1460000 (1ps)
Running paired compare workload 4/20, pass 16/25 (measured) [token=11, pos=3]...

Compiling demo_full_model_base_w4_r16 ...
iverilog.exe : D:\Tools\iverilog\lib\ivl\ivlpp: No input files given.
At D:\Projects\BitbyBit\custom_gpu_project\scripts\demo_day.ps1:65 char:22
+     $compileOutput = & $iverilog -g2012 -o $outBin @allFiles 2>&1
+                      ~~~~~~~~~~~~~~~~~~~~~~~~~~~~~~~~~~~~~~~~~~~~
    + CategoryInfo          : NotSpecified: (D:\Tools\iveril...ut files given. 
   :String) [], RemoteException
    + FullyQualifiedErrorId : NativeCommandError
 
run_demo.ps1 failed with exit code 1
At D:\Projects\BitbyBit\custom_gpu_project\scripts\run_production_demo.ps1:63 
char:5
+     throw "run_demo.ps1 failed with exit code $LASTEXITCODE"
+     ~~~~~~~~~~~~~~~~~~~~~~~~~~~~~~~~~~~~~~~~~~~~~~~~~~~~~~~~
    + CategoryInfo          : OperationStopped: (run_demo.ps1 failed with exit 
    code 1:String) [], RuntimeException
    + FullyQualifiedErrorId : run_demo.ps1 failed with exit code 1
 
=== [production_benchmark] FAIL (76.44s) ===
run_production_demo.ps1 failed with exit code 1
At D:\Projects\BitbyBit\custom_gpu_project\scripts\validate_full_chain.ps1:119 
char:13
+             throw "run_production_demo.ps1 failed with exit code $LAS ...
+             ~~~~~~~~~~~~~~~~~~~~~~~~~~~~~~~~~~~~~~~~~~~~~~~~~~~~~~~~~
    + CategoryInfo          : OperationStopped: (run_production_...ith exit co 
   de 1:String) [], RuntimeException
    + FullyQualifiedErrorId : run_production_demo.ps1 failed with exit code 1
 
